PA,[M-H]-,[M-T1Ketene]-,[M-T2Ketene]-,[M-T1RCOOH]-,[M-T2RCOOH]-,[GlyceroPA-CH3-H2O]-,[T1_RCOO]-,[T2_RCOO]-,[Glycerol-3-phosphate]-,[Glycerol-3-phosphate-H2O]-,[H2PO4]-,[PO3]-
PA(12:0_13:0),549.35626,367.18919,353.17349,349.17863,335.16293,224.06881,199.17035,213.18605,171.00644,152.99586,96.96964,78.95852
PA(8:0_8:0),423.21536,297.11089,297.11089,279.10033,279.10033,224.06881,143.10775,143.10775,171.00644,152.99586,96.96964,78.95852
PA(8:0_10:0),451.24666,325.14219,297.11089,307.13163,279.10033,224.06881,143.10775,171.13905,171.00644,152.99586,96.96964,78.95852
PA(8:0_12:0),479.27796,353.17349,297.11089,335.16293,279.10033,224.06881,143.10775,199.17035,171.00644,152.99586,96.96964,78.95852
PA(8:0_13:0),493.29366,367.18919,297.11089,349.17863,279.10033,224.06881,143.10775,213.18605,171.00644,152.99586,96.96964,78.95852
PA(8:0_14:0),507.30926,381.20479,297.11089,363.19423,279.10033,224.06881,143.10775,227.20165,171.00644,152.99586,96.96964,78.95852
PA(8:0_14:1),505.29366,379.18919,297.11089,361.17863,279.10033,224.06881,143.10775,225.18605,171.00644,152.99586,96.96964,78.95852
PA(8:0_15:0),521.32496,395.22049,297.11089,377.20993,279.10033,224.06881,143.10775,241.21735,171.00644,152.99586,96.96964,78.95852
PA(8:0_15:1),519.30926,393.20479,297.11089,375.19423,279.10033,224.06881,143.10775,239.20165,171.00644,152.99586,96.96964,78.95852
PA(8:0_16:0),535.34056,409.23609,297.11089,391.22553,279.10033,224.06881,143.10775,255.23295,171.00644,152.99586,96.96964,78.95852
PA(8:0_16:1),533.32496,407.22049,297.11089,389.20993,279.10033,224.06881,143.10775,253.21735,171.00644,152.99586,96.96964,78.95852
PA(8:0_17:0),549.35626,423.25179,297.11089,405.24123,279.10033,224.06881,143.10775,269.24865,171.00644,152.99586,96.96964,78.95852
PA(8:0_17:1),547.34056,421.23609,297.11089,403.22553,279.10033,224.06881,143.10775,267.23295,171.00644,152.99586,96.96964,78.95852
PA(8:0_17:2),545.32496,419.22049,297.11089,401.20993,279.10033,224.06881,143.10775,265.21735,171.00644,152.99586,96.96964,78.95852
PA(8:0_18:0),563.37186,437.26739,297.11089,419.25683,279.10033,224.06881,143.10775,283.26425,171.00644,152.99586,96.96964,78.95852
PA(8:0_18:1),561.35626,435.25179,297.11089,417.24123,279.10033,224.06881,143.10775,281.24865,171.00644,152.99586,96.96964,78.95852
PA(8:0_18:2),559.34056,433.23609,297.11089,415.22553,279.10033,224.06881,143.10775,279.23295,171.00644,152.99586,96.96964,78.95852
PA(8:0_18:3),557.32496,431.22049,297.11089,413.20993,279.10033,224.06881,143.10775,277.21735,171.00644,152.99586,96.96964,78.95852
PA(8:0_18:4),555.30926,429.20479,297.11089,411.19423,279.10033,224.06881,143.10775,275.20165,171.00644,152.99586,96.96964,78.95852
PA(8:0_19:0),577.38756,451.28309,297.11089,433.27253,279.10033,224.06881,143.10775,297.27995,171.00644,152.99586,96.96964,78.95852
PA(8:0_20:0),591.40316,465.29869,297.11089,447.28813,279.10033,224.06881,143.10775,311.29555,171.00644,152.99586,96.96964,78.95852
PA(8:0_20:1),589.38756,463.28309,297.11089,445.27253,279.10033,224.06881,143.10775,309.27995,171.00644,152.99586,96.96964,78.95852
PA(8:0_20:2),587.37186,461.26739,297.11089,443.25683,279.10033,224.06881,143.10775,307.26425,171.00644,152.99586,96.96964,78.95852
PA(8:0_20:3),585.35626,459.25179,297.11089,441.24123,279.10033,224.06881,143.10775,305.24865,171.00644,152.99586,96.96964,78.95852
PA(8:0_20:4),583.34056,457.23609,297.11089,439.22553,279.10033,224.06881,143.10775,303.23295,171.00644,152.99586,96.96964,78.95852
PA(8:0_20:5),581.32496,455.22049,297.11089,437.20993,279.10033,224.06881,143.10775,301.21735,171.00644,152.99586,96.96964,78.95852
PA(8:0_21:0),605.41886,479.31439,297.11089,461.30383,279.10033,224.06881,143.10775,325.31125,171.00644,152.99586,96.96964,78.95852
PA(8:0_22:0),619.43446,493.32999,297.11089,475.31943,279.10033,224.06881,143.10775,339.32685,171.00644,152.99586,96.96964,78.95852
PA(8:0_22:1),617.41886,491.31439,297.11089,473.30383,279.10033,224.06881,143.10775,337.31125,171.00644,152.99586,96.96964,78.95852
PA(8:0_22:2),615.40316,489.29869,297.11089,471.28813,279.10033,224.06881,143.10775,335.29555,171.00644,152.99586,96.96964,78.95852
PA(8:0_22:3),613.38756,487.28309,297.11089,469.27253,279.10033,224.06881,143.10775,333.27995,171.00644,152.99586,96.96964,78.95852
PA(8:0_22:4),611.37186,485.26739,297.11089,467.25683,279.10033,224.06881,143.10775,331.26425,171.00644,152.99586,96.96964,78.95852
PA(8:0_22:5),609.35626,483.25179,297.11089,465.24123,279.10033,224.06881,143.10775,329.24865,171.00644,152.99586,96.96964,78.95852
PA(8:0_22:6),607.34056,481.23609,297.11089,463.22553,279.10033,224.06881,143.10775,327.23295,171.00644,152.99586,96.96964,78.95852
PA(8:0_23:0),633.45016,507.34569,297.11089,489.33513,279.10033,224.06881,143.10775,353.34255,171.00644,152.99586,96.96964,78.95852
PA(8:0_24:0),647.46576,521.36129,297.11089,503.35073,279.10033,224.06881,143.10775,367.35815,171.00644,152.99586,96.96964,78.95852
PA(8:0_24:1),645.45016,519.34569,297.11089,501.33513,279.10033,224.06881,143.10775,365.34255,171.00644,152.99586,96.96964,78.95852
PA(8:0_25:0),661.48146,535.37699,297.11089,517.36643,279.10033,224.06881,143.10775,381.37385,171.00644,152.99586,96.96964,78.95852
PA(8:0_26:0),675.49706,549.39259,297.11089,531.38203,279.10033,224.06881,143.10775,395.38945,171.00644,152.99586,96.96964,78.95852
PA(10:0_10:0),479.27796,325.14219,325.14219,307.13163,307.13163,224.06881,171.13905,171.13905,171.00644,152.99586,96.96964,78.95852
PA(10:0_12:0),507.30926,353.17349,325.14219,335.16293,307.13163,224.06881,171.13905,199.17035,171.00644,152.99586,96.96964,78.95852
PA(10:0_13:0),521.32496,367.18919,325.14219,349.17863,307.13163,224.06881,171.13905,213.18605,171.00644,152.99586,96.96964,78.95852
PA(10:0_14:0),535.34056,381.20479,325.14219,363.19423,307.13163,224.06881,171.13905,227.20165,171.00644,152.99586,96.96964,78.95852
PA(10:0_14:1),533.32496,379.18919,325.14219,361.17863,307.13163,224.06881,171.13905,225.18605,171.00644,152.99586,96.96964,78.95852
PA(10:0_15:0),549.35626,395.22049,325.14219,377.20993,307.13163,224.06881,171.13905,241.21735,171.00644,152.99586,96.96964,78.95852
PA(10:0_15:1),547.34056,393.20479,325.14219,375.19423,307.13163,224.06881,171.13905,239.20165,171.00644,152.99586,96.96964,78.95852
PA(10:0_16:0),563.37186,409.23609,325.14219,391.22553,307.13163,224.06881,171.13905,255.23295,171.00644,152.99586,96.96964,78.95852
PA(10:0_16:1),561.35626,407.22049,325.14219,389.20993,307.13163,224.06881,171.13905,253.21735,171.00644,152.99586,96.96964,78.95852
PA(10:0_17:0),577.38756,423.25179,325.14219,405.24123,307.13163,224.06881,171.13905,269.24865,171.00644,152.99586,96.96964,78.95852
PA(10:0_17:1),575.37186,421.23609,325.14219,403.22553,307.13163,224.06881,171.13905,267.23295,171.00644,152.99586,96.96964,78.95852
PA(10:0_17:2),573.35626,419.22049,325.14219,401.20993,307.13163,224.06881,171.13905,265.21735,171.00644,152.99586,96.96964,78.95852
PA(10:0_18:0),591.40316,437.26739,325.14219,419.25683,307.13163,224.06881,171.13905,283.26425,171.00644,152.99586,96.96964,78.95852
PA(10:0_18:1),589.38756,435.25179,325.14219,417.24123,307.13163,224.06881,171.13905,281.24865,171.00644,152.99586,96.96964,78.95852
PA(10:0_18:2),587.37186,433.23609,325.14219,415.22553,307.13163,224.06881,171.13905,279.23295,171.00644,152.99586,96.96964,78.95852
PA(10:0_18:3),585.35626,431.22049,325.14219,413.20993,307.13163,224.06881,171.13905,277.21735,171.00644,152.99586,96.96964,78.95852
PA(10:0_18:4),583.34056,429.20479,325.14219,411.19423,307.13163,224.06881,171.13905,275.20165,171.00644,152.99586,96.96964,78.95852
PA(10:0_19:0),605.41886,451.28309,325.14219,433.27253,307.13163,224.06881,171.13905,297.27995,171.00644,152.99586,96.96964,78.95852
PA(10:0_20:0),619.43446,465.29869,325.14219,447.28813,307.13163,224.06881,171.13905,311.29555,171.00644,152.99586,96.96964,78.95852
PA(10:0_20:1),617.41886,463.28309,325.14219,445.27253,307.13163,224.06881,171.13905,309.27995,171.00644,152.99586,96.96964,78.95852
PA(10:0_20:2),615.40316,461.26739,325.14219,443.25683,307.13163,224.06881,171.13905,307.26425,171.00644,152.99586,96.96964,78.95852
PA(10:0_20:3),613.38756,459.25179,325.14219,441.24123,307.13163,224.06881,171.13905,305.24865,171.00644,152.99586,96.96964,78.95852
PA(10:0_20:4),611.37186,457.23609,325.14219,439.22553,307.13163,224.06881,171.13905,303.23295,171.00644,152.99586,96.96964,78.95852
PA(10:0_20:5),609.35626,455.22049,325.14219,437.20993,307.13163,224.06881,171.13905,301.21735,171.00644,152.99586,96.96964,78.95852
PA(10:0_21:0),633.45016,479.31439,325.14219,461.30383,307.13163,224.06881,171.13905,325.31125,171.00644,152.99586,96.96964,78.95852
PA(10:0_22:0),647.46576,493.32999,325.14219,475.31943,307.13163,224.06881,171.13905,339.32685,171.00644,152.99586,96.96964,78.95852
PA(10:0_22:1),645.45016,491.31439,325.14219,473.30383,307.13163,224.06881,171.13905,337.31125,171.00644,152.99586,96.96964,78.95852
PA(10:0_22:2),643.43446,489.29869,325.14219,471.28813,307.13163,224.06881,171.13905,335.29555,171.00644,152.99586,96.96964,78.95852
PA(10:0_22:3),641.41886,487.28309,325.14219,469.27253,307.13163,224.06881,171.13905,333.27995,171.00644,152.99586,96.96964,78.95852
PA(10:0_22:4),639.40316,485.26739,325.14219,467.25683,307.13163,224.06881,171.13905,331.26425,171.00644,152.99586,96.96964,78.95852
PA(10:0_22:5),637.38756,483.25179,325.14219,465.24123,307.13163,224.06881,171.13905,329.24865,171.00644,152.99586,96.96964,78.95852
PA(10:0_22:6),635.37186,481.23609,325.14219,463.22553,307.13163,224.06881,171.13905,327.23295,171.00644,152.99586,96.96964,78.95852
PA(10:0_23:0),661.48146,507.34569,325.14219,489.33513,307.13163,224.06881,171.13905,353.34255,171.00644,152.99586,96.96964,78.95852
PA(10:0_24:0),675.49706,521.36129,325.14219,503.35073,307.13163,224.06881,171.13905,367.35815,171.00644,152.99586,96.96964,78.95852
PA(10:0_24:1),673.48146,519.34569,325.14219,501.33513,307.13163,224.06881,171.13905,365.34255,171.00644,152.99586,96.96964,78.95852
PA(10:0_25:0),689.51276,535.37699,325.14219,517.36643,307.13163,224.06881,171.13905,381.37385,171.00644,152.99586,96.96964,78.95852
PA(10:0_26:0),703.52836,549.39259,325.14219,531.38203,307.13163,224.06881,171.13905,395.38945,171.00644,152.99586,96.96964,78.95852
PA(12:0_12:0),535.34056,353.17349,353.17349,335.16293,335.16293,224.06881,199.17035,199.17035,171.00644,152.99586,96.96964,78.95852
PA(12:0_13:0),549.35626,367.18919,353.17349,349.17863,335.16293,224.06881,199.17035,213.18605,171.00644,152.99586,96.96964,78.95852
PA(12:0_14:0),563.37186,381.20479,353.17349,363.19423,335.16293,224.06881,199.17035,227.20165,171.00644,152.99586,96.96964,78.95852
PA(12:0_14:1),561.35626,379.18919,353.17349,361.17863,335.16293,224.06881,199.17035,225.18605,171.00644,152.99586,96.96964,78.95852
PA(12:0_15:0),577.38756,395.22049,353.17349,377.20993,335.16293,224.06881,199.17035,241.21735,171.00644,152.99586,96.96964,78.95852
PA(12:0_15:1),575.37186,393.20479,353.17349,375.19423,335.16293,224.06881,199.17035,239.20165,171.00644,152.99586,96.96964,78.95852
PA(12:0_16:0),591.40316,409.23609,353.17349,391.22553,335.16293,224.06881,199.17035,255.23295,171.00644,152.99586,96.96964,78.95852
PA(12:0_16:1),589.38756,407.22049,353.17349,389.20993,335.16293,224.06881,199.17035,253.21735,171.00644,152.99586,96.96964,78.95852
PA(12:0_17:0),605.41886,423.25179,353.17349,405.24123,335.16293,224.06881,199.17035,269.24865,171.00644,152.99586,96.96964,78.95852
PA(12:0_17:1),603.40316,421.23609,353.17349,403.22553,335.16293,224.06881,199.17035,267.23295,171.00644,152.99586,96.96964,78.95852
PA(12:0_17:2),601.38756,419.22049,353.17349,401.20993,335.16293,224.06881,199.17035,265.21735,171.00644,152.99586,96.96964,78.95852
PA(12:0_18:0),619.43446,437.26739,353.17349,419.25683,335.16293,224.06881,199.17035,283.26425,171.00644,152.99586,96.96964,78.95852
PA(12:0_18:1),617.41886,435.25179,353.17349,417.24123,335.16293,224.06881,199.17035,281.24865,171.00644,152.99586,96.96964,78.95852
PA(12:0_18:2),615.40316,433.23609,353.17349,415.22553,335.16293,224.06881,199.17035,279.23295,171.00644,152.99586,96.96964,78.95852
PA(12:0_18:3),613.38756,431.22049,353.17349,413.20993,335.16293,224.06881,199.17035,277.21735,171.00644,152.99586,96.96964,78.95852
PA(12:0_18:4),611.37186,429.20479,353.17349,411.19423,335.16293,224.06881,199.17035,275.20165,171.00644,152.99586,96.96964,78.95852
PA(12:0_19:0),633.45016,451.28309,353.17349,433.27253,335.16293,224.06881,199.17035,297.27995,171.00644,152.99586,96.96964,78.95852
PA(12:0_20:0),647.46576,465.29869,353.17349,447.28813,335.16293,224.06881,199.17035,311.29555,171.00644,152.99586,96.96964,78.95852
PA(12:0_20:1),645.45016,463.28309,353.17349,445.27253,335.16293,224.06881,199.17035,309.27995,171.00644,152.99586,96.96964,78.95852
PA(12:0_20:2),643.43446,461.26739,353.17349,443.25683,335.16293,224.06881,199.17035,307.26425,171.00644,152.99586,96.96964,78.95852
PA(12:0_20:3),641.41886,459.25179,353.17349,441.24123,335.16293,224.06881,199.17035,305.24865,171.00644,152.99586,96.96964,78.95852
PA(12:0_20:4),639.40316,457.23609,353.17349,439.22553,335.16293,224.06881,199.17035,303.23295,171.00644,152.99586,96.96964,78.95852
PA(12:0_20:5),637.38756,455.22049,353.17349,437.20993,335.16293,224.06881,199.17035,301.21735,171.00644,152.99586,96.96964,78.95852
PA(12:0_21:0),661.48146,479.31439,353.17349,461.30383,335.16293,224.06881,199.17035,325.31125,171.00644,152.99586,96.96964,78.95852
PA(12:0_22:0),675.49706,493.32999,353.17349,475.31943,335.16293,224.06881,199.17035,339.32685,171.00644,152.99586,96.96964,78.95852
PA(12:0_22:1),673.48146,491.31439,353.17349,473.30383,335.16293,224.06881,199.17035,337.31125,171.00644,152.99586,96.96964,78.95852
PA(12:0_22:2),671.46576,489.29869,353.17349,471.28813,335.16293,224.06881,199.17035,335.29555,171.00644,152.99586,96.96964,78.95852
PA(12:0_22:3),669.45016,487.28309,353.17349,469.27253,335.16293,224.06881,199.17035,333.27995,171.00644,152.99586,96.96964,78.95852
PA(12:0_22:4),667.43446,485.26739,353.17349,467.25683,335.16293,224.06881,199.17035,331.26425,171.00644,152.99586,96.96964,78.95852
PA(12:0_22:5),665.41886,483.25179,353.17349,465.24123,335.16293,224.06881,199.17035,329.24865,171.00644,152.99586,96.96964,78.95852
PA(12:0_22:6),663.40316,481.23609,353.17349,463.22553,335.16293,224.06881,199.17035,327.23295,171.00644,152.99586,96.96964,78.95852
PA(12:0_23:0),689.51276,507.34569,353.17349,489.33513,335.16293,224.06881,199.17035,353.34255,171.00644,152.99586,96.96964,78.95852
PA(12:0_24:0),703.52836,521.36129,353.17349,503.35073,335.16293,224.06881,199.17035,367.35815,171.00644,152.99586,96.96964,78.95852
PA(12:0_24:1),701.51276,519.34569,353.17349,501.33513,335.16293,224.06881,199.17035,365.34255,171.00644,152.99586,96.96964,78.95852
PA(12:0_25:0),717.54406,535.37699,353.17349,517.36643,335.16293,224.06881,199.17035,381.37385,171.00644,152.99586,96.96964,78.95852
PA(12:0_26:0),731.55966,549.39259,353.17349,531.38203,335.16293,224.06881,199.17035,395.38945,171.00644,152.99586,96.96964,78.95852
PA(13:0_13:0),563.37196,367.18919,367.18919,349.17863,349.17863,224.06881,213.18605,213.18605,171.00644,152.99586,96.96964,78.95852
PA(13:0_14:0),577.38756,381.20479,367.18919,363.19423,349.17863,224.06881,213.18605,227.20165,171.00644,152.99586,96.96964,78.95852
PA(13:0_14:1),575.37196,379.18919,367.18919,361.17863,349.17863,224.06881,213.18605,225.18605,171.00644,152.99586,96.96964,78.95852
PA(13:0_15:0),591.40326,395.22049,367.18919,377.20993,349.17863,224.06881,213.18605,241.21735,171.00644,152.99586,96.96964,78.95852
PA(13:0_15:1),589.38756,393.20479,367.18919,375.19423,349.17863,224.06881,213.18605,239.20165,171.00644,152.99586,96.96964,78.95852
PA(13:0_16:0),605.41886,409.23609,367.18919,391.22553,349.17863,224.06881,213.18605,255.23295,171.00644,152.99586,96.96964,78.95852
PA(13:0_16:1),603.40326,407.22049,367.18919,389.20993,349.17863,224.06881,213.18605,253.21735,171.00644,152.99586,96.96964,78.95852
PA(13:0_17:0),619.43456,423.25179,367.18919,405.24123,349.17863,224.06881,213.18605,269.24865,171.00644,152.99586,96.96964,78.95852
PA(13:0_17:1),617.41886,421.23609,367.18919,403.22553,349.17863,224.06881,213.18605,267.23295,171.00644,152.99586,96.96964,78.95852
PA(13:0_17:2),615.40326,419.22049,367.18919,401.20993,349.17863,224.06881,213.18605,265.21735,171.00644,152.99586,96.96964,78.95852
PA(13:0_18:0),633.45016,437.26739,367.18919,419.25683,349.17863,224.06881,213.18605,283.26425,171.00644,152.99586,96.96964,78.95852
PA(13:0_18:1),631.43456,435.25179,367.18919,417.24123,349.17863,224.06881,213.18605,281.24865,171.00644,152.99586,96.96964,78.95852
PA(13:0_18:2),629.41886,433.23609,367.18919,415.22553,349.17863,224.06881,213.18605,279.23295,171.00644,152.99586,96.96964,78.95852
PA(13:0_18:3),627.40326,431.22049,367.18919,413.20993,349.17863,224.06881,213.18605,277.21735,171.00644,152.99586,96.96964,78.95852
PA(13:0_18:4),625.38756,429.20479,367.18919,411.19423,349.17863,224.06881,213.18605,275.20165,171.00644,152.99586,96.96964,78.95852
PA(13:0_19:0),647.46586,451.28309,367.18919,433.27253,349.17863,224.06881,213.18605,297.27995,171.00644,152.99586,96.96964,78.95852
PA(13:0_20:0),661.48146,465.29869,367.18919,447.28813,349.17863,224.06881,213.18605,311.29555,171.00644,152.99586,96.96964,78.95852
PA(13:0_20:1),659.46586,463.28309,367.18919,445.27253,349.17863,224.06881,213.18605,309.27995,171.00644,152.99586,96.96964,78.95852
PA(13:0_20:2),657.45016,461.26739,367.18919,443.25683,349.17863,224.06881,213.18605,307.26425,171.00644,152.99586,96.96964,78.95852
PA(13:0_20:3),655.43456,459.25179,367.18919,441.24123,349.17863,224.06881,213.18605,305.24865,171.00644,152.99586,96.96964,78.95852
PA(13:0_20:4),653.41886,457.23609,367.18919,439.22553,349.17863,224.06881,213.18605,303.23295,171.00644,152.99586,96.96964,78.95852
PA(13:0_20:5),651.40326,455.22049,367.18919,437.20993,349.17863,224.06881,213.18605,301.21735,171.00644,152.99586,96.96964,78.95852
PA(13:0_21:0),675.49716,479.31439,367.18919,461.30383,349.17863,224.06881,213.18605,325.31125,171.00644,152.99586,96.96964,78.95852
PA(13:0_22:0),689.51276,493.32999,367.18919,475.31943,349.17863,224.06881,213.18605,339.32685,171.00644,152.99586,96.96964,78.95852
PA(13:0_22:1),687.49716,491.31439,367.18919,473.30383,349.17863,224.06881,213.18605,337.31125,171.00644,152.99586,96.96964,78.95852
PA(13:0_22:2),685.48146,489.29869,367.18919,471.28813,349.17863,224.06881,213.18605,335.29555,171.00644,152.99586,96.96964,78.95852
PA(13:0_22:3),683.46586,487.28309,367.18919,469.27253,349.17863,224.06881,213.18605,333.27995,171.00644,152.99586,96.96964,78.95852
PA(13:0_22:4),681.45016,485.26739,367.18919,467.25683,349.17863,224.06881,213.18605,331.26425,171.00644,152.99586,96.96964,78.95852
PA(13:0_22:5),679.43456,483.25179,367.18919,465.24123,349.17863,224.06881,213.18605,329.24865,171.00644,152.99586,96.96964,78.95852
PA(13:0_22:6),677.41886,481.23609,367.18919,463.22553,349.17863,224.06881,213.18605,327.23295,171.00644,152.99586,96.96964,78.95852
PA(13:0_23:0),703.52846,507.34569,367.18919,489.33513,349.17863,224.06881,213.18605,353.34255,171.00644,152.99586,96.96964,78.95852
PA(13:0_24:0),717.54406,521.36129,367.18919,503.35073,349.17863,224.06881,213.18605,367.35815,171.00644,152.99586,96.96964,78.95852
PA(13:0_24:1),715.52846,519.34569,367.18919,501.33513,349.17863,224.06881,213.18605,365.34255,171.00644,152.99586,96.96964,78.95852
PA(13:0_25:0),731.55976,535.37699,367.18919,517.36643,349.17863,224.06881,213.18605,381.37385,171.00644,152.99586,96.96964,78.95852
PA(13:0_26:0),745.57536,549.39259,367.18919,531.38203,349.17863,224.06881,213.18605,395.38945,171.00644,152.99586,96.96964,78.95852
PA(14:0_14:0),591.40316,381.20479,381.20479,363.19423,363.19423,224.06881,227.20165,227.20165,171.00644,152.99586,96.96964,78.95852
PA(14:0_14:1),589.38756,379.18919,381.20479,361.17863,363.19423,224.06881,227.20165,225.18605,171.00644,152.99586,96.96964,78.95852
PA(14:0_15:0),605.41886,395.22049,381.20479,377.20993,363.19423,224.06881,227.20165,241.21735,171.00644,152.99586,96.96964,78.95852
PA(14:0_15:1),603.40316,393.20479,381.20479,375.19423,363.19423,224.06881,227.20165,239.20165,171.00644,152.99586,96.96964,78.95852
PA(14:0_16:0),619.43446,409.23609,381.20479,391.22553,363.19423,224.06881,227.20165,255.23295,171.00644,152.99586,96.96964,78.95852
PA(14:0_16:1),617.41886,407.22049,381.20479,389.20993,363.19423,224.06881,227.20165,253.21735,171.00644,152.99586,96.96964,78.95852
PA(14:0_17:0),633.45016,423.25179,381.20479,405.24123,363.19423,224.06881,227.20165,269.24865,171.00644,152.99586,96.96964,78.95852
PA(14:0_17:1),631.43446,421.23609,381.20479,403.22553,363.19423,224.06881,227.20165,267.23295,171.00644,152.99586,96.96964,78.95852
PA(14:0_17:2),629.41886,419.22049,381.20479,401.20993,363.19423,224.06881,227.20165,265.21735,171.00644,152.99586,96.96964,78.95852
PA(14:0_18:0),647.46576,437.26739,381.20479,419.25683,363.19423,224.06881,227.20165,283.26425,171.00644,152.99586,96.96964,78.95852
PA(14:0_18:1),645.45016,435.25179,381.20479,417.24123,363.19423,224.06881,227.20165,281.24865,171.00644,152.99586,96.96964,78.95852
PA(14:0_18:2),643.43446,433.23609,381.20479,415.22553,363.19423,224.06881,227.20165,279.23295,171.00644,152.99586,96.96964,78.95852
PA(14:0_18:3),641.41886,431.22049,381.20479,413.20993,363.19423,224.06881,227.20165,277.21735,171.00644,152.99586,96.96964,78.95852
PA(14:0_18:4),639.40316,429.20479,381.20479,411.19423,363.19423,224.06881,227.20165,275.20165,171.00644,152.99586,96.96964,78.95852
PA(14:0_19:0),661.48146,451.28309,381.20479,433.27253,363.19423,224.06881,227.20165,297.27995,171.00644,152.99586,96.96964,78.95852
PA(14:0_20:0),675.49706,465.29869,381.20479,447.28813,363.19423,224.06881,227.20165,311.29555,171.00644,152.99586,96.96964,78.95852
PA(14:0_20:1),673.48146,463.28309,381.20479,445.27253,363.19423,224.06881,227.20165,309.27995,171.00644,152.99586,96.96964,78.95852
PA(14:0_20:2),671.46576,461.26739,381.20479,443.25683,363.19423,224.06881,227.20165,307.26425,171.00644,152.99586,96.96964,78.95852
PA(14:0_20:3),669.45016,459.25179,381.20479,441.24123,363.19423,224.06881,227.20165,305.24865,171.00644,152.99586,96.96964,78.95852
PA(14:0_20:4),667.43446,457.23609,381.20479,439.22553,363.19423,224.06881,227.20165,303.23295,171.00644,152.99586,96.96964,78.95852
PA(14:0_20:5),665.41886,455.22049,381.20479,437.20993,363.19423,224.06881,227.20165,301.21735,171.00644,152.99586,96.96964,78.95852
PA(14:0_21:0),689.51276,479.31439,381.20479,461.30383,363.19423,224.06881,227.20165,325.31125,171.00644,152.99586,96.96964,78.95852
PA(14:0_22:0),703.52836,493.32999,381.20479,475.31943,363.19423,224.06881,227.20165,339.32685,171.00644,152.99586,96.96964,78.95852
PA(14:0_22:1),701.51276,491.31439,381.20479,473.30383,363.19423,224.06881,227.20165,337.31125,171.00644,152.99586,96.96964,78.95852
PA(14:0_22:2),699.49706,489.29869,381.20479,471.28813,363.19423,224.06881,227.20165,335.29555,171.00644,152.99586,96.96964,78.95852
PA(14:0_22:3),697.48146,487.28309,381.20479,469.27253,363.19423,224.06881,227.20165,333.27995,171.00644,152.99586,96.96964,78.95852
PA(14:0_22:4),695.46576,485.26739,381.20479,467.25683,363.19423,224.06881,227.20165,331.26425,171.00644,152.99586,96.96964,78.95852
PA(14:0_22:5),693.45016,483.25179,381.20479,465.24123,363.19423,224.06881,227.20165,329.24865,171.00644,152.99586,96.96964,78.95852
PA(14:0_22:6),691.43446,481.23609,381.20479,463.22553,363.19423,224.06881,227.20165,327.23295,171.00644,152.99586,96.96964,78.95852
PA(14:0_23:0),717.54406,507.34569,381.20479,489.33513,363.19423,224.06881,227.20165,353.34255,171.00644,152.99586,96.96964,78.95852
PA(14:0_24:0),731.55966,521.36129,381.20479,503.35073,363.19423,224.06881,227.20165,367.35815,171.00644,152.99586,96.96964,78.95852
PA(14:0_24:1),729.54406,519.34569,381.20479,501.33513,363.19423,224.06881,227.20165,365.34255,171.00644,152.99586,96.96964,78.95852
PA(14:0_25:0),745.57536,535.37699,381.20479,517.36643,363.19423,224.06881,227.20165,381.37385,171.00644,152.99586,96.96964,78.95852
PA(14:0_26:0),759.59096,549.39259,381.20479,531.38203,363.19423,224.06881,227.20165,395.38945,171.00644,152.99586,96.96964,78.95852
PA(14:1_14:1),587.37196,379.18919,379.18919,361.17863,361.17863,224.06881,225.18605,225.18605,171.00644,152.99586,96.96964,78.95852
PA(14:1_15:0),603.40326,395.22049,379.18919,377.20993,361.17863,224.06881,225.18605,241.21735,171.00644,152.99586,96.96964,78.95852
PA(14:1_15:1),601.38756,393.20479,379.18919,375.19423,361.17863,224.06881,225.18605,239.20165,171.00644,152.99586,96.96964,78.95852
PA(14:1_16:0),617.41886,409.23609,379.18919,391.22553,361.17863,224.06881,225.18605,255.23295,171.00644,152.99586,96.96964,78.95852
PA(14:1_16:1),615.40326,407.22049,379.18919,389.20993,361.17863,224.06881,225.18605,253.21735,171.00644,152.99586,96.96964,78.95852
PA(14:1_17:0),631.43456,423.25179,379.18919,405.24123,361.17863,224.06881,225.18605,269.24865,171.00644,152.99586,96.96964,78.95852
PA(14:1_17:1),629.41886,421.23609,379.18919,403.22553,361.17863,224.06881,225.18605,267.23295,171.00644,152.99586,96.96964,78.95852
PA(14:1_17:2),627.40326,419.22049,379.18919,401.20993,361.17863,224.06881,225.18605,265.21735,171.00644,152.99586,96.96964,78.95852
PA(14:1_18:0),645.45016,437.26739,379.18919,419.25683,361.17863,224.06881,225.18605,283.26425,171.00644,152.99586,96.96964,78.95852
PA(14:1_18:1),643.43456,435.25179,379.18919,417.24123,361.17863,224.06881,225.18605,281.24865,171.00644,152.99586,96.96964,78.95852
PA(14:1_18:2),641.41886,433.23609,379.18919,415.22553,361.17863,224.06881,225.18605,279.23295,171.00644,152.99586,96.96964,78.95852
PA(14:1_18:3),639.40326,431.22049,379.18919,413.20993,361.17863,224.06881,225.18605,277.21735,171.00644,152.99586,96.96964,78.95852
PA(14:1_18:4),637.38756,429.20479,379.18919,411.19423,361.17863,224.06881,225.18605,275.20165,171.00644,152.99586,96.96964,78.95852
PA(14:1_19:0),659.46586,451.28309,379.18919,433.27253,361.17863,224.06881,225.18605,297.27995,171.00644,152.99586,96.96964,78.95852
PA(14:1_20:0),673.48146,465.29869,379.18919,447.28813,361.17863,224.06881,225.18605,311.29555,171.00644,152.99586,96.96964,78.95852
PA(14:1_20:1),671.46586,463.28309,379.18919,445.27253,361.17863,224.06881,225.18605,309.27995,171.00644,152.99586,96.96964,78.95852
PA(14:1_20:2),669.45016,461.26739,379.18919,443.25683,361.17863,224.06881,225.18605,307.26425,171.00644,152.99586,96.96964,78.95852
PA(14:1_20:3),667.43456,459.25179,379.18919,441.24123,361.17863,224.06881,225.18605,305.24865,171.00644,152.99586,96.96964,78.95852
PA(14:1_20:4),665.41886,457.23609,379.18919,439.22553,361.17863,224.06881,225.18605,303.23295,171.00644,152.99586,96.96964,78.95852
PA(14:1_20:5),663.40326,455.22049,379.18919,437.20993,361.17863,224.06881,225.18605,301.21735,171.00644,152.99586,96.96964,78.95852
PA(14:1_21:0),687.49716,479.31439,379.18919,461.30383,361.17863,224.06881,225.18605,325.31125,171.00644,152.99586,96.96964,78.95852
PA(14:1_22:0),701.51276,493.32999,379.18919,475.31943,361.17863,224.06881,225.18605,339.32685,171.00644,152.99586,96.96964,78.95852
PA(14:1_22:1),699.49716,491.31439,379.18919,473.30383,361.17863,224.06881,225.18605,337.31125,171.00644,152.99586,96.96964,78.95852
PA(14:1_22:2),697.48146,489.29869,379.18919,471.28813,361.17863,224.06881,225.18605,335.29555,171.00644,152.99586,96.96964,78.95852
PA(14:1_22:3),695.46586,487.28309,379.18919,469.27253,361.17863,224.06881,225.18605,333.27995,171.00644,152.99586,96.96964,78.95852
PA(14:1_22:4),693.45016,485.26739,379.18919,467.25683,361.17863,224.06881,225.18605,331.26425,171.00644,152.99586,96.96964,78.95852
PA(14:1_22:5),691.43456,483.25179,379.18919,465.24123,361.17863,224.06881,225.18605,329.24865,171.00644,152.99586,96.96964,78.95852
PA(14:1_22:6),689.41886,481.23609,379.18919,463.22553,361.17863,224.06881,225.18605,327.23295,171.00644,152.99586,96.96964,78.95852
PA(14:1_23:0),715.52846,507.34569,379.18919,489.33513,361.17863,224.06881,225.18605,353.34255,171.00644,152.99586,96.96964,78.95852
PA(14:1_24:0),729.54406,521.36129,379.18919,503.35073,361.17863,224.06881,225.18605,367.35815,171.00644,152.99586,96.96964,78.95852
PA(14:1_24:1),727.52846,519.34569,379.18919,501.33513,361.17863,224.06881,225.18605,365.34255,171.00644,152.99586,96.96964,78.95852
PA(14:1_25:0),743.55976,535.37699,379.18919,517.36643,361.17863,224.06881,225.18605,381.37385,171.00644,152.99586,96.96964,78.95852
PA(14:1_26:0),757.57536,549.39259,379.18919,531.38203,361.17863,224.06881,225.18605,395.38945,171.00644,152.99586,96.96964,78.95852
PA(15:0_15:0),619.43456,395.22049,395.22049,377.20993,377.20993,224.06881,241.21735,241.21735,171.00644,152.99586,96.96964,78.95852
PA(15:0_15:1),617.41886,393.20479,395.22049,375.19423,377.20993,224.06881,241.21735,239.20165,171.00644,152.99586,96.96964,78.95852
PA(15:0_16:0),633.45016,409.23609,395.22049,391.22553,377.20993,224.06881,241.21735,255.23295,171.00644,152.99586,96.96964,78.95852
PA(15:0_16:1),631.43456,407.22049,395.22049,389.20993,377.20993,224.06881,241.21735,253.21735,171.00644,152.99586,96.96964,78.95852
PA(15:0_17:0),647.46586,423.25179,395.22049,405.24123,377.20993,224.06881,241.21735,269.24865,171.00644,152.99586,96.96964,78.95852
PA(15:0_17:1),645.45016,421.23609,395.22049,403.22553,377.20993,224.06881,241.21735,267.23295,171.00644,152.99586,96.96964,78.95852
PA(15:0_17:2),643.43456,419.22049,395.22049,401.20993,377.20993,224.06881,241.21735,265.21735,171.00644,152.99586,96.96964,78.95852
PA(15:0_18:0),661.48146,437.26739,395.22049,419.25683,377.20993,224.06881,241.21735,283.26425,171.00644,152.99586,96.96964,78.95852
PA(15:0_18:1),659.46586,435.25179,395.22049,417.24123,377.20993,224.06881,241.21735,281.24865,171.00644,152.99586,96.96964,78.95852
PA(15:0_18:2),657.45016,433.23609,395.22049,415.22553,377.20993,224.06881,241.21735,279.23295,171.00644,152.99586,96.96964,78.95852
PA(15:0_18:3),655.43456,431.22049,395.22049,413.20993,377.20993,224.06881,241.21735,277.21735,171.00644,152.99586,96.96964,78.95852
PA(15:0_18:4),653.41886,429.20479,395.22049,411.19423,377.20993,224.06881,241.21735,275.20165,171.00644,152.99586,96.96964,78.95852
PA(15:0_19:0),675.49716,451.28309,395.22049,433.27253,377.20993,224.06881,241.21735,297.27995,171.00644,152.99586,96.96964,78.95852
PA(15:0_20:0),689.51276,465.29869,395.22049,447.28813,377.20993,224.06881,241.21735,311.29555,171.00644,152.99586,96.96964,78.95852
PA(15:0_20:1),687.49716,463.28309,395.22049,445.27253,377.20993,224.06881,241.21735,309.27995,171.00644,152.99586,96.96964,78.95852
PA(15:0_20:2),685.48146,461.26739,395.22049,443.25683,377.20993,224.06881,241.21735,307.26425,171.00644,152.99586,96.96964,78.95852
PA(15:0_20:3),683.46586,459.25179,395.22049,441.24123,377.20993,224.06881,241.21735,305.24865,171.00644,152.99586,96.96964,78.95852
PA(15:0_20:4),681.45016,457.23609,395.22049,439.22553,377.20993,224.06881,241.21735,303.23295,171.00644,152.99586,96.96964,78.95852
PA(15:0_20:5),679.43456,455.22049,395.22049,437.20993,377.20993,224.06881,241.21735,301.21735,171.00644,152.99586,96.96964,78.95852
PA(15:0_21:0),703.52846,479.31439,395.22049,461.30383,377.20993,224.06881,241.21735,325.31125,171.00644,152.99586,96.96964,78.95852
PA(15:0_22:0),717.54406,493.32999,395.22049,475.31943,377.20993,224.06881,241.21735,339.32685,171.00644,152.99586,96.96964,78.95852
PA(15:0_22:1),715.52846,491.31439,395.22049,473.30383,377.20993,224.06881,241.21735,337.31125,171.00644,152.99586,96.96964,78.95852
PA(15:0_22:2),713.51276,489.29869,395.22049,471.28813,377.20993,224.06881,241.21735,335.29555,171.00644,152.99586,96.96964,78.95852
PA(15:0_22:3),711.49716,487.28309,395.22049,469.27253,377.20993,224.06881,241.21735,333.27995,171.00644,152.99586,96.96964,78.95852
PA(15:0_22:4),709.48146,485.26739,395.22049,467.25683,377.20993,224.06881,241.21735,331.26425,171.00644,152.99586,96.96964,78.95852
PA(15:0_22:5),707.46586,483.25179,395.22049,465.24123,377.20993,224.06881,241.21735,329.24865,171.00644,152.99586,96.96964,78.95852
PA(15:0_22:6),705.45016,481.23609,395.22049,463.22553,377.20993,224.06881,241.21735,327.23295,171.00644,152.99586,96.96964,78.95852
PA(15:0_23:0),731.55976,507.34569,395.22049,489.33513,377.20993,224.06881,241.21735,353.34255,171.00644,152.99586,96.96964,78.95852
PA(15:0_24:0),745.57536,521.36129,395.22049,503.35073,377.20993,224.06881,241.21735,367.35815,171.00644,152.99586,96.96964,78.95852
PA(15:0_24:1),743.55976,519.34569,395.22049,501.33513,377.20993,224.06881,241.21735,365.34255,171.00644,152.99586,96.96964,78.95852
PA(15:0_25:0),759.59106,535.37699,395.22049,517.36643,377.20993,224.06881,241.21735,381.37385,171.00644,152.99586,96.96964,78.95852
PA(15:0_26:0),773.60666,549.39259,395.22049,531.38203,377.20993,224.06881,241.21735,395.38945,171.00644,152.99586,96.96964,78.95852
PA(15:1_15:1),615.40316,393.20479,393.20479,375.19423,375.19423,224.06881,239.20165,239.20165,171.00644,152.99586,96.96964,78.95852
PA(15:1_16:0),631.43446,409.23609,393.20479,391.22553,375.19423,224.06881,239.20165,255.23295,171.00644,152.99586,96.96964,78.95852
PA(15:1_16:1),629.41886,407.22049,393.20479,389.20993,375.19423,224.06881,239.20165,253.21735,171.00644,152.99586,96.96964,78.95852
PA(15:1_17:0),645.45016,423.25179,393.20479,405.24123,375.19423,224.06881,239.20165,269.24865,171.00644,152.99586,96.96964,78.95852
PA(15:1_17:1),643.43446,421.23609,393.20479,403.22553,375.19423,224.06881,239.20165,267.23295,171.00644,152.99586,96.96964,78.95852
PA(15:1_17:2),641.41886,419.22049,393.20479,401.20993,375.19423,224.06881,239.20165,265.21735,171.00644,152.99586,96.96964,78.95852
PA(15:1_18:0),659.46576,437.26739,393.20479,419.25683,375.19423,224.06881,239.20165,283.26425,171.00644,152.99586,96.96964,78.95852
PA(15:1_18:1),657.45016,435.25179,393.20479,417.24123,375.19423,224.06881,239.20165,281.24865,171.00644,152.99586,96.96964,78.95852
PA(15:1_18:2),655.43446,433.23609,393.20479,415.22553,375.19423,224.06881,239.20165,279.23295,171.00644,152.99586,96.96964,78.95852
PA(15:1_18:3),653.41886,431.22049,393.20479,413.20993,375.19423,224.06881,239.20165,277.21735,171.00644,152.99586,96.96964,78.95852
PA(15:1_18:4),651.40316,429.20479,393.20479,411.19423,375.19423,224.06881,239.20165,275.20165,171.00644,152.99586,96.96964,78.95852
PA(15:1_19:0),673.48146,451.28309,393.20479,433.27253,375.19423,224.06881,239.20165,297.27995,171.00644,152.99586,96.96964,78.95852
PA(15:1_20:0),687.49706,465.29869,393.20479,447.28813,375.19423,224.06881,239.20165,311.29555,171.00644,152.99586,96.96964,78.95852
PA(15:1_20:1),685.48146,463.28309,393.20479,445.27253,375.19423,224.06881,239.20165,309.27995,171.00644,152.99586,96.96964,78.95852
PA(15:1_20:2),683.46576,461.26739,393.20479,443.25683,375.19423,224.06881,239.20165,307.26425,171.00644,152.99586,96.96964,78.95852
PA(15:1_20:3),681.45016,459.25179,393.20479,441.24123,375.19423,224.06881,239.20165,305.24865,171.00644,152.99586,96.96964,78.95852
PA(15:1_20:4),679.43446,457.23609,393.20479,439.22553,375.19423,224.06881,239.20165,303.23295,171.00644,152.99586,96.96964,78.95852
PA(15:1_20:5),677.41886,455.22049,393.20479,437.20993,375.19423,224.06881,239.20165,301.21735,171.00644,152.99586,96.96964,78.95852
PA(15:1_21:0),701.51276,479.31439,393.20479,461.30383,375.19423,224.06881,239.20165,325.31125,171.00644,152.99586,96.96964,78.95852
PA(15:1_22:0),715.52836,493.32999,393.20479,475.31943,375.19423,224.06881,239.20165,339.32685,171.00644,152.99586,96.96964,78.95852
PA(15:1_22:1),713.51276,491.31439,393.20479,473.30383,375.19423,224.06881,239.20165,337.31125,171.00644,152.99586,96.96964,78.95852
PA(15:1_22:2),711.49706,489.29869,393.20479,471.28813,375.19423,224.06881,239.20165,335.29555,171.00644,152.99586,96.96964,78.95852
PA(15:1_22:3),709.48146,487.28309,393.20479,469.27253,375.19423,224.06881,239.20165,333.27995,171.00644,152.99586,96.96964,78.95852
PA(15:1_22:4),707.46576,485.26739,393.20479,467.25683,375.19423,224.06881,239.20165,331.26425,171.00644,152.99586,96.96964,78.95852
PA(15:1_22:5),705.45016,483.25179,393.20479,465.24123,375.19423,224.06881,239.20165,329.24865,171.00644,152.99586,96.96964,78.95852
PA(15:1_22:6),703.43446,481.23609,393.20479,463.22553,375.19423,224.06881,239.20165,327.23295,171.00644,152.99586,96.96964,78.95852
PA(15:1_23:0),729.54406,507.34569,393.20479,489.33513,375.19423,224.06881,239.20165,353.34255,171.00644,152.99586,96.96964,78.95852
PA(15:1_24:0),743.55966,521.36129,393.20479,503.35073,375.19423,224.06881,239.20165,367.35815,171.00644,152.99586,96.96964,78.95852
PA(15:1_24:1),741.54406,519.34569,393.20479,501.33513,375.19423,224.06881,239.20165,365.34255,171.00644,152.99586,96.96964,78.95852
PA(15:1_25:0),757.57536,535.37699,393.20479,517.36643,375.19423,224.06881,239.20165,381.37385,171.00644,152.99586,96.96964,78.95852
PA(15:1_26:0),771.59096,549.39259,393.20479,531.38203,375.19423,224.06881,239.20165,395.38945,171.00644,152.99586,96.96964,78.95852
PA(16:0_16:0),647.46576,409.23609,409.23609,391.22553,391.22553,224.06881,255.23295,255.23295,171.00644,152.99586,96.96964,78.95852
PA(16:0_16:1),645.45016,407.22049,409.23609,389.20993,391.22553,224.06881,255.23295,253.21735,171.00644,152.99586,96.96964,78.95852
PA(16:0_17:0),661.48146,423.25179,409.23609,405.24123,391.22553,224.06881,255.23295,269.24865,171.00644,152.99586,96.96964,78.95852
PA(16:0_17:1),659.46576,421.23609,409.23609,403.22553,391.22553,224.06881,255.23295,267.23295,171.00644,152.99586,96.96964,78.95852
PA(16:0_17:2),657.45016,419.22049,409.23609,401.20993,391.22553,224.06881,255.23295,265.21735,171.00644,152.99586,96.96964,78.95852
PA(16:0_18:0),675.49706,437.26739,409.23609,419.25683,391.22553,224.06881,255.23295,283.26425,171.00644,152.99586,96.96964,78.95852
PA(16:0_18:1),673.48146,435.25179,409.23609,417.24123,391.22553,224.06881,255.23295,281.24865,171.00644,152.99586,96.96964,78.95852
PA(16:0_18:2),671.46576,433.23609,409.23609,415.22553,391.22553,224.06881,255.23295,279.23295,171.00644,152.99586,96.96964,78.95852
PA(16:0_18:3),669.45016,431.22049,409.23609,413.20993,391.22553,224.06881,255.23295,277.21735,171.00644,152.99586,96.96964,78.95852
PA(16:0_18:4),667.43446,429.20479,409.23609,411.19423,391.22553,224.06881,255.23295,275.20165,171.00644,152.99586,96.96964,78.95852
PA(16:0_19:0),689.51276,451.28309,409.23609,433.27253,391.22553,224.06881,255.23295,297.27995,171.00644,152.99586,96.96964,78.95852
PA(16:0_20:0),703.52836,465.29869,409.23609,447.28813,391.22553,224.06881,255.23295,311.29555,171.00644,152.99586,96.96964,78.95852
PA(16:0_20:1),701.51276,463.28309,409.23609,445.27253,391.22553,224.06881,255.23295,309.27995,171.00644,152.99586,96.96964,78.95852
PA(16:0_20:2),699.49706,461.26739,409.23609,443.25683,391.22553,224.06881,255.23295,307.26425,171.00644,152.99586,96.96964,78.95852
PA(16:0_20:3),697.48146,459.25179,409.23609,441.24123,391.22553,224.06881,255.23295,305.24865,171.00644,152.99586,96.96964,78.95852
PA(16:0_20:4),695.46576,457.23609,409.23609,439.22553,391.22553,224.06881,255.23295,303.23295,171.00644,152.99586,96.96964,78.95852
PA(16:0_20:5),693.45016,455.22049,409.23609,437.20993,391.22553,224.06881,255.23295,301.21735,171.00644,152.99586,96.96964,78.95852
PA(16:0_21:0),717.54406,479.31439,409.23609,461.30383,391.22553,224.06881,255.23295,325.31125,171.00644,152.99586,96.96964,78.95852
PA(16:0_22:0),731.55966,493.32999,409.23609,475.31943,391.22553,224.06881,255.23295,339.32685,171.00644,152.99586,96.96964,78.95852
PA(16:0_22:1),729.54406,491.31439,409.23609,473.30383,391.22553,224.06881,255.23295,337.31125,171.00644,152.99586,96.96964,78.95852
PA(16:0_22:2),727.52836,489.29869,409.23609,471.28813,391.22553,224.06881,255.23295,335.29555,171.00644,152.99586,96.96964,78.95852
PA(16:0_22:3),725.51276,487.28309,409.23609,469.27253,391.22553,224.06881,255.23295,333.27995,171.00644,152.99586,96.96964,78.95852
PA(16:0_22:4),723.49706,485.26739,409.23609,467.25683,391.22553,224.06881,255.23295,331.26425,171.00644,152.99586,96.96964,78.95852
PA(16:0_22:5),721.48146,483.25179,409.23609,465.24123,391.22553,224.06881,255.23295,329.24865,171.00644,152.99586,96.96964,78.95852
PA(16:0_22:6),719.46576,481.23609,409.23609,463.22553,391.22553,224.06881,255.23295,327.23295,171.00644,152.99586,96.96964,78.95852
PA(16:0_23:0),745.57536,507.34569,409.23609,489.33513,391.22553,224.06881,255.23295,353.34255,171.00644,152.99586,96.96964,78.95852
PA(16:0_24:0),759.59096,521.36129,409.23609,503.35073,391.22553,224.06881,255.23295,367.35815,171.00644,152.99586,96.96964,78.95852
PA(16:0_24:1),757.57536,519.34569,409.23609,501.33513,391.22553,224.06881,255.23295,365.34255,171.00644,152.99586,96.96964,78.95852
PA(16:0_25:0),773.60666,535.37699,409.23609,517.36643,391.22553,224.06881,255.23295,381.37385,171.00644,152.99586,96.96964,78.95852
PA(16:0_26:0),787.62226,549.39259,409.23609,531.38203,391.22553,224.06881,255.23295,395.38945,171.00644,152.99586,96.96964,78.95852
PA(16:1_16:1),643.43456,407.22049,407.22049,389.20993,389.20993,224.06881,253.21735,253.21735,171.00644,152.99586,96.96964,78.95852
PA(16:1_17:0),659.46586,423.25179,407.22049,405.24123,389.20993,224.06881,253.21735,269.24865,171.00644,152.99586,96.96964,78.95852
PA(16:1_17:1),657.45016,421.23609,407.22049,403.22553,389.20993,224.06881,253.21735,267.23295,171.00644,152.99586,96.96964,78.95852
PA(16:1_17:2),655.43456,419.22049,407.22049,401.20993,389.20993,224.06881,253.21735,265.21735,171.00644,152.99586,96.96964,78.95852
PA(16:1_18:0),673.48146,437.26739,407.22049,419.25683,389.20993,224.06881,253.21735,283.26425,171.00644,152.99586,96.96964,78.95852
PA(16:1_18:1),671.46586,435.25179,407.22049,417.24123,389.20993,224.06881,253.21735,281.24865,171.00644,152.99586,96.96964,78.95852
PA(16:1_18:2),669.45016,433.23609,407.22049,415.22553,389.20993,224.06881,253.21735,279.23295,171.00644,152.99586,96.96964,78.95852
PA(16:1_18:3),667.43456,431.22049,407.22049,413.20993,389.20993,224.06881,253.21735,277.21735,171.00644,152.99586,96.96964,78.95852
PA(16:1_18:4),665.41886,429.20479,407.22049,411.19423,389.20993,224.06881,253.21735,275.20165,171.00644,152.99586,96.96964,78.95852
PA(16:1_19:0),687.49716,451.28309,407.22049,433.27253,389.20993,224.06881,253.21735,297.27995,171.00644,152.99586,96.96964,78.95852
PA(16:1_20:0),701.51276,465.29869,407.22049,447.28813,389.20993,224.06881,253.21735,311.29555,171.00644,152.99586,96.96964,78.95852
PA(16:1_20:1),699.49716,463.28309,407.22049,445.27253,389.20993,224.06881,253.21735,309.27995,171.00644,152.99586,96.96964,78.95852
PA(16:1_20:2),697.48146,461.26739,407.22049,443.25683,389.20993,224.06881,253.21735,307.26425,171.00644,152.99586,96.96964,78.95852
PA(16:1_20:3),695.46586,459.25179,407.22049,441.24123,389.20993,224.06881,253.21735,305.24865,171.00644,152.99586,96.96964,78.95852
PA(16:1_20:4),693.45016,457.23609,407.22049,439.22553,389.20993,224.06881,253.21735,303.23295,171.00644,152.99586,96.96964,78.95852
PA(16:1_20:5),691.43456,455.22049,407.22049,437.20993,389.20993,224.06881,253.21735,301.21735,171.00644,152.99586,96.96964,78.95852
PA(16:1_21:0),715.52846,479.31439,407.22049,461.30383,389.20993,224.06881,253.21735,325.31125,171.00644,152.99586,96.96964,78.95852
PA(16:1_22:0),729.54406,493.32999,407.22049,475.31943,389.20993,224.06881,253.21735,339.32685,171.00644,152.99586,96.96964,78.95852
PA(16:1_22:1),727.52846,491.31439,407.22049,473.30383,389.20993,224.06881,253.21735,337.31125,171.00644,152.99586,96.96964,78.95852
PA(16:1_22:2),725.51276,489.29869,407.22049,471.28813,389.20993,224.06881,253.21735,335.29555,171.00644,152.99586,96.96964,78.95852
PA(16:1_22:3),723.49716,487.28309,407.22049,469.27253,389.20993,224.06881,253.21735,333.27995,171.00644,152.99586,96.96964,78.95852
PA(16:1_22:4),721.48146,485.26739,407.22049,467.25683,389.20993,224.06881,253.21735,331.26425,171.00644,152.99586,96.96964,78.95852
PA(16:1_22:5),719.46586,483.25179,407.22049,465.24123,389.20993,224.06881,253.21735,329.24865,171.00644,152.99586,96.96964,78.95852
PA(16:1_22:6),717.45016,481.23609,407.22049,463.22553,389.20993,224.06881,253.21735,327.23295,171.00644,152.99586,96.96964,78.95852
PA(16:1_23:0),743.55976,507.34569,407.22049,489.33513,389.20993,224.06881,253.21735,353.34255,171.00644,152.99586,96.96964,78.95852
PA(16:1_24:0),757.57536,521.36129,407.22049,503.35073,389.20993,224.06881,253.21735,367.35815,171.00644,152.99586,96.96964,78.95852
PA(16:1_24:1),755.55976,519.34569,407.22049,501.33513,389.20993,224.06881,253.21735,365.34255,171.00644,152.99586,96.96964,78.95852
PA(16:1_25:0),771.59106,535.37699,407.22049,517.36643,389.20993,224.06881,253.21735,381.37385,171.00644,152.99586,96.96964,78.95852
PA(16:1_26:0),785.60666,549.39259,407.22049,531.38203,389.20993,224.06881,253.21735,395.38945,171.00644,152.99586,96.96964,78.95852
PA(17:0_17:0),675.49716,423.25179,423.25179,405.24123,405.24123,224.06881,269.24865,269.24865,171.00644,152.99586,96.96964,78.95852
PA(17:0_17:1),673.48146,421.23609,423.25179,403.22553,405.24123,224.06881,269.24865,267.23295,171.00644,152.99586,96.96964,78.95852
PA(17:0_17:2),671.46586,419.22049,423.25179,401.20993,405.24123,224.06881,269.24865,265.21735,171.00644,152.99586,96.96964,78.95852
PA(17:0_18:0),689.51276,437.26739,423.25179,419.25683,405.24123,224.06881,269.24865,283.26425,171.00644,152.99586,96.96964,78.95852
PA(17:0_18:1),687.49716,435.25179,423.25179,417.24123,405.24123,224.06881,269.24865,281.24865,171.00644,152.99586,96.96964,78.95852
PA(17:0_18:2),685.48146,433.23609,423.25179,415.22553,405.24123,224.06881,269.24865,279.23295,171.00644,152.99586,96.96964,78.95852
PA(17:0_18:3),683.46586,431.22049,423.25179,413.20993,405.24123,224.06881,269.24865,277.21735,171.00644,152.99586,96.96964,78.95852
PA(17:0_18:4),681.45016,429.20479,423.25179,411.19423,405.24123,224.06881,269.24865,275.20165,171.00644,152.99586,96.96964,78.95852
PA(17:0_19:0),703.52846,451.28309,423.25179,433.27253,405.24123,224.06881,269.24865,297.27995,171.00644,152.99586,96.96964,78.95852
PA(17:0_20:0),717.54406,465.29869,423.25179,447.28813,405.24123,224.06881,269.24865,311.29555,171.00644,152.99586,96.96964,78.95852
PA(17:0_20:1),715.52846,463.28309,423.25179,445.27253,405.24123,224.06881,269.24865,309.27995,171.00644,152.99586,96.96964,78.95852
PA(17:0_20:2),713.51276,461.26739,423.25179,443.25683,405.24123,224.06881,269.24865,307.26425,171.00644,152.99586,96.96964,78.95852
PA(17:0_20:3),711.49716,459.25179,423.25179,441.24123,405.24123,224.06881,269.24865,305.24865,171.00644,152.99586,96.96964,78.95852
PA(17:0_20:4),709.48146,457.23609,423.25179,439.22553,405.24123,224.06881,269.24865,303.23295,171.00644,152.99586,96.96964,78.95852
PA(17:0_20:5),707.46586,455.22049,423.25179,437.20993,405.24123,224.06881,269.24865,301.21735,171.00644,152.99586,96.96964,78.95852
PA(17:0_21:0),731.55976,479.31439,423.25179,461.30383,405.24123,224.06881,269.24865,325.31125,171.00644,152.99586,96.96964,78.95852
PA(17:0_22:0),745.57536,493.32999,423.25179,475.31943,405.24123,224.06881,269.24865,339.32685,171.00644,152.99586,96.96964,78.95852
PA(17:0_22:1),743.55976,491.31439,423.25179,473.30383,405.24123,224.06881,269.24865,337.31125,171.00644,152.99586,96.96964,78.95852
PA(17:0_22:2),741.54406,489.29869,423.25179,471.28813,405.24123,224.06881,269.24865,335.29555,171.00644,152.99586,96.96964,78.95852
PA(17:0_22:3),739.52846,487.28309,423.25179,469.27253,405.24123,224.06881,269.24865,333.27995,171.00644,152.99586,96.96964,78.95852
PA(17:0_22:4),737.51276,485.26739,423.25179,467.25683,405.24123,224.06881,269.24865,331.26425,171.00644,152.99586,96.96964,78.95852
PA(17:0_22:5),735.49716,483.25179,423.25179,465.24123,405.24123,224.06881,269.24865,329.24865,171.00644,152.99586,96.96964,78.95852
PA(17:0_22:6),733.48146,481.23609,423.25179,463.22553,405.24123,224.06881,269.24865,327.23295,171.00644,152.99586,96.96964,78.95852
PA(17:0_23:0),759.59106,507.34569,423.25179,489.33513,405.24123,224.06881,269.24865,353.34255,171.00644,152.99586,96.96964,78.95852
PA(17:0_24:0),773.60666,521.36129,423.25179,503.35073,405.24123,224.06881,269.24865,367.35815,171.00644,152.99586,96.96964,78.95852
PA(17:0_24:1),771.59106,519.34569,423.25179,501.33513,405.24123,224.06881,269.24865,365.34255,171.00644,152.99586,96.96964,78.95852
PA(17:0_25:0),787.62236,535.37699,423.25179,517.36643,405.24123,224.06881,269.24865,381.37385,171.00644,152.99586,96.96964,78.95852
PA(17:0_26:0),801.63796,549.39259,423.25179,531.38203,405.24123,224.06881,269.24865,395.38945,171.00644,152.99586,96.96964,78.95852
PA(17:1_17:1),671.46576,421.23609,421.23609,403.22553,403.22553,224.06881,267.23295,267.23295,171.00644,152.99586,96.96964,78.95852
PA(17:1_17:2),669.45016,419.22049,421.23609,401.20993,403.22553,224.06881,267.23295,265.21735,171.00644,152.99586,96.96964,78.95852
PA(17:1_18:0),687.49706,437.26739,421.23609,419.25683,403.22553,224.06881,267.23295,283.26425,171.00644,152.99586,96.96964,78.95852
PA(17:1_18:1),685.48146,435.25179,421.23609,417.24123,403.22553,224.06881,267.23295,281.24865,171.00644,152.99586,96.96964,78.95852
PA(17:1_18:2),683.46576,433.23609,421.23609,415.22553,403.22553,224.06881,267.23295,279.23295,171.00644,152.99586,96.96964,78.95852
PA(17:1_18:3),681.45016,431.22049,421.23609,413.20993,403.22553,224.06881,267.23295,277.21735,171.00644,152.99586,96.96964,78.95852
PA(17:1_18:4),679.43446,429.20479,421.23609,411.19423,403.22553,224.06881,267.23295,275.20165,171.00644,152.99586,96.96964,78.95852
PA(17:1_19:0),701.51276,451.28309,421.23609,433.27253,403.22553,224.06881,267.23295,297.27995,171.00644,152.99586,96.96964,78.95852
PA(17:1_20:0),715.52836,465.29869,421.23609,447.28813,403.22553,224.06881,267.23295,311.29555,171.00644,152.99586,96.96964,78.95852
PA(17:1_20:1),713.51276,463.28309,421.23609,445.27253,403.22553,224.06881,267.23295,309.27995,171.00644,152.99586,96.96964,78.95852
PA(17:1_20:2),711.49706,461.26739,421.23609,443.25683,403.22553,224.06881,267.23295,307.26425,171.00644,152.99586,96.96964,78.95852
PA(17:1_20:3),709.48146,459.25179,421.23609,441.24123,403.22553,224.06881,267.23295,305.24865,171.00644,152.99586,96.96964,78.95852
PA(17:1_20:4),707.46576,457.23609,421.23609,439.22553,403.22553,224.06881,267.23295,303.23295,171.00644,152.99586,96.96964,78.95852
PA(17:1_20:5),705.45016,455.22049,421.23609,437.20993,403.22553,224.06881,267.23295,301.21735,171.00644,152.99586,96.96964,78.95852
PA(17:1_21:0),729.54406,479.31439,421.23609,461.30383,403.22553,224.06881,267.23295,325.31125,171.00644,152.99586,96.96964,78.95852
PA(17:1_22:0),743.55966,493.32999,421.23609,475.31943,403.22553,224.06881,267.23295,339.32685,171.00644,152.99586,96.96964,78.95852
PA(17:1_22:1),741.54406,491.31439,421.23609,473.30383,403.22553,224.06881,267.23295,337.31125,171.00644,152.99586,96.96964,78.95852
PA(17:1_22:2),739.52836,489.29869,421.23609,471.28813,403.22553,224.06881,267.23295,335.29555,171.00644,152.99586,96.96964,78.95852
PA(17:1_22:3),737.51276,487.28309,421.23609,469.27253,403.22553,224.06881,267.23295,333.27995,171.00644,152.99586,96.96964,78.95852
PA(17:1_22:4),735.49706,485.26739,421.23609,467.25683,403.22553,224.06881,267.23295,331.26425,171.00644,152.99586,96.96964,78.95852
PA(17:1_22:5),733.48146,483.25179,421.23609,465.24123,403.22553,224.06881,267.23295,329.24865,171.00644,152.99586,96.96964,78.95852
PA(17:1_22:6),731.46576,481.23609,421.23609,463.22553,403.22553,224.06881,267.23295,327.23295,171.00644,152.99586,96.96964,78.95852
PA(17:1_23:0),757.57536,507.34569,421.23609,489.33513,403.22553,224.06881,267.23295,353.34255,171.00644,152.99586,96.96964,78.95852
PA(17:1_24:0),771.59096,521.36129,421.23609,503.35073,403.22553,224.06881,267.23295,367.35815,171.00644,152.99586,96.96964,78.95852
PA(17:1_24:1),769.57536,519.34569,421.23609,501.33513,403.22553,224.06881,267.23295,365.34255,171.00644,152.99586,96.96964,78.95852
PA(17:1_25:0),785.60666,535.37699,421.23609,517.36643,403.22553,224.06881,267.23295,381.37385,171.00644,152.99586,96.96964,78.95852
PA(17:1_26:0),799.62226,549.39259,421.23609,531.38203,403.22553,224.06881,267.23295,395.38945,171.00644,152.99586,96.96964,78.95852
PA(17:2_17:2),667.43456,419.22049,419.22049,401.20993,401.20993,224.06881,265.21735,265.21735,171.00644,152.99586,96.96964,78.95852
PA(17:2_18:0),685.48146,437.26739,419.22049,419.25683,401.20993,224.06881,265.21735,283.26425,171.00644,152.99586,96.96964,78.95852
PA(17:2_18:1),683.46586,435.25179,419.22049,417.24123,401.20993,224.06881,265.21735,281.24865,171.00644,152.99586,96.96964,78.95852
PA(17:2_18:2),681.45016,433.23609,419.22049,415.22553,401.20993,224.06881,265.21735,279.23295,171.00644,152.99586,96.96964,78.95852
PA(17:2_18:3),679.43456,431.22049,419.22049,413.20993,401.20993,224.06881,265.21735,277.21735,171.00644,152.99586,96.96964,78.95852
PA(17:2_18:4),677.41886,429.20479,419.22049,411.19423,401.20993,224.06881,265.21735,275.20165,171.00644,152.99586,96.96964,78.95852
PA(17:2_19:0),699.49716,451.28309,419.22049,433.27253,401.20993,224.06881,265.21735,297.27995,171.00644,152.99586,96.96964,78.95852
PA(17:2_20:0),713.51276,465.29869,419.22049,447.28813,401.20993,224.06881,265.21735,311.29555,171.00644,152.99586,96.96964,78.95852
PA(17:2_20:1),711.49716,463.28309,419.22049,445.27253,401.20993,224.06881,265.21735,309.27995,171.00644,152.99586,96.96964,78.95852
PA(17:2_20:2),709.48146,461.26739,419.22049,443.25683,401.20993,224.06881,265.21735,307.26425,171.00644,152.99586,96.96964,78.95852
PA(17:2_20:3),707.46586,459.25179,419.22049,441.24123,401.20993,224.06881,265.21735,305.24865,171.00644,152.99586,96.96964,78.95852
PA(17:2_20:4),705.45016,457.23609,419.22049,439.22553,401.20993,224.06881,265.21735,303.23295,171.00644,152.99586,96.96964,78.95852
PA(17:2_20:5),703.43456,455.22049,419.22049,437.20993,401.20993,224.06881,265.21735,301.21735,171.00644,152.99586,96.96964,78.95852
PA(17:2_21:0),727.52846,479.31439,419.22049,461.30383,401.20993,224.06881,265.21735,325.31125,171.00644,152.99586,96.96964,78.95852
PA(17:2_22:0),741.54406,493.32999,419.22049,475.31943,401.20993,224.06881,265.21735,339.32685,171.00644,152.99586,96.96964,78.95852
PA(17:2_22:1),739.52846,491.31439,419.22049,473.30383,401.20993,224.06881,265.21735,337.31125,171.00644,152.99586,96.96964,78.95852
PA(17:2_22:2),737.51276,489.29869,419.22049,471.28813,401.20993,224.06881,265.21735,335.29555,171.00644,152.99586,96.96964,78.95852
PA(17:2_22:3),735.49716,487.28309,419.22049,469.27253,401.20993,224.06881,265.21735,333.27995,171.00644,152.99586,96.96964,78.95852
PA(17:2_22:4),733.48146,485.26739,419.22049,467.25683,401.20993,224.06881,265.21735,331.26425,171.00644,152.99586,96.96964,78.95852
PA(17:2_22:5),731.46586,483.25179,419.22049,465.24123,401.20993,224.06881,265.21735,329.24865,171.00644,152.99586,96.96964,78.95852
PA(17:2_22:6),729.45016,481.23609,419.22049,463.22553,401.20993,224.06881,265.21735,327.23295,171.00644,152.99586,96.96964,78.95852
PA(17:2_23:0),755.55976,507.34569,419.22049,489.33513,401.20993,224.06881,265.21735,353.34255,171.00644,152.99586,96.96964,78.95852
PA(17:2_24:0),769.57536,521.36129,419.22049,503.35073,401.20993,224.06881,265.21735,367.35815,171.00644,152.99586,96.96964,78.95852
PA(17:2_24:1),767.55976,519.34569,419.22049,501.33513,401.20993,224.06881,265.21735,365.34255,171.00644,152.99586,96.96964,78.95852
PA(17:2_25:0),783.59106,535.37699,419.22049,517.36643,401.20993,224.06881,265.21735,381.37385,171.00644,152.99586,96.96964,78.95852
PA(17:2_26:0),797.60666,549.39259,419.22049,531.38203,401.20993,224.06881,265.21735,395.38945,171.00644,152.99586,96.96964,78.95852
PA(18:0_18:0),703.52836,437.26739,437.26739,419.25683,419.25683,224.06881,283.26425,283.26425,171.00644,152.99586,96.96964,78.95852
PA(18:0_18:1),701.51276,435.25179,437.26739,417.24123,419.25683,224.06881,283.26425,281.24865,171.00644,152.99586,96.96964,78.95852
PA(18:0_18:2),699.49706,433.23609,437.26739,415.22553,419.25683,224.06881,283.26425,279.23295,171.00644,152.99586,96.96964,78.95852
PA(18:0_18:3),697.48146,431.22049,437.26739,413.20993,419.25683,224.06881,283.26425,277.21735,171.00644,152.99586,96.96964,78.95852
PA(18:0_18:4),695.46576,429.20479,437.26739,411.19423,419.25683,224.06881,283.26425,275.20165,171.00644,152.99586,96.96964,78.95852
PA(18:0_19:0),717.54406,451.28309,437.26739,433.27253,419.25683,224.06881,283.26425,297.27995,171.00644,152.99586,96.96964,78.95852
PA(18:0_20:0),731.55966,465.29869,437.26739,447.28813,419.25683,224.06881,283.26425,311.29555,171.00644,152.99586,96.96964,78.95852
PA(18:0_20:1),729.54406,463.28309,437.26739,445.27253,419.25683,224.06881,283.26425,309.27995,171.00644,152.99586,96.96964,78.95852
PA(18:0_20:2),727.52836,461.26739,437.26739,443.25683,419.25683,224.06881,283.26425,307.26425,171.00644,152.99586,96.96964,78.95852
PA(18:0_20:3),725.51276,459.25179,437.26739,441.24123,419.25683,224.06881,283.26425,305.24865,171.00644,152.99586,96.96964,78.95852
PA(18:0_20:4),723.49706,457.23609,437.26739,439.22553,419.25683,224.06881,283.26425,303.23295,171.00644,152.99586,96.96964,78.95852
PA(18:0_20:5),721.48146,455.22049,437.26739,437.20993,419.25683,224.06881,283.26425,301.21735,171.00644,152.99586,96.96964,78.95852
PA(18:0_21:0),745.57536,479.31439,437.26739,461.30383,419.25683,224.06881,283.26425,325.31125,171.00644,152.99586,96.96964,78.95852
PA(18:0_22:0),759.59096,493.32999,437.26739,475.31943,419.25683,224.06881,283.26425,339.32685,171.00644,152.99586,96.96964,78.95852
PA(18:0_22:1),757.57536,491.31439,437.26739,473.30383,419.25683,224.06881,283.26425,337.31125,171.00644,152.99586,96.96964,78.95852
PA(18:0_22:2),755.55966,489.29869,437.26739,471.28813,419.25683,224.06881,283.26425,335.29555,171.00644,152.99586,96.96964,78.95852
PA(18:0_22:3),753.54406,487.28309,437.26739,469.27253,419.25683,224.06881,283.26425,333.27995,171.00644,152.99586,96.96964,78.95852
PA(18:0_22:4),751.52836,485.26739,437.26739,467.25683,419.25683,224.06881,283.26425,331.26425,171.00644,152.99586,96.96964,78.95852
PA(18:0_22:5),749.51276,483.25179,437.26739,465.24123,419.25683,224.06881,283.26425,329.24865,171.00644,152.99586,96.96964,78.95852
PA(18:0_22:6),747.49706,481.23609,437.26739,463.22553,419.25683,224.06881,283.26425,327.23295,171.00644,152.99586,96.96964,78.95852
PA(18:0_23:0),773.60666,507.34569,437.26739,489.33513,419.25683,224.06881,283.26425,353.34255,171.00644,152.99586,96.96964,78.95852
PA(18:0_24:0),787.62226,521.36129,437.26739,503.35073,419.25683,224.06881,283.26425,367.35815,171.00644,152.99586,96.96964,78.95852
PA(18:0_24:1),785.60666,519.34569,437.26739,501.33513,419.25683,224.06881,283.26425,365.34255,171.00644,152.99586,96.96964,78.95852
PA(18:0_25:0),801.63796,535.37699,437.26739,517.36643,419.25683,224.06881,283.26425,381.37385,171.00644,152.99586,96.96964,78.95852
PA(18:0_26:0),815.65356,549.39259,437.26739,531.38203,419.25683,224.06881,283.26425,395.38945,171.00644,152.99586,96.96964,78.95852
PA(18:1_18:1),699.49716,435.25179,435.25179,417.24123,417.24123,224.06881,281.24865,281.24865,171.00644,152.99586,96.96964,78.95852
PA(18:1_18:2),697.48146,433.23609,435.25179,415.22553,417.24123,224.06881,281.24865,279.23295,171.00644,152.99586,96.96964,78.95852
PA(18:1_18:3),695.46586,431.22049,435.25179,413.20993,417.24123,224.06881,281.24865,277.21735,171.00644,152.99586,96.96964,78.95852
PA(18:1_18:4),693.45016,429.20479,435.25179,411.19423,417.24123,224.06881,281.24865,275.20165,171.00644,152.99586,96.96964,78.95852
PA(18:1_19:0),715.52846,451.28309,435.25179,433.27253,417.24123,224.06881,281.24865,297.27995,171.00644,152.99586,96.96964,78.95852
PA(18:1_20:0),729.54406,465.29869,435.25179,447.28813,417.24123,224.06881,281.24865,311.29555,171.00644,152.99586,96.96964,78.95852
PA(18:1_20:1),727.52846,463.28309,435.25179,445.27253,417.24123,224.06881,281.24865,309.27995,171.00644,152.99586,96.96964,78.95852
PA(18:1_20:2),725.51276,461.26739,435.25179,443.25683,417.24123,224.06881,281.24865,307.26425,171.00644,152.99586,96.96964,78.95852
PA(18:1_20:3),723.49716,459.25179,435.25179,441.24123,417.24123,224.06881,281.24865,305.24865,171.00644,152.99586,96.96964,78.95852
PA(18:1_20:4),721.48146,457.23609,435.25179,439.22553,417.24123,224.06881,281.24865,303.23295,171.00644,152.99586,96.96964,78.95852
PA(18:1_20:5),719.46586,455.22049,435.25179,437.20993,417.24123,224.06881,281.24865,301.21735,171.00644,152.99586,96.96964,78.95852
PA(18:1_21:0),743.55976,479.31439,435.25179,461.30383,417.24123,224.06881,281.24865,325.31125,171.00644,152.99586,96.96964,78.95852
PA(18:1_22:0),757.57536,493.32999,435.25179,475.31943,417.24123,224.06881,281.24865,339.32685,171.00644,152.99586,96.96964,78.95852
PA(18:1_22:1),755.55976,491.31439,435.25179,473.30383,417.24123,224.06881,281.24865,337.31125,171.00644,152.99586,96.96964,78.95852
PA(18:1_22:2),753.54406,489.29869,435.25179,471.28813,417.24123,224.06881,281.24865,335.29555,171.00644,152.99586,96.96964,78.95852
PA(18:1_22:3),751.52846,487.28309,435.25179,469.27253,417.24123,224.06881,281.24865,333.27995,171.00644,152.99586,96.96964,78.95852
PA(18:1_22:4),749.51276,485.26739,435.25179,467.25683,417.24123,224.06881,281.24865,331.26425,171.00644,152.99586,96.96964,78.95852
PA(18:1_22:5),747.49716,483.25179,435.25179,465.24123,417.24123,224.06881,281.24865,329.24865,171.00644,152.99586,96.96964,78.95852
PA(18:1_22:6),745.48146,481.23609,435.25179,463.22553,417.24123,224.06881,281.24865,327.23295,171.00644,152.99586,96.96964,78.95852
PA(18:1_23:0),771.59106,507.34569,435.25179,489.33513,417.24123,224.06881,281.24865,353.34255,171.00644,152.99586,96.96964,78.95852
PA(18:1_24:0),785.60666,521.36129,435.25179,503.35073,417.24123,224.06881,281.24865,367.35815,171.00644,152.99586,96.96964,78.95852
PA(18:1_24:1),783.59106,519.34569,435.25179,501.33513,417.24123,224.06881,281.24865,365.34255,171.00644,152.99586,96.96964,78.95852
PA(18:1_25:0),799.62236,535.37699,435.25179,517.36643,417.24123,224.06881,281.24865,381.37385,171.00644,152.99586,96.96964,78.95852
PA(18:1_26:0),813.63796,549.39259,435.25179,531.38203,417.24123,224.06881,281.24865,395.38945,171.00644,152.99586,96.96964,78.95852
PA(18:2_18:2),695.46576,433.23609,433.23609,415.22553,415.22553,224.06881,279.23295,279.23295,171.00644,152.99586,96.96964,78.95852
PA(18:2_18:3),693.45016,431.22049,433.23609,413.20993,415.22553,224.06881,279.23295,277.21735,171.00644,152.99586,96.96964,78.95852
PA(18:2_18:4),691.43446,429.20479,433.23609,411.19423,415.22553,224.06881,279.23295,275.20165,171.00644,152.99586,96.96964,78.95852
PA(18:2_19:0),713.51276,451.28309,433.23609,433.27253,415.22553,224.06881,279.23295,297.27995,171.00644,152.99586,96.96964,78.95852
PA(18:2_20:0),727.52836,465.29869,433.23609,447.28813,415.22553,224.06881,279.23295,311.29555,171.00644,152.99586,96.96964,78.95852
PA(18:2_20:1),725.51276,463.28309,433.23609,445.27253,415.22553,224.06881,279.23295,309.27995,171.00644,152.99586,96.96964,78.95852
PA(18:2_20:2),723.49706,461.26739,433.23609,443.25683,415.22553,224.06881,279.23295,307.26425,171.00644,152.99586,96.96964,78.95852
PA(18:2_20:3),721.48146,459.25179,433.23609,441.24123,415.22553,224.06881,279.23295,305.24865,171.00644,152.99586,96.96964,78.95852
PA(18:2_20:4),719.46576,457.23609,433.23609,439.22553,415.22553,224.06881,279.23295,303.23295,171.00644,152.99586,96.96964,78.95852
PA(18:2_20:5),717.45016,455.22049,433.23609,437.20993,415.22553,224.06881,279.23295,301.21735,171.00644,152.99586,96.96964,78.95852
PA(18:2_21:0),741.54406,479.31439,433.23609,461.30383,415.22553,224.06881,279.23295,325.31125,171.00644,152.99586,96.96964,78.95852
PA(18:2_22:0),755.55966,493.32999,433.23609,475.31943,415.22553,224.06881,279.23295,339.32685,171.00644,152.99586,96.96964,78.95852
PA(18:2_22:1),753.54406,491.31439,433.23609,473.30383,415.22553,224.06881,279.23295,337.31125,171.00644,152.99586,96.96964,78.95852
PA(18:2_22:2),751.52836,489.29869,433.23609,471.28813,415.22553,224.06881,279.23295,335.29555,171.00644,152.99586,96.96964,78.95852
PA(18:2_22:3),749.51276,487.28309,433.23609,469.27253,415.22553,224.06881,279.23295,333.27995,171.00644,152.99586,96.96964,78.95852
PA(18:2_22:4),747.49706,485.26739,433.23609,467.25683,415.22553,224.06881,279.23295,331.26425,171.00644,152.99586,96.96964,78.95852
PA(18:2_22:5),745.48146,483.25179,433.23609,465.24123,415.22553,224.06881,279.23295,329.24865,171.00644,152.99586,96.96964,78.95852
PA(18:2_22:6),743.46576,481.23609,433.23609,463.22553,415.22553,224.06881,279.23295,327.23295,171.00644,152.99586,96.96964,78.95852
PA(18:2_23:0),769.57536,507.34569,433.23609,489.33513,415.22553,224.06881,279.23295,353.34255,171.00644,152.99586,96.96964,78.95852
PA(18:2_24:0),783.59096,521.36129,433.23609,503.35073,415.22553,224.06881,279.23295,367.35815,171.00644,152.99586,96.96964,78.95852
PA(18:2_24:1),781.57536,519.34569,433.23609,501.33513,415.22553,224.06881,279.23295,365.34255,171.00644,152.99586,96.96964,78.95852
PA(18:2_25:0),797.60666,535.37699,433.23609,517.36643,415.22553,224.06881,279.23295,381.37385,171.00644,152.99586,96.96964,78.95852
PA(18:2_26:0),811.62226,549.39259,433.23609,531.38203,415.22553,224.06881,279.23295,395.38945,171.00644,152.99586,96.96964,78.95852
PA(18:3_18:3),691.43456,431.22049,431.22049,413.20993,413.20993,224.06881,277.21735,277.21735,171.00644,152.99586,96.96964,78.95852
PA(18:3_18:4),689.41886,429.20479,431.22049,411.19423,413.20993,224.06881,277.21735,275.20165,171.00644,152.99586,96.96964,78.95852
PA(18:3_19:0),711.49716,451.28309,431.22049,433.27253,413.20993,224.06881,277.21735,297.27995,171.00644,152.99586,96.96964,78.95852
PA(18:3_20:0),725.51276,465.29869,431.22049,447.28813,413.20993,224.06881,277.21735,311.29555,171.00644,152.99586,96.96964,78.95852
PA(18:3_20:1),723.49716,463.28309,431.22049,445.27253,413.20993,224.06881,277.21735,309.27995,171.00644,152.99586,96.96964,78.95852
PA(18:3_20:2),721.48146,461.26739,431.22049,443.25683,413.20993,224.06881,277.21735,307.26425,171.00644,152.99586,96.96964,78.95852
PA(18:3_20:3),719.46586,459.25179,431.22049,441.24123,413.20993,224.06881,277.21735,305.24865,171.00644,152.99586,96.96964,78.95852
PA(18:3_20:4),717.45016,457.23609,431.22049,439.22553,413.20993,224.06881,277.21735,303.23295,171.00644,152.99586,96.96964,78.95852
PA(18:3_20:5),715.43456,455.22049,431.22049,437.20993,413.20993,224.06881,277.21735,301.21735,171.00644,152.99586,96.96964,78.95852
PA(18:3_21:0),739.52846,479.31439,431.22049,461.30383,413.20993,224.06881,277.21735,325.31125,171.00644,152.99586,96.96964,78.95852
PA(18:3_22:0),753.54406,493.32999,431.22049,475.31943,413.20993,224.06881,277.21735,339.32685,171.00644,152.99586,96.96964,78.95852
PA(18:3_22:1),751.52846,491.31439,431.22049,473.30383,413.20993,224.06881,277.21735,337.31125,171.00644,152.99586,96.96964,78.95852
PA(18:3_22:2),749.51276,489.29869,431.22049,471.28813,413.20993,224.06881,277.21735,335.29555,171.00644,152.99586,96.96964,78.95852
PA(18:3_22:3),747.49716,487.28309,431.22049,469.27253,413.20993,224.06881,277.21735,333.27995,171.00644,152.99586,96.96964,78.95852
PA(18:3_22:4),745.48146,485.26739,431.22049,467.25683,413.20993,224.06881,277.21735,331.26425,171.00644,152.99586,96.96964,78.95852
PA(18:3_22:5),743.46586,483.25179,431.22049,465.24123,413.20993,224.06881,277.21735,329.24865,171.00644,152.99586,96.96964,78.95852
PA(18:3_22:6),741.45016,481.23609,431.22049,463.22553,413.20993,224.06881,277.21735,327.23295,171.00644,152.99586,96.96964,78.95852
PA(18:3_23:0),767.55976,507.34569,431.22049,489.33513,413.20993,224.06881,277.21735,353.34255,171.00644,152.99586,96.96964,78.95852
PA(18:3_24:0),781.57536,521.36129,431.22049,503.35073,413.20993,224.06881,277.21735,367.35815,171.00644,152.99586,96.96964,78.95852
PA(18:3_24:1),779.55976,519.34569,431.22049,501.33513,413.20993,224.06881,277.21735,365.34255,171.00644,152.99586,96.96964,78.95852
PA(18:3_25:0),795.59106,535.37699,431.22049,517.36643,413.20993,224.06881,277.21735,381.37385,171.00644,152.99586,96.96964,78.95852
PA(18:3_26:0),809.60666,549.39259,431.22049,531.38203,413.20993,224.06881,277.21735,395.38945,171.00644,152.99586,96.96964,78.95852
PA(18:4_18:4),687.40316,429.20479,429.20479,411.19423,411.19423,224.06881,275.20165,275.20165,171.00644,152.99586,96.96964,78.95852
PA(18:4_19:0),709.48146,451.28309,429.20479,433.27253,411.19423,224.06881,275.20165,297.27995,171.00644,152.99586,96.96964,78.95852
PA(18:4_20:0),723.49706,465.29869,429.20479,447.28813,411.19423,224.06881,275.20165,311.29555,171.00644,152.99586,96.96964,78.95852
PA(18:4_20:1),721.48146,463.28309,429.20479,445.27253,411.19423,224.06881,275.20165,309.27995,171.00644,152.99586,96.96964,78.95852
PA(18:4_20:2),719.46576,461.26739,429.20479,443.25683,411.19423,224.06881,275.20165,307.26425,171.00644,152.99586,96.96964,78.95852
PA(18:4_20:3),717.45016,459.25179,429.20479,441.24123,411.19423,224.06881,275.20165,305.24865,171.00644,152.99586,96.96964,78.95852
PA(18:4_20:4),715.43446,457.23609,429.20479,439.22553,411.19423,224.06881,275.20165,303.23295,171.00644,152.99586,96.96964,78.95852
PA(18:4_20:5),713.41886,455.22049,429.20479,437.20993,411.19423,224.06881,275.20165,301.21735,171.00644,152.99586,96.96964,78.95852
PA(18:4_21:0),737.51276,479.31439,429.20479,461.30383,411.19423,224.06881,275.20165,325.31125,171.00644,152.99586,96.96964,78.95852
PA(18:4_22:0),751.52836,493.32999,429.20479,475.31943,411.19423,224.06881,275.20165,339.32685,171.00644,152.99586,96.96964,78.95852
PA(18:4_22:1),749.51276,491.31439,429.20479,473.30383,411.19423,224.06881,275.20165,337.31125,171.00644,152.99586,96.96964,78.95852
PA(18:4_22:2),747.49706,489.29869,429.20479,471.28813,411.19423,224.06881,275.20165,335.29555,171.00644,152.99586,96.96964,78.95852
PA(18:4_22:3),745.48146,487.28309,429.20479,469.27253,411.19423,224.06881,275.20165,333.27995,171.00644,152.99586,96.96964,78.95852
PA(18:4_22:4),743.46576,485.26739,429.20479,467.25683,411.19423,224.06881,275.20165,331.26425,171.00644,152.99586,96.96964,78.95852
PA(18:4_22:5),741.45016,483.25179,429.20479,465.24123,411.19423,224.06881,275.20165,329.24865,171.00644,152.99586,96.96964,78.95852
PA(18:4_22:6),739.43446,481.23609,429.20479,463.22553,411.19423,224.06881,275.20165,327.23295,171.00644,152.99586,96.96964,78.95852
PA(18:4_23:0),765.54406,507.34569,429.20479,489.33513,411.19423,224.06881,275.20165,353.34255,171.00644,152.99586,96.96964,78.95852
PA(18:4_24:0),779.55966,521.36129,429.20479,503.35073,411.19423,224.06881,275.20165,367.35815,171.00644,152.99586,96.96964,78.95852
PA(18:4_24:1),777.54406,519.34569,429.20479,501.33513,411.19423,224.06881,275.20165,365.34255,171.00644,152.99586,96.96964,78.95852
PA(18:4_25:0),793.57536,535.37699,429.20479,517.36643,411.19423,224.06881,275.20165,381.37385,171.00644,152.99586,96.96964,78.95852
PA(18:4_26:0),807.59096,549.39259,429.20479,531.38203,411.19423,224.06881,275.20165,395.38945,171.00644,152.99586,96.96964,78.95852
PA(19:0_19:0),731.55976,451.28309,451.28309,433.27253,433.27253,224.06881,297.27995,297.27995,171.00644,152.99586,96.96964,78.95852
PA(19:0_20:0),745.57536,465.29869,451.28309,447.28813,433.27253,224.06881,297.27995,311.29555,171.00644,152.99586,96.96964,78.95852
PA(19:0_20:1),743.55976,463.28309,451.28309,445.27253,433.27253,224.06881,297.27995,309.27995,171.00644,152.99586,96.96964,78.95852
PA(19:0_20:2),741.54406,461.26739,451.28309,443.25683,433.27253,224.06881,297.27995,307.26425,171.00644,152.99586,96.96964,78.95852
PA(19:0_20:3),739.52846,459.25179,451.28309,441.24123,433.27253,224.06881,297.27995,305.24865,171.00644,152.99586,96.96964,78.95852
PA(19:0_20:4),737.51276,457.23609,451.28309,439.22553,433.27253,224.06881,297.27995,303.23295,171.00644,152.99586,96.96964,78.95852
PA(19:0_20:5),735.49716,455.22049,451.28309,437.20993,433.27253,224.06881,297.27995,301.21735,171.00644,152.99586,96.96964,78.95852
PA(19:0_21:0),759.59106,479.31439,451.28309,461.30383,433.27253,224.06881,297.27995,325.31125,171.00644,152.99586,96.96964,78.95852
PA(19:0_22:0),773.60666,493.32999,451.28309,475.31943,433.27253,224.06881,297.27995,339.32685,171.00644,152.99586,96.96964,78.95852
PA(19:0_22:1),771.59106,491.31439,451.28309,473.30383,433.27253,224.06881,297.27995,337.31125,171.00644,152.99586,96.96964,78.95852
PA(19:0_22:2),769.57536,489.29869,451.28309,471.28813,433.27253,224.06881,297.27995,335.29555,171.00644,152.99586,96.96964,78.95852
PA(19:0_22:3),767.55976,487.28309,451.28309,469.27253,433.27253,224.06881,297.27995,333.27995,171.00644,152.99586,96.96964,78.95852
PA(19:0_22:4),765.54406,485.26739,451.28309,467.25683,433.27253,224.06881,297.27995,331.26425,171.00644,152.99586,96.96964,78.95852
PA(19:0_22:5),763.52846,483.25179,451.28309,465.24123,433.27253,224.06881,297.27995,329.24865,171.00644,152.99586,96.96964,78.95852
PA(19:0_22:6),761.51276,481.23609,451.28309,463.22553,433.27253,224.06881,297.27995,327.23295,171.00644,152.99586,96.96964,78.95852
PA(19:0_23:0),787.62236,507.34569,451.28309,489.33513,433.27253,224.06881,297.27995,353.34255,171.00644,152.99586,96.96964,78.95852
PA(19:0_24:0),801.63796,521.36129,451.28309,503.35073,433.27253,224.06881,297.27995,367.35815,171.00644,152.99586,96.96964,78.95852
PA(19:0_24:1),799.62236,519.34569,451.28309,501.33513,433.27253,224.06881,297.27995,365.34255,171.00644,152.99586,96.96964,78.95852
PA(19:0_25:0),815.65366,535.37699,451.28309,517.36643,433.27253,224.06881,297.27995,381.37385,171.00644,152.99586,96.96964,78.95852
PA(19:0_26:0),829.66926,549.39259,451.28309,531.38203,433.27253,224.06881,297.27995,395.38945,171.00644,152.99586,96.96964,78.95852
PA(20:0_20:0),759.59096,465.29869,465.29869,447.28813,447.28813,224.06881,311.29555,311.29555,171.00644,152.99586,96.96964,78.95852
PA(20:0_20:1),757.57536,463.28309,465.29869,445.27253,447.28813,224.06881,311.29555,309.27995,171.00644,152.99586,96.96964,78.95852
PA(20:0_20:2),755.55966,461.26739,465.29869,443.25683,447.28813,224.06881,311.29555,307.26425,171.00644,152.99586,96.96964,78.95852
PA(20:0_20:3),753.54406,459.25179,465.29869,441.24123,447.28813,224.06881,311.29555,305.24865,171.00644,152.99586,96.96964,78.95852
PA(20:0_20:4),751.52836,457.23609,465.29869,439.22553,447.28813,224.06881,311.29555,303.23295,171.00644,152.99586,96.96964,78.95852
PA(20:0_20:5),749.51276,455.22049,465.29869,437.20993,447.28813,224.06881,311.29555,301.21735,171.00644,152.99586,96.96964,78.95852
PA(20:0_21:0),773.60666,479.31439,465.29869,461.30383,447.28813,224.06881,311.29555,325.31125,171.00644,152.99586,96.96964,78.95852
PA(20:0_22:0),787.62226,493.32999,465.29869,475.31943,447.28813,224.06881,311.29555,339.32685,171.00644,152.99586,96.96964,78.95852
PA(20:0_22:1),785.60666,491.31439,465.29869,473.30383,447.28813,224.06881,311.29555,337.31125,171.00644,152.99586,96.96964,78.95852
PA(20:0_22:2),783.59096,489.29869,465.29869,471.28813,447.28813,224.06881,311.29555,335.29555,171.00644,152.99586,96.96964,78.95852
PA(20:0_22:3),781.57536,487.28309,465.29869,469.27253,447.28813,224.06881,311.29555,333.27995,171.00644,152.99586,96.96964,78.95852
PA(20:0_22:4),779.55966,485.26739,465.29869,467.25683,447.28813,224.06881,311.29555,331.26425,171.00644,152.99586,96.96964,78.95852
PA(20:0_22:5),777.54406,483.25179,465.29869,465.24123,447.28813,224.06881,311.29555,329.24865,171.00644,152.99586,96.96964,78.95852
PA(20:0_22:6),775.52836,481.23609,465.29869,463.22553,447.28813,224.06881,311.29555,327.23295,171.00644,152.99586,96.96964,78.95852
PA(20:0_23:0),801.63796,507.34569,465.29869,489.33513,447.28813,224.06881,311.29555,353.34255,171.00644,152.99586,96.96964,78.95852
PA(20:0_24:0),815.65356,521.36129,465.29869,503.35073,447.28813,224.06881,311.29555,367.35815,171.00644,152.99586,96.96964,78.95852
PA(20:0_24:1),813.63796,519.34569,465.29869,501.33513,447.28813,224.06881,311.29555,365.34255,171.00644,152.99586,96.96964,78.95852
PA(20:0_25:0),829.66926,535.37699,465.29869,517.36643,447.28813,224.06881,311.29555,381.37385,171.00644,152.99586,96.96964,78.95852
PA(20:0_26:0),843.68486,549.39259,465.29869,531.38203,447.28813,224.06881,311.29555,395.38945,171.00644,152.99586,96.96964,78.95852
PA(20:1_20:1),755.55976,463.28309,463.28309,445.27253,445.27253,224.06881,309.27995,309.27995,171.00644,152.99586,96.96964,78.95852
PA(20:1_20:2),753.54406,461.26739,463.28309,443.25683,445.27253,224.06881,309.27995,307.26425,171.00644,152.99586,96.96964,78.95852
PA(20:1_20:3),751.52846,459.25179,463.28309,441.24123,445.27253,224.06881,309.27995,305.24865,171.00644,152.99586,96.96964,78.95852
PA(20:1_20:4),749.51276,457.23609,463.28309,439.22553,445.27253,224.06881,309.27995,303.23295,171.00644,152.99586,96.96964,78.95852
PA(20:1_20:5),747.49716,455.22049,463.28309,437.20993,445.27253,224.06881,309.27995,301.21735,171.00644,152.99586,96.96964,78.95852
PA(20:1_21:0),771.59106,479.31439,463.28309,461.30383,445.27253,224.06881,309.27995,325.31125,171.00644,152.99586,96.96964,78.95852
PA(20:1_22:0),785.60666,493.32999,463.28309,475.31943,445.27253,224.06881,309.27995,339.32685,171.00644,152.99586,96.96964,78.95852
PA(20:1_22:1),783.59106,491.31439,463.28309,473.30383,445.27253,224.06881,309.27995,337.31125,171.00644,152.99586,96.96964,78.95852
PA(20:1_22:2),781.57536,489.29869,463.28309,471.28813,445.27253,224.06881,309.27995,335.29555,171.00644,152.99586,96.96964,78.95852
PA(20:1_22:3),779.55976,487.28309,463.28309,469.27253,445.27253,224.06881,309.27995,333.27995,171.00644,152.99586,96.96964,78.95852
PA(20:1_22:4),777.54406,485.26739,463.28309,467.25683,445.27253,224.06881,309.27995,331.26425,171.00644,152.99586,96.96964,78.95852
PA(20:1_22:5),775.52846,483.25179,463.28309,465.24123,445.27253,224.06881,309.27995,329.24865,171.00644,152.99586,96.96964,78.95852
PA(20:1_22:6),773.51276,481.23609,463.28309,463.22553,445.27253,224.06881,309.27995,327.23295,171.00644,152.99586,96.96964,78.95852
PA(20:1_23:0),799.62236,507.34569,463.28309,489.33513,445.27253,224.06881,309.27995,353.34255,171.00644,152.99586,96.96964,78.95852
PA(20:1_24:0),813.63796,521.36129,463.28309,503.35073,445.27253,224.06881,309.27995,367.35815,171.00644,152.99586,96.96964,78.95852
PA(20:1_24:1),811.62236,519.34569,463.28309,501.33513,445.27253,224.06881,309.27995,365.34255,171.00644,152.99586,96.96964,78.95852
PA(20:1_25:0),827.65366,535.37699,463.28309,517.36643,445.27253,224.06881,309.27995,381.37385,171.00644,152.99586,96.96964,78.95852
PA(20:1_26:0),841.66926,549.39259,463.28309,531.38203,445.27253,224.06881,309.27995,395.38945,171.00644,152.99586,96.96964,78.95852
PA(20:2_20:2),751.52836,461.26739,461.26739,443.25683,443.25683,224.06881,307.26425,307.26425,171.00644,152.99586,96.96964,78.95852
PA(20:2_20:3),749.51276,459.25179,461.26739,441.24123,443.25683,224.06881,307.26425,305.24865,171.00644,152.99586,96.96964,78.95852
PA(20:2_20:4),747.49706,457.23609,461.26739,439.22553,443.25683,224.06881,307.26425,303.23295,171.00644,152.99586,96.96964,78.95852
PA(20:2_20:5),745.48146,455.22049,461.26739,437.20993,443.25683,224.06881,307.26425,301.21735,171.00644,152.99586,96.96964,78.95852
PA(20:2_21:0),769.57536,479.31439,461.26739,461.30383,443.25683,224.06881,307.26425,325.31125,171.00644,152.99586,96.96964,78.95852
PA(20:2_22:0),783.59096,493.32999,461.26739,475.31943,443.25683,224.06881,307.26425,339.32685,171.00644,152.99586,96.96964,78.95852
PA(20:2_22:1),781.57536,491.31439,461.26739,473.30383,443.25683,224.06881,307.26425,337.31125,171.00644,152.99586,96.96964,78.95852
PA(20:2_22:2),779.55966,489.29869,461.26739,471.28813,443.25683,224.06881,307.26425,335.29555,171.00644,152.99586,96.96964,78.95852
PA(20:2_22:3),777.54406,487.28309,461.26739,469.27253,443.25683,224.06881,307.26425,333.27995,171.00644,152.99586,96.96964,78.95852
PA(20:2_22:4),775.52836,485.26739,461.26739,467.25683,443.25683,224.06881,307.26425,331.26425,171.00644,152.99586,96.96964,78.95852
PA(20:2_22:5),773.51276,483.25179,461.26739,465.24123,443.25683,224.06881,307.26425,329.24865,171.00644,152.99586,96.96964,78.95852
PA(20:2_22:6),771.49706,481.23609,461.26739,463.22553,443.25683,224.06881,307.26425,327.23295,171.00644,152.99586,96.96964,78.95852
PA(20:2_23:0),797.60666,507.34569,461.26739,489.33513,443.25683,224.06881,307.26425,353.34255,171.00644,152.99586,96.96964,78.95852
PA(20:2_24:0),811.62226,521.36129,461.26739,503.35073,443.25683,224.06881,307.26425,367.35815,171.00644,152.99586,96.96964,78.95852
PA(20:2_24:1),809.60666,519.34569,461.26739,501.33513,443.25683,224.06881,307.26425,365.34255,171.00644,152.99586,96.96964,78.95852
PA(20:2_25:0),825.63796,535.37699,461.26739,517.36643,443.25683,224.06881,307.26425,381.37385,171.00644,152.99586,96.96964,78.95852
PA(20:2_26:0),839.65356,549.39259,461.26739,531.38203,443.25683,224.06881,307.26425,395.38945,171.00644,152.99586,96.96964,78.95852
PA(20:3_20:3),747.49716,459.25179,459.25179,441.24123,441.24123,224.06881,305.24865,305.24865,171.00644,152.99586,96.96964,78.95852
PA(20:3_20:4),745.48146,457.23609,459.25179,439.22553,441.24123,224.06881,305.24865,303.23295,171.00644,152.99586,96.96964,78.95852
PA(20:3_20:5),743.46586,455.22049,459.25179,437.20993,441.24123,224.06881,305.24865,301.21735,171.00644,152.99586,96.96964,78.95852
PA(20:3_21:0),767.55976,479.31439,459.25179,461.30383,441.24123,224.06881,305.24865,325.31125,171.00644,152.99586,96.96964,78.95852
PA(20:3_22:0),781.57536,493.32999,459.25179,475.31943,441.24123,224.06881,305.24865,339.32685,171.00644,152.99586,96.96964,78.95852
PA(20:3_22:1),779.55976,491.31439,459.25179,473.30383,441.24123,224.06881,305.24865,337.31125,171.00644,152.99586,96.96964,78.95852
PA(20:3_22:2),777.54406,489.29869,459.25179,471.28813,441.24123,224.06881,305.24865,335.29555,171.00644,152.99586,96.96964,78.95852
PA(20:3_22:3),775.52846,487.28309,459.25179,469.27253,441.24123,224.06881,305.24865,333.27995,171.00644,152.99586,96.96964,78.95852
PA(20:3_22:4),773.51276,485.26739,459.25179,467.25683,441.24123,224.06881,305.24865,331.26425,171.00644,152.99586,96.96964,78.95852
PA(20:3_22:5),771.49716,483.25179,459.25179,465.24123,441.24123,224.06881,305.24865,329.24865,171.00644,152.99586,96.96964,78.95852
PA(20:3_22:6),769.48146,481.23609,459.25179,463.22553,441.24123,224.06881,305.24865,327.23295,171.00644,152.99586,96.96964,78.95852
PA(20:3_23:0),795.59106,507.34569,459.25179,489.33513,441.24123,224.06881,305.24865,353.34255,171.00644,152.99586,96.96964,78.95852
PA(20:3_24:0),809.60666,521.36129,459.25179,503.35073,441.24123,224.06881,305.24865,367.35815,171.00644,152.99586,96.96964,78.95852
PA(20:3_24:1),807.59106,519.34569,459.25179,501.33513,441.24123,224.06881,305.24865,365.34255,171.00644,152.99586,96.96964,78.95852
PA(20:3_25:0),823.62236,535.37699,459.25179,517.36643,441.24123,224.06881,305.24865,381.37385,171.00644,152.99586,96.96964,78.95852
PA(20:3_26:0),837.63796,549.39259,459.25179,531.38203,441.24123,224.06881,305.24865,395.38945,171.00644,152.99586,96.96964,78.95852
PA(20:4_20:4),743.46576,457.23609,457.23609,439.22553,439.22553,224.06881,303.23295,303.23295,171.00644,152.99586,96.96964,78.95852
PA(20:4_20:5),741.45016,455.22049,457.23609,437.20993,439.22553,224.06881,303.23295,301.21735,171.00644,152.99586,96.96964,78.95852
PA(20:4_21:0),765.54406,479.31439,457.23609,461.30383,439.22553,224.06881,303.23295,325.31125,171.00644,152.99586,96.96964,78.95852
PA(20:4_22:0),779.55966,493.32999,457.23609,475.31943,439.22553,224.06881,303.23295,339.32685,171.00644,152.99586,96.96964,78.95852
PA(20:4_22:1),777.54406,491.31439,457.23609,473.30383,439.22553,224.06881,303.23295,337.31125,171.00644,152.99586,96.96964,78.95852
PA(20:4_22:2),775.52836,489.29869,457.23609,471.28813,439.22553,224.06881,303.23295,335.29555,171.00644,152.99586,96.96964,78.95852
PA(20:4_22:3),773.51276,487.28309,457.23609,469.27253,439.22553,224.06881,303.23295,333.27995,171.00644,152.99586,96.96964,78.95852
PA(20:4_22:4),771.49706,485.26739,457.23609,467.25683,439.22553,224.06881,303.23295,331.26425,171.00644,152.99586,96.96964,78.95852
PA(20:4_22:5),769.48146,483.25179,457.23609,465.24123,439.22553,224.06881,303.23295,329.24865,171.00644,152.99586,96.96964,78.95852
PA(20:4_22:6),767.46576,481.23609,457.23609,463.22553,439.22553,224.06881,303.23295,327.23295,171.00644,152.99586,96.96964,78.95852
PA(20:4_23:0),793.57536,507.34569,457.23609,489.33513,439.22553,224.06881,303.23295,353.34255,171.00644,152.99586,96.96964,78.95852
PA(20:4_24:0),807.59096,521.36129,457.23609,503.35073,439.22553,224.06881,303.23295,367.35815,171.00644,152.99586,96.96964,78.95852
PA(20:4_24:1),805.57536,519.34569,457.23609,501.33513,439.22553,224.06881,303.23295,365.34255,171.00644,152.99586,96.96964,78.95852
PA(20:4_25:0),821.60666,535.37699,457.23609,517.36643,439.22553,224.06881,303.23295,381.37385,171.00644,152.99586,96.96964,78.95852
PA(20:4_26:0),835.62226,549.39259,457.23609,531.38203,439.22553,224.06881,303.23295,395.38945,171.00644,152.99586,96.96964,78.95852
PA(20:5_20:5),739.43456,455.22049,455.22049,437.20993,437.20993,224.06881,301.21735,301.21735,171.00644,152.99586,96.96964,78.95852
PA(20:5_21:0),763.52846,479.31439,455.22049,461.30383,437.20993,224.06881,301.21735,325.31125,171.00644,152.99586,96.96964,78.95852
PA(20:5_22:0),777.54406,493.32999,455.22049,475.31943,437.20993,224.06881,301.21735,339.32685,171.00644,152.99586,96.96964,78.95852
PA(20:5_22:1),775.52846,491.31439,455.22049,473.30383,437.20993,224.06881,301.21735,337.31125,171.00644,152.99586,96.96964,78.95852
PA(20:5_22:2),773.51276,489.29869,455.22049,471.28813,437.20993,224.06881,301.21735,335.29555,171.00644,152.99586,96.96964,78.95852
PA(20:5_22:3),771.49716,487.28309,455.22049,469.27253,437.20993,224.06881,301.21735,333.27995,171.00644,152.99586,96.96964,78.95852
PA(20:5_22:4),769.48146,485.26739,455.22049,467.25683,437.20993,224.06881,301.21735,331.26425,171.00644,152.99586,96.96964,78.95852
PA(20:5_22:5),767.46586,483.25179,455.22049,465.24123,437.20993,224.06881,301.21735,329.24865,171.00644,152.99586,96.96964,78.95852
PA(20:5_22:6),765.45016,481.23609,455.22049,463.22553,437.20993,224.06881,301.21735,327.23295,171.00644,152.99586,96.96964,78.95852
PA(20:5_23:0),791.55976,507.34569,455.22049,489.33513,437.20993,224.06881,301.21735,353.34255,171.00644,152.99586,96.96964,78.95852
PA(20:5_24:0),805.57536,521.36129,455.22049,503.35073,437.20993,224.06881,301.21735,367.35815,171.00644,152.99586,96.96964,78.95852
PA(20:5_24:1),803.55976,519.34569,455.22049,501.33513,437.20993,224.06881,301.21735,365.34255,171.00644,152.99586,96.96964,78.95852
PA(20:5_25:0),819.59106,535.37699,455.22049,517.36643,437.20993,224.06881,301.21735,381.37385,171.00644,152.99586,96.96964,78.95852
PA(20:5_26:0),833.60666,549.39259,455.22049,531.38203,437.20993,224.06881,301.21735,395.38945,171.00644,152.99586,96.96964,78.95852
PA(21:0_21:0),787.62236,479.31439,479.31439,461.30383,461.30383,224.06881,325.31125,325.31125,171.00644,152.99586,96.96964,78.95852
PA(21:0_22:0),801.63796,493.32999,479.31439,475.31943,461.30383,224.06881,325.31125,339.32685,171.00644,152.99586,96.96964,78.95852
PA(21:0_22:1),799.62236,491.31439,479.31439,473.30383,461.30383,224.06881,325.31125,337.31125,171.00644,152.99586,96.96964,78.95852
PA(21:0_22:2),797.60666,489.29869,479.31439,471.28813,461.30383,224.06881,325.31125,335.29555,171.00644,152.99586,96.96964,78.95852
PA(21:0_22:3),795.59106,487.28309,479.31439,469.27253,461.30383,224.06881,325.31125,333.27995,171.00644,152.99586,96.96964,78.95852
PA(21:0_22:4),793.57536,485.26739,479.31439,467.25683,461.30383,224.06881,325.31125,331.26425,171.00644,152.99586,96.96964,78.95852
PA(21:0_22:5),791.55976,483.25179,479.31439,465.24123,461.30383,224.06881,325.31125,329.24865,171.00644,152.99586,96.96964,78.95852
PA(21:0_22:6),789.54406,481.23609,479.31439,463.22553,461.30383,224.06881,325.31125,327.23295,171.00644,152.99586,96.96964,78.95852
PA(21:0_23:0),815.65366,507.34569,479.31439,489.33513,461.30383,224.06881,325.31125,353.34255,171.00644,152.99586,96.96964,78.95852
PA(21:0_24:0),829.66926,521.36129,479.31439,503.35073,461.30383,224.06881,325.31125,367.35815,171.00644,152.99586,96.96964,78.95852
PA(21:0_24:1),827.65366,519.34569,479.31439,501.33513,461.30383,224.06881,325.31125,365.34255,171.00644,152.99586,96.96964,78.95852
PA(21:0_25:0),843.68496,535.37699,479.31439,517.36643,461.30383,224.06881,325.31125,381.37385,171.00644,152.99586,96.96964,78.95852
PA(21:0_26:0),857.70056,549.39259,479.31439,531.38203,461.30383,224.06881,325.31125,395.38945,171.00644,152.99586,96.96964,78.95852
PA(22:0_22:0),815.65356,493.32999,493.32999,475.31943,475.31943,224.06881,339.32685,339.32685,171.00644,152.99586,96.96964,78.95852
PA(22:0_22:1),813.63796,491.31439,493.32999,473.30383,475.31943,224.06881,339.32685,337.31125,171.00644,152.99586,96.96964,78.95852
PA(22:0_22:2),811.62226,489.29869,493.32999,471.28813,475.31943,224.06881,339.32685,335.29555,171.00644,152.99586,96.96964,78.95852
PA(22:0_22:3),809.60666,487.28309,493.32999,469.27253,475.31943,224.06881,339.32685,333.27995,171.00644,152.99586,96.96964,78.95852
PA(22:0_22:4),807.59096,485.26739,493.32999,467.25683,475.31943,224.06881,339.32685,331.26425,171.00644,152.99586,96.96964,78.95852
PA(22:0_22:5),805.57536,483.25179,493.32999,465.24123,475.31943,224.06881,339.32685,329.24865,171.00644,152.99586,96.96964,78.95852
PA(22:0_22:6),803.55966,481.23609,493.32999,463.22553,475.31943,224.06881,339.32685,327.23295,171.00644,152.99586,96.96964,78.95852
PA(22:0_23:0),829.66926,507.34569,493.32999,489.33513,475.31943,224.06881,339.32685,353.34255,171.00644,152.99586,96.96964,78.95852
PA(22:0_24:0),843.68486,521.36129,493.32999,503.35073,475.31943,224.06881,339.32685,367.35815,171.00644,152.99586,96.96964,78.95852
PA(22:0_24:1),841.66926,519.34569,493.32999,501.33513,475.31943,224.06881,339.32685,365.34255,171.00644,152.99586,96.96964,78.95852
PA(22:0_25:0),857.70056,535.37699,493.32999,517.36643,475.31943,224.06881,339.32685,381.37385,171.00644,152.99586,96.96964,78.95852
PA(22:0_26:0),871.71616,549.39259,493.32999,531.38203,475.31943,224.06881,339.32685,395.38945,171.00644,152.99586,96.96964,78.95852
PA(22:1_22:1),811.62236,491.31439,491.31439,473.30383,473.30383,224.06881,337.31125,337.31125,171.00644,152.99586,96.96964,78.95852
PA(22:1_22:2),809.60666,489.29869,491.31439,471.28813,473.30383,224.06881,337.31125,335.29555,171.00644,152.99586,96.96964,78.95852
PA(22:1_22:3),807.59106,487.28309,491.31439,469.27253,473.30383,224.06881,337.31125,333.27995,171.00644,152.99586,96.96964,78.95852
PA(22:1_22:4),805.57536,485.26739,491.31439,467.25683,473.30383,224.06881,337.31125,331.26425,171.00644,152.99586,96.96964,78.95852
PA(22:1_22:5),803.55976,483.25179,491.31439,465.24123,473.30383,224.06881,337.31125,329.24865,171.00644,152.99586,96.96964,78.95852
PA(22:1_22:6),801.54406,481.23609,491.31439,463.22553,473.30383,224.06881,337.31125,327.23295,171.00644,152.99586,96.96964,78.95852
PA(22:1_23:0),827.65366,507.34569,491.31439,489.33513,473.30383,224.06881,337.31125,353.34255,171.00644,152.99586,96.96964,78.95852
PA(22:1_24:0),841.66926,521.36129,491.31439,503.35073,473.30383,224.06881,337.31125,367.35815,171.00644,152.99586,96.96964,78.95852
PA(22:1_24:1),839.65366,519.34569,491.31439,501.33513,473.30383,224.06881,337.31125,365.34255,171.00644,152.99586,96.96964,78.95852
PA(22:1_25:0),855.68496,535.37699,491.31439,517.36643,473.30383,224.06881,337.31125,381.37385,171.00644,152.99586,96.96964,78.95852
PA(22:1_26:0),869.70056,549.39259,491.31439,531.38203,473.30383,224.06881,337.31125,395.38945,171.00644,152.99586,96.96964,78.95852
PA(22:2_22:2),807.59096,489.29869,489.29869,471.28813,471.28813,224.06881,335.29555,335.29555,171.00644,152.99586,96.96964,78.95852
PA(22:2_22:3),805.57536,487.28309,489.29869,469.27253,471.28813,224.06881,335.29555,333.27995,171.00644,152.99586,96.96964,78.95852
PA(22:2_22:4),803.55966,485.26739,489.29869,467.25683,471.28813,224.06881,335.29555,331.26425,171.00644,152.99586,96.96964,78.95852
PA(22:2_22:5),801.54406,483.25179,489.29869,465.24123,471.28813,224.06881,335.29555,329.24865,171.00644,152.99586,96.96964,78.95852
PA(22:2_22:6),799.52836,481.23609,489.29869,463.22553,471.28813,224.06881,335.29555,327.23295,171.00644,152.99586,96.96964,78.95852
PA(22:2_23:0),825.63796,507.34569,489.29869,489.33513,471.28813,224.06881,335.29555,353.34255,171.00644,152.99586,96.96964,78.95852
PA(22:2_24:0),839.65356,521.36129,489.29869,503.35073,471.28813,224.06881,335.29555,367.35815,171.00644,152.99586,96.96964,78.95852
PA(22:2_24:1),837.63796,519.34569,489.29869,501.33513,471.28813,224.06881,335.29555,365.34255,171.00644,152.99586,96.96964,78.95852
PA(22:2_25:0),853.66926,535.37699,489.29869,517.36643,471.28813,224.06881,335.29555,381.37385,171.00644,152.99586,96.96964,78.95852
PA(22:2_26:0),867.68486,549.39259,489.29869,531.38203,471.28813,224.06881,335.29555,395.38945,171.00644,152.99586,96.96964,78.95852
PA(22:3_22:3),803.55976,487.28309,487.28309,469.27253,469.27253,224.06881,333.27995,333.27995,171.00644,152.99586,96.96964,78.95852
PA(22:3_22:4),801.54406,485.26739,487.28309,467.25683,469.27253,224.06881,333.27995,331.26425,171.00644,152.99586,96.96964,78.95852
PA(22:3_22:5),799.52846,483.25179,487.28309,465.24123,469.27253,224.06881,333.27995,329.24865,171.00644,152.99586,96.96964,78.95852
PA(22:3_22:6),797.51276,481.23609,487.28309,463.22553,469.27253,224.06881,333.27995,327.23295,171.00644,152.99586,96.96964,78.95852
PA(22:3_23:0),823.62236,507.34569,487.28309,489.33513,469.27253,224.06881,333.27995,353.34255,171.00644,152.99586,96.96964,78.95852
PA(22:3_24:0),837.63796,521.36129,487.28309,503.35073,469.27253,224.06881,333.27995,367.35815,171.00644,152.99586,96.96964,78.95852
PA(22:3_24:1),835.62236,519.34569,487.28309,501.33513,469.27253,224.06881,333.27995,365.34255,171.00644,152.99586,96.96964,78.95852
PA(22:3_25:0),851.65366,535.37699,487.28309,517.36643,469.27253,224.06881,333.27995,381.37385,171.00644,152.99586,96.96964,78.95852
PA(22:3_26:0),865.66926,549.39259,487.28309,531.38203,469.27253,224.06881,333.27995,395.38945,171.00644,152.99586,96.96964,78.95852
PA(22:4_22:4),799.52836,485.26739,485.26739,467.25683,467.25683,224.06881,331.26425,331.26425,171.00644,152.99586,96.96964,78.95852
PA(22:4_22:5),797.51276,483.25179,485.26739,465.24123,467.25683,224.06881,331.26425,329.24865,171.00644,152.99586,96.96964,78.95852
PA(22:4_22:6),795.49706,481.23609,485.26739,463.22553,467.25683,224.06881,331.26425,327.23295,171.00644,152.99586,96.96964,78.95852
PA(22:4_23:0),821.60666,507.34569,485.26739,489.33513,467.25683,224.06881,331.26425,353.34255,171.00644,152.99586,96.96964,78.95852
PA(22:4_24:0),835.62226,521.36129,485.26739,503.35073,467.25683,224.06881,331.26425,367.35815,171.00644,152.99586,96.96964,78.95852
PA(22:4_24:1),833.60666,519.34569,485.26739,501.33513,467.25683,224.06881,331.26425,365.34255,171.00644,152.99586,96.96964,78.95852
PA(22:4_25:0),849.63796,535.37699,485.26739,517.36643,467.25683,224.06881,331.26425,381.37385,171.00644,152.99586,96.96964,78.95852
PA(22:4_26:0),863.65356,549.39259,485.26739,531.38203,467.25683,224.06881,331.26425,395.38945,171.00644,152.99586,96.96964,78.95852
PA(22:5_22:5),795.49716,483.25179,483.25179,465.24123,465.24123,224.06881,329.24865,329.24865,171.00644,152.99586,96.96964,78.95852
PA(22:5_22:6),793.48146,481.23609,483.25179,463.22553,465.24123,224.06881,329.24865,327.23295,171.00644,152.99586,96.96964,78.95852
PA(22:5_23:0),819.59106,507.34569,483.25179,489.33513,465.24123,224.06881,329.24865,353.34255,171.00644,152.99586,96.96964,78.95852
PA(22:5_24:0),833.60666,521.36129,483.25179,503.35073,465.24123,224.06881,329.24865,367.35815,171.00644,152.99586,96.96964,78.95852
PA(22:5_24:1),831.59106,519.34569,483.25179,501.33513,465.24123,224.06881,329.24865,365.34255,171.00644,152.99586,96.96964,78.95852
PA(22:5_25:0),847.62236,535.37699,483.25179,517.36643,465.24123,224.06881,329.24865,381.37385,171.00644,152.99586,96.96964,78.95852
PA(22:5_26:0),861.63796,549.39259,483.25179,531.38203,465.24123,224.06881,329.24865,395.38945,171.00644,152.99586,96.96964,78.95852
PA(22:6_22:6),791.46576,481.23609,481.23609,463.22553,463.22553,224.06881,327.23295,327.23295,171.00644,152.99586,96.96964,78.95852
PA(22:6_23:0),817.57536,507.34569,481.23609,489.33513,463.22553,224.06881,327.23295,353.34255,171.00644,152.99586,96.96964,78.95852
PA(22:6_24:0),831.59096,521.36129,481.23609,503.35073,463.22553,224.06881,327.23295,367.35815,171.00644,152.99586,96.96964,78.95852
PA(22:6_24:1),829.57536,519.34569,481.23609,501.33513,463.22553,224.06881,327.23295,365.34255,171.00644,152.99586,96.96964,78.95852
PA(22:6_25:0),845.60666,535.37699,481.23609,517.36643,463.22553,224.06881,327.23295,381.37385,171.00644,152.99586,96.96964,78.95852
PA(22:6_26:0),859.62226,549.39259,481.23609,531.38203,463.22553,224.06881,327.23295,395.38945,171.00644,152.99586,96.96964,78.95852
PA(23:0_23:0),843.68496,507.34569,507.34569,489.33513,489.33513,224.06881,353.34255,353.34255,171.00644,152.99586,96.96964,78.95852
PA(23:0_24:0),857.70056,521.36129,507.34569,503.35073,489.33513,224.06881,353.34255,367.35815,171.00644,152.99586,96.96964,78.95852
PA(23:0_24:1),855.68496,519.34569,507.34569,501.33513,489.33513,224.06881,353.34255,365.34255,171.00644,152.99586,96.96964,78.95852
PA(23:0_25:0),871.71626,535.37699,507.34569,517.36643,489.33513,224.06881,353.34255,381.37385,171.00644,152.99586,96.96964,78.95852
PA(23:0_26:0),885.73186,549.39259,507.34569,531.38203,489.33513,224.06881,353.34255,395.38945,171.00644,152.99586,96.96964,78.95852
PA(24:0_24:0),871.71616,521.36129,521.36129,503.35073,503.35073,224.06881,367.35815,367.35815,171.00644,152.99586,96.96964,78.95852
PA(24:0_24:1),869.70056,519.34569,521.36129,501.33513,503.35073,224.06881,367.35815,365.34255,171.00644,152.99586,96.96964,78.95852
PA(24:0_25:0),885.73186,535.37699,521.36129,517.36643,503.35073,224.06881,367.35815,381.37385,171.00644,152.99586,96.96964,78.95852
PA(24:0_26:0),899.74746,549.39259,521.36129,531.38203,503.35073,224.06881,367.35815,395.38945,171.00644,152.99586,96.96964,78.95852
PA(24:1_24:1),867.68496,519.34569,519.34569,501.33513,501.33513,224.06881,365.34255,365.34255,171.00644,152.99586,96.96964,78.95852
PA(24:1_25:0),883.71626,535.37699,519.34569,517.36643,501.33513,224.06881,365.34255,381.37385,171.00644,152.99586,96.96964,78.95852
PA(24:1_26:0),897.73186,549.39259,519.34569,531.38203,501.33513,224.06881,365.34255,395.38945,171.00644,152.99586,96.96964,78.95852
PA(25:0_25:0),899.74756,535.37699,535.37699,517.36643,517.36643,224.06881,381.37385,381.37385,171.00644,152.99586,96.96964,78.95852
PA(25:0_26:0),913.76316,549.39259,535.37699,531.38203,517.36643,224.06881,381.37385,395.38945,171.00644,152.99586,96.96964,78.95852
PA(26:0_26:0),927.77876,549.39259,549.39259,531.38203,531.38203,224.06881,395.38945,395.38945,171.00644,152.99586,96.96964,78.95852
scores,0.01,0.01,0.01,0.01,0.01,0.01,0.45,0.45,0.01,0.01,0.01,0.01
