PE,[M-H]-,[M-T1RCHCO]-,[M-T2RCHCO]-,[M-T1RCOOH]-,[M-T2RCOOH]-,[T1_RCOO]-,[T2_RCOO]-,[Glycerol-3-phosphate-H2O]-,[H2PO4]-,[PO3]-,[PE]-,[PE-H2O]-
PE(8:0_8:0),466.25752,340.15305,340.15305,322.14249,322.14249,143.10775,143.10775,152.99586,96.96964,78.95852,140.01128,122.0007
PE(8:0_10:0),494.28882,368.18435,340.15305,350.17379,322.14249,143.10775,171.13905,152.99586,96.96964,78.95852,140.01128,122.0007
PE(8:0_12:0),522.32012,396.21565,340.15305,378.20509,322.14249,143.10775,199.17035,152.99586,96.96964,78.95852,140.01128,122.0007
PE(8:0_13:0),536.33582,410.23135,340.15305,392.22079,322.14249,143.10775,213.18605,152.99586,96.96964,78.95852,140.01128,122.0007
PE(8:0_14:0),550.35142,424.24695,340.15305,406.23639,322.14249,143.10775,227.20165,152.99586,96.96964,78.95852,140.01128,122.0007
PE(8:0_14:1),548.33582,422.23135,340.15305,404.22079,322.14249,143.10775,225.18605,152.99586,96.96964,78.95852,140.01128,122.0007
PE(8:0_15:0),564.36712,438.26265,340.15305,420.25209,322.14249,143.10775,241.21735,152.99586,96.96964,78.95852,140.01128,122.0007
PE(8:0_15:1),562.35142,436.24695,340.15305,418.23639,322.14249,143.10775,239.20165,152.99586,96.96964,78.95852,140.01128,122.0007
PE(8:0_16:0),578.38272,452.27825,340.15305,434.26769,322.14249,143.10775,255.23295,152.99586,96.96964,78.95852,140.01128,122.0007
PE(8:0_16:1),576.36712,450.26265,340.15305,432.25209,322.14249,143.10775,253.21735,152.99586,96.96964,78.95852,140.01128,122.0007
PE(8:0_17:0),592.39842,466.29395,340.15305,448.28339,322.14249,143.10775,269.24865,152.99586,96.96964,78.95852,140.01128,122.0007
PE(8:0_17:1),590.38272,464.27825,340.15305,446.26769,322.14249,143.10775,267.23295,152.99586,96.96964,78.95852,140.01128,122.0007
PE(8:0_17:2),588.36712,462.26265,340.15305,444.25209,322.14249,143.10775,265.21735,152.99586,96.96964,78.95852,140.01128,122.0007
PE(8:0_18:0),606.41402,480.30955,340.15305,462.29899,322.14249,143.10775,283.26425,152.99586,96.96964,78.95852,140.01128,122.0007
PE(8:0_18:1),604.39842,478.29395,340.15305,460.28339,322.14249,143.10775,281.24865,152.99586,96.96964,78.95852,140.01128,122.0007
PE(8:0_18:2),602.38272,476.27825,340.15305,458.26769,322.14249,143.10775,279.23295,152.99586,96.96964,78.95852,140.01128,122.0007
PE(8:0_18:3),600.36712,474.26265,340.15305,456.25209,322.14249,143.10775,277.21735,152.99586,96.96964,78.95852,140.01128,122.0007
PE(8:0_18:4),598.35142,472.24695,340.15305,454.23639,322.14249,143.10775,275.20165,152.99586,96.96964,78.95852,140.01128,122.0007
PE(8:0_19:0),620.42972,494.32525,340.15305,476.31469,322.14249,143.10775,297.27995,152.99586,96.96964,78.95852,140.01128,122.0007
PE(8:0_20:0),634.44532,508.34085,340.15305,490.33029,322.14249,143.10775,311.29555,152.99586,96.96964,78.95852,140.01128,122.0007
PE(8:0_20:1),632.42972,506.32525,340.15305,488.31469,322.14249,143.10775,309.27995,152.99586,96.96964,78.95852,140.01128,122.0007
PE(8:0_20:2),630.41402,504.30955,340.15305,486.29899,322.14249,143.10775,307.26425,152.99586,96.96964,78.95852,140.01128,122.0007
PE(8:0_20:3),628.39842,502.29395,340.15305,484.28339,322.14249,143.10775,305.24865,152.99586,96.96964,78.95852,140.01128,122.0007
PE(8:0_20:4),626.38272,500.27825,340.15305,482.26769,322.14249,143.10775,303.23295,152.99586,96.96964,78.95852,140.01128,122.0007
PE(8:0_20:5),624.36712,498.26265,340.15305,480.25209,322.14249,143.10775,301.21735,152.99586,96.96964,78.95852,140.01128,122.0007
PE(8:0_21:0),648.46102,522.35655,340.15305,504.34599,322.14249,143.10775,325.31125,152.99586,96.96964,78.95852,140.01128,122.0007
PE(8:0_22:0),662.47662,536.37215,340.15305,518.36159,322.14249,143.10775,339.32685,152.99586,96.96964,78.95852,140.01128,122.0007
PE(8:0_22:1),660.46102,534.35655,340.15305,516.34599,322.14249,143.10775,337.31125,152.99586,96.96964,78.95852,140.01128,122.0007
PE(8:0_22:2),658.44532,532.34085,340.15305,514.33029,322.14249,143.10775,335.29555,152.99586,96.96964,78.95852,140.01128,122.0007
PE(8:0_22:3),656.42972,530.32525,340.15305,512.31469,322.14249,143.10775,333.27995,152.99586,96.96964,78.95852,140.01128,122.0007
PE(8:0_22:4),654.41402,528.30955,340.15305,510.29899,322.14249,143.10775,331.26425,152.99586,96.96964,78.95852,140.01128,122.0007
PE(8:0_22:5),652.39842,526.29395,340.15305,508.28339,322.14249,143.10775,329.24865,152.99586,96.96964,78.95852,140.01128,122.0007
PE(8:0_22:6),650.38272,524.27825,340.15305,506.26769,322.14249,143.10775,327.23295,152.99586,96.96964,78.95852,140.01128,122.0007
PE(8:0_23:0),676.49232,550.38785,340.15305,532.37729,322.14249,143.10775,353.34255,152.99586,96.96964,78.95852,140.01128,122.0007
PE(8:0_24:0),690.50792,564.40345,340.15305,546.39289,322.14249,143.10775,367.35815,152.99586,96.96964,78.95852,140.01128,122.0007
PE(8:0_24:1),688.49232,562.38785,340.15305,544.37729,322.14249,143.10775,365.34255,152.99586,96.96964,78.95852,140.01128,122.0007
PE(8:0_25:0),704.52362,578.41915,340.15305,560.40859,322.14249,143.10775,381.37385,152.99586,96.96964,78.95852,140.01128,122.0007
PE(8:0_26:0),718.53922,592.43475,340.15305,574.42419,322.14249,143.10775,395.38945,152.99586,96.96964,78.95852,140.01128,122.0007
PE(10:0_10:0),522.32012,368.18435,368.18435,350.17379,350.17379,171.13905,171.13905,152.99586,96.96964,78.95852,140.01128,122.0007
PE(10:0_12:0),550.35142,396.21565,368.18435,378.20509,350.17379,171.13905,199.17035,152.99586,96.96964,78.95852,140.01128,122.0007
PE(10:0_13:0),564.36712,410.23135,368.18435,392.22079,350.17379,171.13905,213.18605,152.99586,96.96964,78.95852,140.01128,122.0007
PE(10:0_14:0),578.38272,424.24695,368.18435,406.23639,350.17379,171.13905,227.20165,152.99586,96.96964,78.95852,140.01128,122.0007
PE(10:0_14:1),576.36712,422.23135,368.18435,404.22079,350.17379,171.13905,225.18605,152.99586,96.96964,78.95852,140.01128,122.0007
PE(10:0_15:0),592.39842,438.26265,368.18435,420.25209,350.17379,171.13905,241.21735,152.99586,96.96964,78.95852,140.01128,122.0007
PE(10:0_15:1),590.38272,436.24695,368.18435,418.23639,350.17379,171.13905,239.20165,152.99586,96.96964,78.95852,140.01128,122.0007
PE(10:0_16:0),606.41402,452.27825,368.18435,434.26769,350.17379,171.13905,255.23295,152.99586,96.96964,78.95852,140.01128,122.0007
PE(10:0_16:1),604.39842,450.26265,368.18435,432.25209,350.17379,171.13905,253.21735,152.99586,96.96964,78.95852,140.01128,122.0007
PE(10:0_17:0),620.42972,466.29395,368.18435,448.28339,350.17379,171.13905,269.24865,152.99586,96.96964,78.95852,140.01128,122.0007
PE(10:0_17:1),618.41402,464.27825,368.18435,446.26769,350.17379,171.13905,267.23295,152.99586,96.96964,78.95852,140.01128,122.0007
PE(10:0_17:2),616.39842,462.26265,368.18435,444.25209,350.17379,171.13905,265.21735,152.99586,96.96964,78.95852,140.01128,122.0007
PE(10:0_18:0),634.44532,480.30955,368.18435,462.29899,350.17379,171.13905,283.26425,152.99586,96.96964,78.95852,140.01128,122.0007
PE(10:0_18:1),632.42972,478.29395,368.18435,460.28339,350.17379,171.13905,281.24865,152.99586,96.96964,78.95852,140.01128,122.0007
PE(10:0_18:2),630.41402,476.27825,368.18435,458.26769,350.17379,171.13905,279.23295,152.99586,96.96964,78.95852,140.01128,122.0007
PE(10:0_18:3),628.39842,474.26265,368.18435,456.25209,350.17379,171.13905,277.21735,152.99586,96.96964,78.95852,140.01128,122.0007
PE(10:0_18:4),626.38272,472.24695,368.18435,454.23639,350.17379,171.13905,275.20165,152.99586,96.96964,78.95852,140.01128,122.0007
PE(10:0_19:0),648.46102,494.32525,368.18435,476.31469,350.17379,171.13905,297.27995,152.99586,96.96964,78.95852,140.01128,122.0007
PE(10:0_20:0),662.47662,508.34085,368.18435,490.33029,350.17379,171.13905,311.29555,152.99586,96.96964,78.95852,140.01128,122.0007
PE(10:0_20:1),660.46102,506.32525,368.18435,488.31469,350.17379,171.13905,309.27995,152.99586,96.96964,78.95852,140.01128,122.0007
PE(10:0_20:2),658.44532,504.30955,368.18435,486.29899,350.17379,171.13905,307.26425,152.99586,96.96964,78.95852,140.01128,122.0007
PE(10:0_20:3),656.42972,502.29395,368.18435,484.28339,350.17379,171.13905,305.24865,152.99586,96.96964,78.95852,140.01128,122.0007
PE(10:0_20:4),654.41402,500.27825,368.18435,482.26769,350.17379,171.13905,303.23295,152.99586,96.96964,78.95852,140.01128,122.0007
PE(10:0_20:5),652.39842,498.26265,368.18435,480.25209,350.17379,171.13905,301.21735,152.99586,96.96964,78.95852,140.01128,122.0007
PE(10:0_21:0),676.49232,522.35655,368.18435,504.34599,350.17379,171.13905,325.31125,152.99586,96.96964,78.95852,140.01128,122.0007
PE(10:0_22:0),690.50792,536.37215,368.18435,518.36159,350.17379,171.13905,339.32685,152.99586,96.96964,78.95852,140.01128,122.0007
PE(10:0_22:1),688.49232,534.35655,368.18435,516.34599,350.17379,171.13905,337.31125,152.99586,96.96964,78.95852,140.01128,122.0007
PE(10:0_22:2),686.47662,532.34085,368.18435,514.33029,350.17379,171.13905,335.29555,152.99586,96.96964,78.95852,140.01128,122.0007
PE(10:0_22:3),684.46102,530.32525,368.18435,512.31469,350.17379,171.13905,333.27995,152.99586,96.96964,78.95852,140.01128,122.0007
PE(10:0_22:4),682.44532,528.30955,368.18435,510.29899,350.17379,171.13905,331.26425,152.99586,96.96964,78.95852,140.01128,122.0007
PE(10:0_22:5),680.42972,526.29395,368.18435,508.28339,350.17379,171.13905,329.24865,152.99586,96.96964,78.95852,140.01128,122.0007
PE(10:0_22:6),678.41402,524.27825,368.18435,506.26769,350.17379,171.13905,327.23295,152.99586,96.96964,78.95852,140.01128,122.0007
PE(10:0_23:0),704.52362,550.38785,368.18435,532.37729,350.17379,171.13905,353.34255,152.99586,96.96964,78.95852,140.01128,122.0007
PE(10:0_24:0),718.53922,564.40345,368.18435,546.39289,350.17379,171.13905,367.35815,152.99586,96.96964,78.95852,140.01128,122.0007
PE(10:0_24:1),716.52362,562.38785,368.18435,544.37729,350.17379,171.13905,365.34255,152.99586,96.96964,78.95852,140.01128,122.0007
PE(10:0_25:0),732.55492,578.41915,368.18435,560.40859,350.17379,171.13905,381.37385,152.99586,96.96964,78.95852,140.01128,122.0007
PE(10:0_26:0),746.57052,592.43475,368.18435,574.42419,350.17379,171.13905,395.38945,152.99586,96.96964,78.95852,140.01128,122.0007
PE(12:0_12:0),578.38272,396.21565,396.21565,378.20509,378.20509,199.17035,199.17035,152.99586,96.96964,78.95852,140.01128,122.0007
PE(12:0_13:0),592.39842,410.23135,396.21565,392.22079,378.20509,199.17035,213.18605,152.99586,96.96964,78.95852,140.01128,122.0007
PE(12:0_14:0),606.41402,424.24695,396.21565,406.23639,378.20509,199.17035,227.20165,152.99586,96.96964,78.95852,140.01128,122.0007
PE(12:0_14:1),604.39842,422.23135,396.21565,404.22079,378.20509,199.17035,225.18605,152.99586,96.96964,78.95852,140.01128,122.0007
PE(12:0_15:0),620.42972,438.26265,396.21565,420.25209,378.20509,199.17035,241.21735,152.99586,96.96964,78.95852,140.01128,122.0007
PE(12:0_15:1),618.41402,436.24695,396.21565,418.23639,378.20509,199.17035,239.20165,152.99586,96.96964,78.95852,140.01128,122.0007
PE(12:0_16:0),634.44532,452.27825,396.21565,434.26769,378.20509,199.17035,255.23295,152.99586,96.96964,78.95852,140.01128,122.0007
PE(12:0_16:1),632.42972,450.26265,396.21565,432.25209,378.20509,199.17035,253.21735,152.99586,96.96964,78.95852,140.01128,122.0007
PE(12:0_17:0),648.46102,466.29395,396.21565,448.28339,378.20509,199.17035,269.24865,152.99586,96.96964,78.95852,140.01128,122.0007
PE(12:0_17:1),646.44532,464.27825,396.21565,446.26769,378.20509,199.17035,267.23295,152.99586,96.96964,78.95852,140.01128,122.0007
PE(12:0_17:2),644.42972,462.26265,396.21565,444.25209,378.20509,199.17035,265.21735,152.99586,96.96964,78.95852,140.01128,122.0007
PE(12:0_18:0),662.47662,480.30955,396.21565,462.29899,378.20509,199.17035,283.26425,152.99586,96.96964,78.95852,140.01128,122.0007
PE(12:0_18:1),660.46102,478.29395,396.21565,460.28339,378.20509,199.17035,281.24865,152.99586,96.96964,78.95852,140.01128,122.0007
PE(12:0_18:2),658.44532,476.27825,396.21565,458.26769,378.20509,199.17035,279.23295,152.99586,96.96964,78.95852,140.01128,122.0007
PE(12:0_18:3),656.42972,474.26265,396.21565,456.25209,378.20509,199.17035,277.21735,152.99586,96.96964,78.95852,140.01128,122.0007
PE(12:0_18:4),654.41402,472.24695,396.21565,454.23639,378.20509,199.17035,275.20165,152.99586,96.96964,78.95852,140.01128,122.0007
PE(12:0_19:0),676.49232,494.32525,396.21565,476.31469,378.20509,199.17035,297.27995,152.99586,96.96964,78.95852,140.01128,122.0007
PE(12:0_20:0),690.50792,508.34085,396.21565,490.33029,378.20509,199.17035,311.29555,152.99586,96.96964,78.95852,140.01128,122.0007
PE(12:0_20:1),688.49232,506.32525,396.21565,488.31469,378.20509,199.17035,309.27995,152.99586,96.96964,78.95852,140.01128,122.0007
PE(12:0_20:2),686.47662,504.30955,396.21565,486.29899,378.20509,199.17035,307.26425,152.99586,96.96964,78.95852,140.01128,122.0007
PE(12:0_20:3),684.46102,502.29395,396.21565,484.28339,378.20509,199.17035,305.24865,152.99586,96.96964,78.95852,140.01128,122.0007
PE(12:0_20:4),682.44532,500.27825,396.21565,482.26769,378.20509,199.17035,303.23295,152.99586,96.96964,78.95852,140.01128,122.0007
PE(12:0_20:5),680.42972,498.26265,396.21565,480.25209,378.20509,199.17035,301.21735,152.99586,96.96964,78.95852,140.01128,122.0007
PE(12:0_21:0),704.52362,522.35655,396.21565,504.34599,378.20509,199.17035,325.31125,152.99586,96.96964,78.95852,140.01128,122.0007
PE(12:0_22:0),718.53922,536.37215,396.21565,518.36159,378.20509,199.17035,339.32685,152.99586,96.96964,78.95852,140.01128,122.0007
PE(12:0_22:1),716.52362,534.35655,396.21565,516.34599,378.20509,199.17035,337.31125,152.99586,96.96964,78.95852,140.01128,122.0007
PE(12:0_22:2),714.50792,532.34085,396.21565,514.33029,378.20509,199.17035,335.29555,152.99586,96.96964,78.95852,140.01128,122.0007
PE(12:0_22:3),712.49232,530.32525,396.21565,512.31469,378.20509,199.17035,333.27995,152.99586,96.96964,78.95852,140.01128,122.0007
PE(12:0_22:4),710.47662,528.30955,396.21565,510.29899,378.20509,199.17035,331.26425,152.99586,96.96964,78.95852,140.01128,122.0007
PE(12:0_22:5),708.46102,526.29395,396.21565,508.28339,378.20509,199.17035,329.24865,152.99586,96.96964,78.95852,140.01128,122.0007
PE(12:0_22:6),706.44532,524.27825,396.21565,506.26769,378.20509,199.17035,327.23295,152.99586,96.96964,78.95852,140.01128,122.0007
PE(12:0_23:0),732.55492,550.38785,396.21565,532.37729,378.20509,199.17035,353.34255,152.99586,96.96964,78.95852,140.01128,122.0007
PE(12:0_24:0),746.57052,564.40345,396.21565,546.39289,378.20509,199.17035,367.35815,152.99586,96.96964,78.95852,140.01128,122.0007
PE(12:0_24:1),744.55492,562.38785,396.21565,544.37729,378.20509,199.17035,365.34255,152.99586,96.96964,78.95852,140.01128,122.0007
PE(12:0_25:0),760.58622,578.41915,396.21565,560.40859,378.20509,199.17035,381.37385,152.99586,96.96964,78.95852,140.01128,122.0007
PE(12:0_26:0),774.60182,592.43475,396.21565,574.42419,378.20509,199.17035,395.38945,152.99586,96.96964,78.95852,140.01128,122.0007
PE(13:0_13:0),606.41412,410.23135,410.23135,392.22079,392.22079,213.18605,213.18605,152.99586,96.96964,78.95852,140.01128,122.0007
PE(13:0_14:0),620.42972,424.24695,410.23135,406.23639,392.22079,213.18605,227.20165,152.99586,96.96964,78.95852,140.01128,122.0007
PE(13:0_14:1),618.41412,422.23135,410.23135,404.22079,392.22079,213.18605,225.18605,152.99586,96.96964,78.95852,140.01128,122.0007
PE(13:0_15:0),634.44542,438.26265,410.23135,420.25209,392.22079,213.18605,241.21735,152.99586,96.96964,78.95852,140.01128,122.0007
PE(13:0_15:1),632.42972,436.24695,410.23135,418.23639,392.22079,213.18605,239.20165,152.99586,96.96964,78.95852,140.01128,122.0007
PE(13:0_16:0),648.46102,452.27825,410.23135,434.26769,392.22079,213.18605,255.23295,152.99586,96.96964,78.95852,140.01128,122.0007
PE(13:0_16:1),646.44542,450.26265,410.23135,432.25209,392.22079,213.18605,253.21735,152.99586,96.96964,78.95852,140.01128,122.0007
PE(13:0_17:0),662.47672,466.29395,410.23135,448.28339,392.22079,213.18605,269.24865,152.99586,96.96964,78.95852,140.01128,122.0007
PE(13:0_17:1),660.46102,464.27825,410.23135,446.26769,392.22079,213.18605,267.23295,152.99586,96.96964,78.95852,140.01128,122.0007
PE(13:0_17:2),658.44542,462.26265,410.23135,444.25209,392.22079,213.18605,265.21735,152.99586,96.96964,78.95852,140.01128,122.0007
PE(13:0_18:0),676.49232,480.30955,410.23135,462.29899,392.22079,213.18605,283.26425,152.99586,96.96964,78.95852,140.01128,122.0007
PE(13:0_18:1),674.47672,478.29395,410.23135,460.28339,392.22079,213.18605,281.24865,152.99586,96.96964,78.95852,140.01128,122.0007
PE(13:0_18:2),672.46102,476.27825,410.23135,458.26769,392.22079,213.18605,279.23295,152.99586,96.96964,78.95852,140.01128,122.0007
PE(13:0_18:3),670.44542,474.26265,410.23135,456.25209,392.22079,213.18605,277.21735,152.99586,96.96964,78.95852,140.01128,122.0007
PE(13:0_18:4),668.42972,472.24695,410.23135,454.23639,392.22079,213.18605,275.20165,152.99586,96.96964,78.95852,140.01128,122.0007
PE(13:0_19:0),690.50802,494.32525,410.23135,476.31469,392.22079,213.18605,297.27995,152.99586,96.96964,78.95852,140.01128,122.0007
PE(13:0_20:0),704.52362,508.34085,410.23135,490.33029,392.22079,213.18605,311.29555,152.99586,96.96964,78.95852,140.01128,122.0007
PE(13:0_20:1),702.50802,506.32525,410.23135,488.31469,392.22079,213.18605,309.27995,152.99586,96.96964,78.95852,140.01128,122.0007
PE(13:0_20:2),700.49232,504.30955,410.23135,486.29899,392.22079,213.18605,307.26425,152.99586,96.96964,78.95852,140.01128,122.0007
PE(13:0_20:3),698.47672,502.29395,410.23135,484.28339,392.22079,213.18605,305.24865,152.99586,96.96964,78.95852,140.01128,122.0007
PE(13:0_20:4),696.46102,500.27825,410.23135,482.26769,392.22079,213.18605,303.23295,152.99586,96.96964,78.95852,140.01128,122.0007
PE(13:0_20:5),694.44542,498.26265,410.23135,480.25209,392.22079,213.18605,301.21735,152.99586,96.96964,78.95852,140.01128,122.0007
PE(13:0_21:0),718.53932,522.35655,410.23135,504.34599,392.22079,213.18605,325.31125,152.99586,96.96964,78.95852,140.01128,122.0007
PE(13:0_22:0),732.55492,536.37215,410.23135,518.36159,392.22079,213.18605,339.32685,152.99586,96.96964,78.95852,140.01128,122.0007
PE(13:0_22:1),730.53932,534.35655,410.23135,516.34599,392.22079,213.18605,337.31125,152.99586,96.96964,78.95852,140.01128,122.0007
PE(13:0_22:2),728.52362,532.34085,410.23135,514.33029,392.22079,213.18605,335.29555,152.99586,96.96964,78.95852,140.01128,122.0007
PE(13:0_22:3),726.50802,530.32525,410.23135,512.31469,392.22079,213.18605,333.27995,152.99586,96.96964,78.95852,140.01128,122.0007
PE(13:0_22:4),724.49232,528.30955,410.23135,510.29899,392.22079,213.18605,331.26425,152.99586,96.96964,78.95852,140.01128,122.0007
PE(13:0_22:5),722.47672,526.29395,410.23135,508.28339,392.22079,213.18605,329.24865,152.99586,96.96964,78.95852,140.01128,122.0007
PE(13:0_22:6),720.46102,524.27825,410.23135,506.26769,392.22079,213.18605,327.23295,152.99586,96.96964,78.95852,140.01128,122.0007
PE(13:0_23:0),746.57062,550.38785,410.23135,532.37729,392.22079,213.18605,353.34255,152.99586,96.96964,78.95852,140.01128,122.0007
PE(13:0_24:0),760.58622,564.40345,410.23135,546.39289,392.22079,213.18605,367.35815,152.99586,96.96964,78.95852,140.01128,122.0007
PE(13:0_24:1),758.57062,562.38785,410.23135,544.37729,392.22079,213.18605,365.34255,152.99586,96.96964,78.95852,140.01128,122.0007
PE(13:0_25:0),774.60192,578.41915,410.23135,560.40859,392.22079,213.18605,381.37385,152.99586,96.96964,78.95852,140.01128,122.0007
PE(13:0_26:0),788.61752,592.43475,410.23135,574.42419,392.22079,213.18605,395.38945,152.99586,96.96964,78.95852,140.01128,122.0007
PE(14:0_14:0),634.44532,424.24695,424.24695,406.23639,406.23639,227.20165,227.20165,152.99586,96.96964,78.95852,140.01128,122.0007
PE(14:0_14:1),632.42972,422.23135,424.24695,404.22079,406.23639,227.20165,225.18605,152.99586,96.96964,78.95852,140.01128,122.0007
PE(14:0_15:0),648.46102,438.26265,424.24695,420.25209,406.23639,227.20165,241.21735,152.99586,96.96964,78.95852,140.01128,122.0007
PE(14:0_15:1),646.44532,436.24695,424.24695,418.23639,406.23639,227.20165,239.20165,152.99586,96.96964,78.95852,140.01128,122.0007
PE(14:0_16:0),662.47662,452.27825,424.24695,434.26769,406.23639,227.20165,255.23295,152.99586,96.96964,78.95852,140.01128,122.0007
PE(14:0_16:1),660.46102,450.26265,424.24695,432.25209,406.23639,227.20165,253.21735,152.99586,96.96964,78.95852,140.01128,122.0007
PE(14:0_17:0),676.49232,466.29395,424.24695,448.28339,406.23639,227.20165,269.24865,152.99586,96.96964,78.95852,140.01128,122.0007
PE(14:0_17:1),674.47662,464.27825,424.24695,446.26769,406.23639,227.20165,267.23295,152.99586,96.96964,78.95852,140.01128,122.0007
PE(14:0_17:2),672.46102,462.26265,424.24695,444.25209,406.23639,227.20165,265.21735,152.99586,96.96964,78.95852,140.01128,122.0007
PE(14:0_18:0),690.50792,480.30955,424.24695,462.29899,406.23639,227.20165,283.26425,152.99586,96.96964,78.95852,140.01128,122.0007
PE(14:0_18:1),688.49232,478.29395,424.24695,460.28339,406.23639,227.20165,281.24865,152.99586,96.96964,78.95852,140.01128,122.0007
PE(14:0_18:2),686.47662,476.27825,424.24695,458.26769,406.23639,227.20165,279.23295,152.99586,96.96964,78.95852,140.01128,122.0007
PE(14:0_18:3),684.46102,474.26265,424.24695,456.25209,406.23639,227.20165,277.21735,152.99586,96.96964,78.95852,140.01128,122.0007
PE(14:0_18:4),682.44532,472.24695,424.24695,454.23639,406.23639,227.20165,275.20165,152.99586,96.96964,78.95852,140.01128,122.0007
PE(14:0_19:0),704.52362,494.32525,424.24695,476.31469,406.23639,227.20165,297.27995,152.99586,96.96964,78.95852,140.01128,122.0007
PE(14:0_20:0),718.53922,508.34085,424.24695,490.33029,406.23639,227.20165,311.29555,152.99586,96.96964,78.95852,140.01128,122.0007
PE(14:0_20:1),716.52362,506.32525,424.24695,488.31469,406.23639,227.20165,309.27995,152.99586,96.96964,78.95852,140.01128,122.0007
PE(14:0_20:2),714.50792,504.30955,424.24695,486.29899,406.23639,227.20165,307.26425,152.99586,96.96964,78.95852,140.01128,122.0007
PE(14:0_20:3),712.49232,502.29395,424.24695,484.28339,406.23639,227.20165,305.24865,152.99586,96.96964,78.95852,140.01128,122.0007
PE(14:0_20:4),710.47662,500.27825,424.24695,482.26769,406.23639,227.20165,303.23295,152.99586,96.96964,78.95852,140.01128,122.0007
PE(14:0_20:5),708.46102,498.26265,424.24695,480.25209,406.23639,227.20165,301.21735,152.99586,96.96964,78.95852,140.01128,122.0007
PE(14:0_21:0),732.55492,522.35655,424.24695,504.34599,406.23639,227.20165,325.31125,152.99586,96.96964,78.95852,140.01128,122.0007
PE(14:0_22:0),746.57052,536.37215,424.24695,518.36159,406.23639,227.20165,339.32685,152.99586,96.96964,78.95852,140.01128,122.0007
PE(14:0_22:1),744.55492,534.35655,424.24695,516.34599,406.23639,227.20165,337.31125,152.99586,96.96964,78.95852,140.01128,122.0007
PE(14:0_22:2),742.53922,532.34085,424.24695,514.33029,406.23639,227.20165,335.29555,152.99586,96.96964,78.95852,140.01128,122.0007
PE(14:0_22:3),740.52362,530.32525,424.24695,512.31469,406.23639,227.20165,333.27995,152.99586,96.96964,78.95852,140.01128,122.0007
PE(14:0_22:4),738.50792,528.30955,424.24695,510.29899,406.23639,227.20165,331.26425,152.99586,96.96964,78.95852,140.01128,122.0007
PE(14:0_22:5),736.49232,526.29395,424.24695,508.28339,406.23639,227.20165,329.24865,152.99586,96.96964,78.95852,140.01128,122.0007
PE(14:0_22:6),734.47662,524.27825,424.24695,506.26769,406.23639,227.20165,327.23295,152.99586,96.96964,78.95852,140.01128,122.0007
PE(14:0_23:0),760.58622,550.38785,424.24695,532.37729,406.23639,227.20165,353.34255,152.99586,96.96964,78.95852,140.01128,122.0007
PE(14:0_24:0),774.60182,564.40345,424.24695,546.39289,406.23639,227.20165,367.35815,152.99586,96.96964,78.95852,140.01128,122.0007
PE(14:0_24:1),772.58622,562.38785,424.24695,544.37729,406.23639,227.20165,365.34255,152.99586,96.96964,78.95852,140.01128,122.0007
PE(14:0_25:0),788.61752,578.41915,424.24695,560.40859,406.23639,227.20165,381.37385,152.99586,96.96964,78.95852,140.01128,122.0007
PE(14:0_26:0),802.63312,592.43475,424.24695,574.42419,406.23639,227.20165,395.38945,152.99586,96.96964,78.95852,140.01128,122.0007
PE(14:1_14:1),630.41412,422.23135,422.23135,404.22079,404.22079,225.18605,225.18605,152.99586,96.96964,78.95852,140.01128,122.0007
PE(14:1_15:0),646.44542,438.26265,422.23135,420.25209,404.22079,225.18605,241.21735,152.99586,96.96964,78.95852,140.01128,122.0007
PE(14:1_15:1),644.42972,436.24695,422.23135,418.23639,404.22079,225.18605,239.20165,152.99586,96.96964,78.95852,140.01128,122.0007
PE(14:1_16:0),660.46102,452.27825,422.23135,434.26769,404.22079,225.18605,255.23295,152.99586,96.96964,78.95852,140.01128,122.0007
PE(14:1_16:1),658.44542,450.26265,422.23135,432.25209,404.22079,225.18605,253.21735,152.99586,96.96964,78.95852,140.01128,122.0007
PE(14:1_17:0),674.47672,466.29395,422.23135,448.28339,404.22079,225.18605,269.24865,152.99586,96.96964,78.95852,140.01128,122.0007
PE(14:1_17:1),672.46102,464.27825,422.23135,446.26769,404.22079,225.18605,267.23295,152.99586,96.96964,78.95852,140.01128,122.0007
PE(14:1_17:2),670.44542,462.26265,422.23135,444.25209,404.22079,225.18605,265.21735,152.99586,96.96964,78.95852,140.01128,122.0007
PE(14:1_18:0),688.49232,480.30955,422.23135,462.29899,404.22079,225.18605,283.26425,152.99586,96.96964,78.95852,140.01128,122.0007
PE(14:1_18:1),686.47672,478.29395,422.23135,460.28339,404.22079,225.18605,281.24865,152.99586,96.96964,78.95852,140.01128,122.0007
PE(14:1_18:2),684.46102,476.27825,422.23135,458.26769,404.22079,225.18605,279.23295,152.99586,96.96964,78.95852,140.01128,122.0007
PE(14:1_18:3),682.44542,474.26265,422.23135,456.25209,404.22079,225.18605,277.21735,152.99586,96.96964,78.95852,140.01128,122.0007
PE(14:1_18:4),680.42972,472.24695,422.23135,454.23639,404.22079,225.18605,275.20165,152.99586,96.96964,78.95852,140.01128,122.0007
PE(14:1_19:0),702.50802,494.32525,422.23135,476.31469,404.22079,225.18605,297.27995,152.99586,96.96964,78.95852,140.01128,122.0007
PE(14:1_20:0),716.52362,508.34085,422.23135,490.33029,404.22079,225.18605,311.29555,152.99586,96.96964,78.95852,140.01128,122.0007
PE(14:1_20:1),714.50802,506.32525,422.23135,488.31469,404.22079,225.18605,309.27995,152.99586,96.96964,78.95852,140.01128,122.0007
PE(14:1_20:2),712.49232,504.30955,422.23135,486.29899,404.22079,225.18605,307.26425,152.99586,96.96964,78.95852,140.01128,122.0007
PE(14:1_20:3),710.47672,502.29395,422.23135,484.28339,404.22079,225.18605,305.24865,152.99586,96.96964,78.95852,140.01128,122.0007
PE(14:1_20:4),708.46102,500.27825,422.23135,482.26769,404.22079,225.18605,303.23295,152.99586,96.96964,78.95852,140.01128,122.0007
PE(14:1_20:5),706.44542,498.26265,422.23135,480.25209,404.22079,225.18605,301.21735,152.99586,96.96964,78.95852,140.01128,122.0007
PE(14:1_21:0),730.53932,522.35655,422.23135,504.34599,404.22079,225.18605,325.31125,152.99586,96.96964,78.95852,140.01128,122.0007
PE(14:1_22:0),744.55492,536.37215,422.23135,518.36159,404.22079,225.18605,339.32685,152.99586,96.96964,78.95852,140.01128,122.0007
PE(14:1_22:1),742.53932,534.35655,422.23135,516.34599,404.22079,225.18605,337.31125,152.99586,96.96964,78.95852,140.01128,122.0007
PE(14:1_22:2),740.52362,532.34085,422.23135,514.33029,404.22079,225.18605,335.29555,152.99586,96.96964,78.95852,140.01128,122.0007
PE(14:1_22:3),738.50802,530.32525,422.23135,512.31469,404.22079,225.18605,333.27995,152.99586,96.96964,78.95852,140.01128,122.0007
PE(14:1_22:4),736.49232,528.30955,422.23135,510.29899,404.22079,225.18605,331.26425,152.99586,96.96964,78.95852,140.01128,122.0007
PE(14:1_22:5),734.47672,526.29395,422.23135,508.28339,404.22079,225.18605,329.24865,152.99586,96.96964,78.95852,140.01128,122.0007
PE(14:1_22:6),732.46102,524.27825,422.23135,506.26769,404.22079,225.18605,327.23295,152.99586,96.96964,78.95852,140.01128,122.0007
PE(14:1_23:0),758.57062,550.38785,422.23135,532.37729,404.22079,225.18605,353.34255,152.99586,96.96964,78.95852,140.01128,122.0007
PE(14:1_24:0),772.58622,564.40345,422.23135,546.39289,404.22079,225.18605,367.35815,152.99586,96.96964,78.95852,140.01128,122.0007
PE(14:1_24:1),770.57062,562.38785,422.23135,544.37729,404.22079,225.18605,365.34255,152.99586,96.96964,78.95852,140.01128,122.0007
PE(14:1_25:0),786.60192,578.41915,422.23135,560.40859,404.22079,225.18605,381.37385,152.99586,96.96964,78.95852,140.01128,122.0007
PE(14:1_26:0),800.61752,592.43475,422.23135,574.42419,404.22079,225.18605,395.38945,152.99586,96.96964,78.95852,140.01128,122.0007
PE(15:0_15:0),662.47672,438.26265,438.26265,420.25209,420.25209,241.21735,241.21735,152.99586,96.96964,78.95852,140.01128,122.0007
PE(15:0_15:1),660.46102,436.24695,438.26265,418.23639,420.25209,241.21735,239.20165,152.99586,96.96964,78.95852,140.01128,122.0007
PE(15:0_16:0),676.49232,452.27825,438.26265,434.26769,420.25209,241.21735,255.23295,152.99586,96.96964,78.95852,140.01128,122.0007
PE(15:0_16:1),674.47672,450.26265,438.26265,432.25209,420.25209,241.21735,253.21735,152.99586,96.96964,78.95852,140.01128,122.0007
PE(15:0_17:0),690.50802,466.29395,438.26265,448.28339,420.25209,241.21735,269.24865,152.99586,96.96964,78.95852,140.01128,122.0007
PE(15:0_17:1),688.49232,464.27825,438.26265,446.26769,420.25209,241.21735,267.23295,152.99586,96.96964,78.95852,140.01128,122.0007
PE(15:0_17:2),686.47672,462.26265,438.26265,444.25209,420.25209,241.21735,265.21735,152.99586,96.96964,78.95852,140.01128,122.0007
PE(15:0_18:0),704.52362,480.30955,438.26265,462.29899,420.25209,241.21735,283.26425,152.99586,96.96964,78.95852,140.01128,122.0007
PE(15:0_18:1),702.50802,478.29395,438.26265,460.28339,420.25209,241.21735,281.24865,152.99586,96.96964,78.95852,140.01128,122.0007
PE(15:0_18:2),700.49232,476.27825,438.26265,458.26769,420.25209,241.21735,279.23295,152.99586,96.96964,78.95852,140.01128,122.0007
PE(15:0_18:3),698.47672,474.26265,438.26265,456.25209,420.25209,241.21735,277.21735,152.99586,96.96964,78.95852,140.01128,122.0007
PE(15:0_18:4),696.46102,472.24695,438.26265,454.23639,420.25209,241.21735,275.20165,152.99586,96.96964,78.95852,140.01128,122.0007
PE(15:0_19:0),718.53932,494.32525,438.26265,476.31469,420.25209,241.21735,297.27995,152.99586,96.96964,78.95852,140.01128,122.0007
PE(15:0_20:0),732.55492,508.34085,438.26265,490.33029,420.25209,241.21735,311.29555,152.99586,96.96964,78.95852,140.01128,122.0007
PE(15:0_20:1),730.53932,506.32525,438.26265,488.31469,420.25209,241.21735,309.27995,152.99586,96.96964,78.95852,140.01128,122.0007
PE(15:0_20:2),728.52362,504.30955,438.26265,486.29899,420.25209,241.21735,307.26425,152.99586,96.96964,78.95852,140.01128,122.0007
PE(15:0_20:3),726.50802,502.29395,438.26265,484.28339,420.25209,241.21735,305.24865,152.99586,96.96964,78.95852,140.01128,122.0007
PE(15:0_20:4),724.49232,500.27825,438.26265,482.26769,420.25209,241.21735,303.23295,152.99586,96.96964,78.95852,140.01128,122.0007
PE(15:0_20:5),722.47672,498.26265,438.26265,480.25209,420.25209,241.21735,301.21735,152.99586,96.96964,78.95852,140.01128,122.0007
PE(15:0_21:0),746.57062,522.35655,438.26265,504.34599,420.25209,241.21735,325.31125,152.99586,96.96964,78.95852,140.01128,122.0007
PE(15:0_22:0),760.58622,536.37215,438.26265,518.36159,420.25209,241.21735,339.32685,152.99586,96.96964,78.95852,140.01128,122.0007
PE(15:0_22:1),758.57062,534.35655,438.26265,516.34599,420.25209,241.21735,337.31125,152.99586,96.96964,78.95852,140.01128,122.0007
PE(15:0_22:2),756.55492,532.34085,438.26265,514.33029,420.25209,241.21735,335.29555,152.99586,96.96964,78.95852,140.01128,122.0007
PE(15:0_22:3),754.53932,530.32525,438.26265,512.31469,420.25209,241.21735,333.27995,152.99586,96.96964,78.95852,140.01128,122.0007
PE(15:0_22:4),752.52362,528.30955,438.26265,510.29899,420.25209,241.21735,331.26425,152.99586,96.96964,78.95852,140.01128,122.0007
PE(15:0_22:5),750.50802,526.29395,438.26265,508.28339,420.25209,241.21735,329.24865,152.99586,96.96964,78.95852,140.01128,122.0007
PE(15:0_22:6),748.49232,524.27825,438.26265,506.26769,420.25209,241.21735,327.23295,152.99586,96.96964,78.95852,140.01128,122.0007
PE(15:0_23:0),774.60192,550.38785,438.26265,532.37729,420.25209,241.21735,353.34255,152.99586,96.96964,78.95852,140.01128,122.0007
PE(15:0_24:0),788.61752,564.40345,438.26265,546.39289,420.25209,241.21735,367.35815,152.99586,96.96964,78.95852,140.01128,122.0007
PE(15:0_24:1),786.60192,562.38785,438.26265,544.37729,420.25209,241.21735,365.34255,152.99586,96.96964,78.95852,140.01128,122.0007
PE(15:0_25:0),802.63322,578.41915,438.26265,560.40859,420.25209,241.21735,381.37385,152.99586,96.96964,78.95852,140.01128,122.0007
PE(15:0_26:0),816.64882,592.43475,438.26265,574.42419,420.25209,241.21735,395.38945,152.99586,96.96964,78.95852,140.01128,122.0007
PE(15:1_15:1),658.44532,436.24695,436.24695,418.23639,418.23639,239.20165,239.20165,152.99586,96.96964,78.95852,140.01128,122.0007
PE(15:1_16:0),674.47662,452.27825,436.24695,434.26769,418.23639,239.20165,255.23295,152.99586,96.96964,78.95852,140.01128,122.0007
PE(15:1_16:1),672.46102,450.26265,436.24695,432.25209,418.23639,239.20165,253.21735,152.99586,96.96964,78.95852,140.01128,122.0007
PE(15:1_17:0),688.49232,466.29395,436.24695,448.28339,418.23639,239.20165,269.24865,152.99586,96.96964,78.95852,140.01128,122.0007
PE(15:1_17:1),686.47662,464.27825,436.24695,446.26769,418.23639,239.20165,267.23295,152.99586,96.96964,78.95852,140.01128,122.0007
PE(15:1_17:2),684.46102,462.26265,436.24695,444.25209,418.23639,239.20165,265.21735,152.99586,96.96964,78.95852,140.01128,122.0007
PE(15:1_18:0),702.50792,480.30955,436.24695,462.29899,418.23639,239.20165,283.26425,152.99586,96.96964,78.95852,140.01128,122.0007
PE(15:1_18:1),700.49232,478.29395,436.24695,460.28339,418.23639,239.20165,281.24865,152.99586,96.96964,78.95852,140.01128,122.0007
PE(15:1_18:2),698.47662,476.27825,436.24695,458.26769,418.23639,239.20165,279.23295,152.99586,96.96964,78.95852,140.01128,122.0007
PE(15:1_18:3),696.46102,474.26265,436.24695,456.25209,418.23639,239.20165,277.21735,152.99586,96.96964,78.95852,140.01128,122.0007
PE(15:1_18:4),694.44532,472.24695,436.24695,454.23639,418.23639,239.20165,275.20165,152.99586,96.96964,78.95852,140.01128,122.0007
PE(15:1_19:0),716.52362,494.32525,436.24695,476.31469,418.23639,239.20165,297.27995,152.99586,96.96964,78.95852,140.01128,122.0007
PE(15:1_20:0),730.53922,508.34085,436.24695,490.33029,418.23639,239.20165,311.29555,152.99586,96.96964,78.95852,140.01128,122.0007
PE(15:1_20:1),728.52362,506.32525,436.24695,488.31469,418.23639,239.20165,309.27995,152.99586,96.96964,78.95852,140.01128,122.0007
PE(15:1_20:2),726.50792,504.30955,436.24695,486.29899,418.23639,239.20165,307.26425,152.99586,96.96964,78.95852,140.01128,122.0007
PE(15:1_20:3),724.49232,502.29395,436.24695,484.28339,418.23639,239.20165,305.24865,152.99586,96.96964,78.95852,140.01128,122.0007
PE(15:1_20:4),722.47662,500.27825,436.24695,482.26769,418.23639,239.20165,303.23295,152.99586,96.96964,78.95852,140.01128,122.0007
PE(15:1_20:5),720.46102,498.26265,436.24695,480.25209,418.23639,239.20165,301.21735,152.99586,96.96964,78.95852,140.01128,122.0007
PE(15:1_21:0),744.55492,522.35655,436.24695,504.34599,418.23639,239.20165,325.31125,152.99586,96.96964,78.95852,140.01128,122.0007
PE(15:1_22:0),758.57052,536.37215,436.24695,518.36159,418.23639,239.20165,339.32685,152.99586,96.96964,78.95852,140.01128,122.0007
PE(15:1_22:1),756.55492,534.35655,436.24695,516.34599,418.23639,239.20165,337.31125,152.99586,96.96964,78.95852,140.01128,122.0007
PE(15:1_22:2),754.53922,532.34085,436.24695,514.33029,418.23639,239.20165,335.29555,152.99586,96.96964,78.95852,140.01128,122.0007
PE(15:1_22:3),752.52362,530.32525,436.24695,512.31469,418.23639,239.20165,333.27995,152.99586,96.96964,78.95852,140.01128,122.0007
PE(15:1_22:4),750.50792,528.30955,436.24695,510.29899,418.23639,239.20165,331.26425,152.99586,96.96964,78.95852,140.01128,122.0007
PE(15:1_22:5),748.49232,526.29395,436.24695,508.28339,418.23639,239.20165,329.24865,152.99586,96.96964,78.95852,140.01128,122.0007
PE(15:1_22:6),746.47662,524.27825,436.24695,506.26769,418.23639,239.20165,327.23295,152.99586,96.96964,78.95852,140.01128,122.0007
PE(15:1_23:0),772.58622,550.38785,436.24695,532.37729,418.23639,239.20165,353.34255,152.99586,96.96964,78.95852,140.01128,122.0007
PE(15:1_24:0),786.60182,564.40345,436.24695,546.39289,418.23639,239.20165,367.35815,152.99586,96.96964,78.95852,140.01128,122.0007
PE(15:1_24:1),784.58622,562.38785,436.24695,544.37729,418.23639,239.20165,365.34255,152.99586,96.96964,78.95852,140.01128,122.0007
PE(15:1_25:0),800.61752,578.41915,436.24695,560.40859,418.23639,239.20165,381.37385,152.99586,96.96964,78.95852,140.01128,122.0007
PE(15:1_26:0),814.63312,592.43475,436.24695,574.42419,418.23639,239.20165,395.38945,152.99586,96.96964,78.95852,140.01128,122.0007
PE(16:0_16:0),690.50792,452.27825,452.27825,434.26769,434.26769,255.23295,255.23295,152.99586,96.96964,78.95852,140.01128,122.0007
PE(16:0_16:1),688.49232,450.26265,452.27825,432.25209,434.26769,255.23295,253.21735,152.99586,96.96964,78.95852,140.01128,122.0007
PE(16:0_17:0),704.52362,466.29395,452.27825,448.28339,434.26769,255.23295,269.24865,152.99586,96.96964,78.95852,140.01128,122.0007
PE(16:0_17:1),702.50792,464.27825,452.27825,446.26769,434.26769,255.23295,267.23295,152.99586,96.96964,78.95852,140.01128,122.0007
PE(16:0_17:2),700.49232,462.26265,452.27825,444.25209,434.26769,255.23295,265.21735,152.99586,96.96964,78.95852,140.01128,122.0007
PE(16:0_18:0),718.53922,480.30955,452.27825,462.29899,434.26769,255.23295,283.26425,152.99586,96.96964,78.95852,140.01128,122.0007
PE(16:0_18:1),716.52362,478.29395,452.27825,460.28339,434.26769,255.23295,281.24865,152.99586,96.96964,78.95852,140.01128,122.0007
PE(16:0_18:2),714.50792,476.27825,452.27825,458.26769,434.26769,255.23295,279.23295,152.99586,96.96964,78.95852,140.01128,122.0007
PE(16:0_18:3),712.49232,474.26265,452.27825,456.25209,434.26769,255.23295,277.21735,152.99586,96.96964,78.95852,140.01128,122.0007
PE(16:0_18:4),710.47662,472.24695,452.27825,454.23639,434.26769,255.23295,275.20165,152.99586,96.96964,78.95852,140.01128,122.0007
PE(16:0_19:0),732.55492,494.32525,452.27825,476.31469,434.26769,255.23295,297.27995,152.99586,96.96964,78.95852,140.01128,122.0007
PE(16:0_20:0),746.57052,508.34085,452.27825,490.33029,434.26769,255.23295,311.29555,152.99586,96.96964,78.95852,140.01128,122.0007
PE(16:0_20:1),744.55492,506.32525,452.27825,488.31469,434.26769,255.23295,309.27995,152.99586,96.96964,78.95852,140.01128,122.0007
PE(16:0_20:2),742.53922,504.30955,452.27825,486.29899,434.26769,255.23295,307.26425,152.99586,96.96964,78.95852,140.01128,122.0007
PE(16:0_20:3),740.52362,502.29395,452.27825,484.28339,434.26769,255.23295,305.24865,152.99586,96.96964,78.95852,140.01128,122.0007
PE(16:0_20:4),738.50792,500.27825,452.27825,482.26769,434.26769,255.23295,303.23295,152.99586,96.96964,78.95852,140.01128,122.0007
PE(16:0_20:5),736.49232,498.26265,452.27825,480.25209,434.26769,255.23295,301.21735,152.99586,96.96964,78.95852,140.01128,122.0007
PE(16:0_21:0),760.58622,522.35655,452.27825,504.34599,434.26769,255.23295,325.31125,152.99586,96.96964,78.95852,140.01128,122.0007
PE(16:0_22:0),774.60182,536.37215,452.27825,518.36159,434.26769,255.23295,339.32685,152.99586,96.96964,78.95852,140.01128,122.0007
PE(16:0_22:1),772.58622,534.35655,452.27825,516.34599,434.26769,255.23295,337.31125,152.99586,96.96964,78.95852,140.01128,122.0007
PE(16:0_22:2),770.57052,532.34085,452.27825,514.33029,434.26769,255.23295,335.29555,152.99586,96.96964,78.95852,140.01128,122.0007
PE(16:0_22:3),768.55492,530.32525,452.27825,512.31469,434.26769,255.23295,333.27995,152.99586,96.96964,78.95852,140.01128,122.0007
PE(16:0_22:4),766.53922,528.30955,452.27825,510.29899,434.26769,255.23295,331.26425,152.99586,96.96964,78.95852,140.01128,122.0007
PE(16:0_22:5),764.52362,526.29395,452.27825,508.28339,434.26769,255.23295,329.24865,152.99586,96.96964,78.95852,140.01128,122.0007
PE(16:0_22:6),762.50792,524.27825,452.27825,506.26769,434.26769,255.23295,327.23295,152.99586,96.96964,78.95852,140.01128,122.0007
PE(16:0_23:0),788.61752,550.38785,452.27825,532.37729,434.26769,255.23295,353.34255,152.99586,96.96964,78.95852,140.01128,122.0007
PE(16:0_24:0),802.63312,564.40345,452.27825,546.39289,434.26769,255.23295,367.35815,152.99586,96.96964,78.95852,140.01128,122.0007
PE(16:0_24:1),800.61752,562.38785,452.27825,544.37729,434.26769,255.23295,365.34255,152.99586,96.96964,78.95852,140.01128,122.0007
PE(16:0_25:0),816.64882,578.41915,452.27825,560.40859,434.26769,255.23295,381.37385,152.99586,96.96964,78.95852,140.01128,122.0007
PE(16:0_26:0),830.66442,592.43475,452.27825,574.42419,434.26769,255.23295,395.38945,152.99586,96.96964,78.95852,140.01128,122.0007
PE(16:1_16:1),686.47672,450.26265,450.26265,432.25209,432.25209,253.21735,253.21735,152.99586,96.96964,78.95852,140.01128,122.0007
PE(16:1_17:0),702.50802,466.29395,450.26265,448.28339,432.25209,253.21735,269.24865,152.99586,96.96964,78.95852,140.01128,122.0007
PE(16:1_17:1),700.49232,464.27825,450.26265,446.26769,432.25209,253.21735,267.23295,152.99586,96.96964,78.95852,140.01128,122.0007
PE(16:1_17:2),698.47672,462.26265,450.26265,444.25209,432.25209,253.21735,265.21735,152.99586,96.96964,78.95852,140.01128,122.0007
PE(16:1_18:0),716.52362,480.30955,450.26265,462.29899,432.25209,253.21735,283.26425,152.99586,96.96964,78.95852,140.01128,122.0007
PE(16:1_18:1),714.50802,478.29395,450.26265,460.28339,432.25209,253.21735,281.24865,152.99586,96.96964,78.95852,140.01128,122.0007
PE(16:1_18:2),712.49232,476.27825,450.26265,458.26769,432.25209,253.21735,279.23295,152.99586,96.96964,78.95852,140.01128,122.0007
PE(16:1_18:3),710.47672,474.26265,450.26265,456.25209,432.25209,253.21735,277.21735,152.99586,96.96964,78.95852,140.01128,122.0007
PE(16:1_18:4),708.46102,472.24695,450.26265,454.23639,432.25209,253.21735,275.20165,152.99586,96.96964,78.95852,140.01128,122.0007
PE(16:1_19:0),730.53932,494.32525,450.26265,476.31469,432.25209,253.21735,297.27995,152.99586,96.96964,78.95852,140.01128,122.0007
PE(16:1_20:0),744.55492,508.34085,450.26265,490.33029,432.25209,253.21735,311.29555,152.99586,96.96964,78.95852,140.01128,122.0007
PE(16:1_20:1),742.53932,506.32525,450.26265,488.31469,432.25209,253.21735,309.27995,152.99586,96.96964,78.95852,140.01128,122.0007
PE(16:1_20:2),740.52362,504.30955,450.26265,486.29899,432.25209,253.21735,307.26425,152.99586,96.96964,78.95852,140.01128,122.0007
PE(16:1_20:3),738.50802,502.29395,450.26265,484.28339,432.25209,253.21735,305.24865,152.99586,96.96964,78.95852,140.01128,122.0007
PE(16:1_20:4),736.49232,500.27825,450.26265,482.26769,432.25209,253.21735,303.23295,152.99586,96.96964,78.95852,140.01128,122.0007
PE(16:1_20:5),734.47672,498.26265,450.26265,480.25209,432.25209,253.21735,301.21735,152.99586,96.96964,78.95852,140.01128,122.0007
PE(16:1_21:0),758.57062,522.35655,450.26265,504.34599,432.25209,253.21735,325.31125,152.99586,96.96964,78.95852,140.01128,122.0007
PE(16:1_22:0),772.58622,536.37215,450.26265,518.36159,432.25209,253.21735,339.32685,152.99586,96.96964,78.95852,140.01128,122.0007
PE(16:1_22:1),770.57062,534.35655,450.26265,516.34599,432.25209,253.21735,337.31125,152.99586,96.96964,78.95852,140.01128,122.0007
PE(16:1_22:2),768.55492,532.34085,450.26265,514.33029,432.25209,253.21735,335.29555,152.99586,96.96964,78.95852,140.01128,122.0007
PE(16:1_22:3),766.53932,530.32525,450.26265,512.31469,432.25209,253.21735,333.27995,152.99586,96.96964,78.95852,140.01128,122.0007
PE(16:1_22:4),764.52362,528.30955,450.26265,510.29899,432.25209,253.21735,331.26425,152.99586,96.96964,78.95852,140.01128,122.0007
PE(16:1_22:5),762.50802,526.29395,450.26265,508.28339,432.25209,253.21735,329.24865,152.99586,96.96964,78.95852,140.01128,122.0007
PE(16:1_22:6),760.49232,524.27825,450.26265,506.26769,432.25209,253.21735,327.23295,152.99586,96.96964,78.95852,140.01128,122.0007
PE(16:1_23:0),786.60192,550.38785,450.26265,532.37729,432.25209,253.21735,353.34255,152.99586,96.96964,78.95852,140.01128,122.0007
PE(16:1_24:0),800.61752,564.40345,450.26265,546.39289,432.25209,253.21735,367.35815,152.99586,96.96964,78.95852,140.01128,122.0007
PE(16:1_24:1),798.60192,562.38785,450.26265,544.37729,432.25209,253.21735,365.34255,152.99586,96.96964,78.95852,140.01128,122.0007
PE(16:1_25:0),814.63322,578.41915,450.26265,560.40859,432.25209,253.21735,381.37385,152.99586,96.96964,78.95852,140.01128,122.0007
PE(16:1_26:0),828.64882,592.43475,450.26265,574.42419,432.25209,253.21735,395.38945,152.99586,96.96964,78.95852,140.01128,122.0007
PE(17:0_17:0),718.53932,466.29395,466.29395,448.28339,448.28339,269.24865,269.24865,152.99586,96.96964,78.95852,140.01128,122.0007
PE(17:0_17:1),716.52362,464.27825,466.29395,446.26769,448.28339,269.24865,267.23295,152.99586,96.96964,78.95852,140.01128,122.0007
PE(17:0_17:2),714.50802,462.26265,466.29395,444.25209,448.28339,269.24865,265.21735,152.99586,96.96964,78.95852,140.01128,122.0007
PE(17:0_18:0),732.55492,480.30955,466.29395,462.29899,448.28339,269.24865,283.26425,152.99586,96.96964,78.95852,140.01128,122.0007
PE(17:0_18:1),730.53932,478.29395,466.29395,460.28339,448.28339,269.24865,281.24865,152.99586,96.96964,78.95852,140.01128,122.0007
PE(17:0_18:2),728.52362,476.27825,466.29395,458.26769,448.28339,269.24865,279.23295,152.99586,96.96964,78.95852,140.01128,122.0007
PE(17:0_18:3),726.50802,474.26265,466.29395,456.25209,448.28339,269.24865,277.21735,152.99586,96.96964,78.95852,140.01128,122.0007
PE(17:0_18:4),724.49232,472.24695,466.29395,454.23639,448.28339,269.24865,275.20165,152.99586,96.96964,78.95852,140.01128,122.0007
PE(17:0_19:0),746.57062,494.32525,466.29395,476.31469,448.28339,269.24865,297.27995,152.99586,96.96964,78.95852,140.01128,122.0007
PE(17:0_20:0),760.58622,508.34085,466.29395,490.33029,448.28339,269.24865,311.29555,152.99586,96.96964,78.95852,140.01128,122.0007
PE(17:0_20:1),758.57062,506.32525,466.29395,488.31469,448.28339,269.24865,309.27995,152.99586,96.96964,78.95852,140.01128,122.0007
PE(17:0_20:2),756.55492,504.30955,466.29395,486.29899,448.28339,269.24865,307.26425,152.99586,96.96964,78.95852,140.01128,122.0007
PE(17:0_20:3),754.53932,502.29395,466.29395,484.28339,448.28339,269.24865,305.24865,152.99586,96.96964,78.95852,140.01128,122.0007
PE(17:0_20:4),752.52362,500.27825,466.29395,482.26769,448.28339,269.24865,303.23295,152.99586,96.96964,78.95852,140.01128,122.0007
PE(17:0_20:5),750.50802,498.26265,466.29395,480.25209,448.28339,269.24865,301.21735,152.99586,96.96964,78.95852,140.01128,122.0007
PE(17:0_21:0),774.60192,522.35655,466.29395,504.34599,448.28339,269.24865,325.31125,152.99586,96.96964,78.95852,140.01128,122.0007
PE(17:0_22:0),788.61752,536.37215,466.29395,518.36159,448.28339,269.24865,339.32685,152.99586,96.96964,78.95852,140.01128,122.0007
PE(17:0_22:1),786.60192,534.35655,466.29395,516.34599,448.28339,269.24865,337.31125,152.99586,96.96964,78.95852,140.01128,122.0007
PE(17:0_22:2),784.58622,532.34085,466.29395,514.33029,448.28339,269.24865,335.29555,152.99586,96.96964,78.95852,140.01128,122.0007
PE(17:0_22:3),782.57062,530.32525,466.29395,512.31469,448.28339,269.24865,333.27995,152.99586,96.96964,78.95852,140.01128,122.0007
PE(17:0_22:4),780.55492,528.30955,466.29395,510.29899,448.28339,269.24865,331.26425,152.99586,96.96964,78.95852,140.01128,122.0007
PE(17:0_22:5),778.53932,526.29395,466.29395,508.28339,448.28339,269.24865,329.24865,152.99586,96.96964,78.95852,140.01128,122.0007
PE(17:0_22:6),776.52362,524.27825,466.29395,506.26769,448.28339,269.24865,327.23295,152.99586,96.96964,78.95852,140.01128,122.0007
PE(17:0_23:0),802.63322,550.38785,466.29395,532.37729,448.28339,269.24865,353.34255,152.99586,96.96964,78.95852,140.01128,122.0007
PE(17:0_24:0),816.64882,564.40345,466.29395,546.39289,448.28339,269.24865,367.35815,152.99586,96.96964,78.95852,140.01128,122.0007
PE(17:0_24:1),814.63322,562.38785,466.29395,544.37729,448.28339,269.24865,365.34255,152.99586,96.96964,78.95852,140.01128,122.0007
PE(17:0_25:0),830.66452,578.41915,466.29395,560.40859,448.28339,269.24865,381.37385,152.99586,96.96964,78.95852,140.01128,122.0007
PE(17:0_26:0),844.68012,592.43475,466.29395,574.42419,448.28339,269.24865,395.38945,152.99586,96.96964,78.95852,140.01128,122.0007
PE(17:1_17:1),714.50792,464.27825,464.27825,446.26769,446.26769,267.23295,267.23295,152.99586,96.96964,78.95852,140.01128,122.0007
PE(17:1_17:2),712.49232,462.26265,464.27825,444.25209,446.26769,267.23295,265.21735,152.99586,96.96964,78.95852,140.01128,122.0007
PE(17:1_18:0),730.53922,480.30955,464.27825,462.29899,446.26769,267.23295,283.26425,152.99586,96.96964,78.95852,140.01128,122.0007
PE(17:1_18:1),728.52362,478.29395,464.27825,460.28339,446.26769,267.23295,281.24865,152.99586,96.96964,78.95852,140.01128,122.0007
PE(17:1_18:2),726.50792,476.27825,464.27825,458.26769,446.26769,267.23295,279.23295,152.99586,96.96964,78.95852,140.01128,122.0007
PE(17:1_18:3),724.49232,474.26265,464.27825,456.25209,446.26769,267.23295,277.21735,152.99586,96.96964,78.95852,140.01128,122.0007
PE(17:1_18:4),722.47662,472.24695,464.27825,454.23639,446.26769,267.23295,275.20165,152.99586,96.96964,78.95852,140.01128,122.0007
PE(17:1_19:0),744.55492,494.32525,464.27825,476.31469,446.26769,267.23295,297.27995,152.99586,96.96964,78.95852,140.01128,122.0007
PE(17:1_20:0),758.57052,508.34085,464.27825,490.33029,446.26769,267.23295,311.29555,152.99586,96.96964,78.95852,140.01128,122.0007
PE(17:1_20:1),756.55492,506.32525,464.27825,488.31469,446.26769,267.23295,309.27995,152.99586,96.96964,78.95852,140.01128,122.0007
PE(17:1_20:2),754.53922,504.30955,464.27825,486.29899,446.26769,267.23295,307.26425,152.99586,96.96964,78.95852,140.01128,122.0007
PE(17:1_20:3),752.52362,502.29395,464.27825,484.28339,446.26769,267.23295,305.24865,152.99586,96.96964,78.95852,140.01128,122.0007
PE(17:1_20:4),750.50792,500.27825,464.27825,482.26769,446.26769,267.23295,303.23295,152.99586,96.96964,78.95852,140.01128,122.0007
PE(17:1_20:5),748.49232,498.26265,464.27825,480.25209,446.26769,267.23295,301.21735,152.99586,96.96964,78.95852,140.01128,122.0007
PE(17:1_21:0),772.58622,522.35655,464.27825,504.34599,446.26769,267.23295,325.31125,152.99586,96.96964,78.95852,140.01128,122.0007
PE(17:1_22:0),786.60182,536.37215,464.27825,518.36159,446.26769,267.23295,339.32685,152.99586,96.96964,78.95852,140.01128,122.0007
PE(17:1_22:1),784.58622,534.35655,464.27825,516.34599,446.26769,267.23295,337.31125,152.99586,96.96964,78.95852,140.01128,122.0007
PE(17:1_22:2),782.57052,532.34085,464.27825,514.33029,446.26769,267.23295,335.29555,152.99586,96.96964,78.95852,140.01128,122.0007
PE(17:1_22:3),780.55492,530.32525,464.27825,512.31469,446.26769,267.23295,333.27995,152.99586,96.96964,78.95852,140.01128,122.0007
PE(17:1_22:4),778.53922,528.30955,464.27825,510.29899,446.26769,267.23295,331.26425,152.99586,96.96964,78.95852,140.01128,122.0007
PE(17:1_22:5),776.52362,526.29395,464.27825,508.28339,446.26769,267.23295,329.24865,152.99586,96.96964,78.95852,140.01128,122.0007
PE(17:1_22:6),774.50792,524.27825,464.27825,506.26769,446.26769,267.23295,327.23295,152.99586,96.96964,78.95852,140.01128,122.0007
PE(17:1_23:0),800.61752,550.38785,464.27825,532.37729,446.26769,267.23295,353.34255,152.99586,96.96964,78.95852,140.01128,122.0007
PE(17:1_24:0),814.63312,564.40345,464.27825,546.39289,446.26769,267.23295,367.35815,152.99586,96.96964,78.95852,140.01128,122.0007
PE(17:1_24:1),812.61752,562.38785,464.27825,544.37729,446.26769,267.23295,365.34255,152.99586,96.96964,78.95852,140.01128,122.0007
PE(17:1_25:0),828.64882,578.41915,464.27825,560.40859,446.26769,267.23295,381.37385,152.99586,96.96964,78.95852,140.01128,122.0007
PE(17:1_26:0),842.66442,592.43475,464.27825,574.42419,446.26769,267.23295,395.38945,152.99586,96.96964,78.95852,140.01128,122.0007
PE(17:2_17:2),710.47672,462.26265,462.26265,444.25209,444.25209,265.21735,265.21735,152.99586,96.96964,78.95852,140.01128,122.0007
PE(17:2_18:0),728.52362,480.30955,462.26265,462.29899,444.25209,265.21735,283.26425,152.99586,96.96964,78.95852,140.01128,122.0007
PE(17:2_18:1),726.50802,478.29395,462.26265,460.28339,444.25209,265.21735,281.24865,152.99586,96.96964,78.95852,140.01128,122.0007
PE(17:2_18:2),724.49232,476.27825,462.26265,458.26769,444.25209,265.21735,279.23295,152.99586,96.96964,78.95852,140.01128,122.0007
PE(17:2_18:3),722.47672,474.26265,462.26265,456.25209,444.25209,265.21735,277.21735,152.99586,96.96964,78.95852,140.01128,122.0007
PE(17:2_18:4),720.46102,472.24695,462.26265,454.23639,444.25209,265.21735,275.20165,152.99586,96.96964,78.95852,140.01128,122.0007
PE(17:2_19:0),742.53932,494.32525,462.26265,476.31469,444.25209,265.21735,297.27995,152.99586,96.96964,78.95852,140.01128,122.0007
PE(17:2_20:0),756.55492,508.34085,462.26265,490.33029,444.25209,265.21735,311.29555,152.99586,96.96964,78.95852,140.01128,122.0007
PE(17:2_20:1),754.53932,506.32525,462.26265,488.31469,444.25209,265.21735,309.27995,152.99586,96.96964,78.95852,140.01128,122.0007
PE(17:2_20:2),752.52362,504.30955,462.26265,486.29899,444.25209,265.21735,307.26425,152.99586,96.96964,78.95852,140.01128,122.0007
PE(17:2_20:3),750.50802,502.29395,462.26265,484.28339,444.25209,265.21735,305.24865,152.99586,96.96964,78.95852,140.01128,122.0007
PE(17:2_20:4),748.49232,500.27825,462.26265,482.26769,444.25209,265.21735,303.23295,152.99586,96.96964,78.95852,140.01128,122.0007
PE(17:2_20:5),746.47672,498.26265,462.26265,480.25209,444.25209,265.21735,301.21735,152.99586,96.96964,78.95852,140.01128,122.0007
PE(17:2_21:0),770.57062,522.35655,462.26265,504.34599,444.25209,265.21735,325.31125,152.99586,96.96964,78.95852,140.01128,122.0007
PE(17:2_22:0),784.58622,536.37215,462.26265,518.36159,444.25209,265.21735,339.32685,152.99586,96.96964,78.95852,140.01128,122.0007
PE(17:2_22:1),782.57062,534.35655,462.26265,516.34599,444.25209,265.21735,337.31125,152.99586,96.96964,78.95852,140.01128,122.0007
PE(17:2_22:2),780.55492,532.34085,462.26265,514.33029,444.25209,265.21735,335.29555,152.99586,96.96964,78.95852,140.01128,122.0007
PE(17:2_22:3),778.53932,530.32525,462.26265,512.31469,444.25209,265.21735,333.27995,152.99586,96.96964,78.95852,140.01128,122.0007
PE(17:2_22:4),776.52362,528.30955,462.26265,510.29899,444.25209,265.21735,331.26425,152.99586,96.96964,78.95852,140.01128,122.0007
PE(17:2_22:5),774.50802,526.29395,462.26265,508.28339,444.25209,265.21735,329.24865,152.99586,96.96964,78.95852,140.01128,122.0007
PE(17:2_22:6),772.49232,524.27825,462.26265,506.26769,444.25209,265.21735,327.23295,152.99586,96.96964,78.95852,140.01128,122.0007
PE(17:2_23:0),798.60192,550.38785,462.26265,532.37729,444.25209,265.21735,353.34255,152.99586,96.96964,78.95852,140.01128,122.0007
PE(17:2_24:0),812.61752,564.40345,462.26265,546.39289,444.25209,265.21735,367.35815,152.99586,96.96964,78.95852,140.01128,122.0007
PE(17:2_24:1),810.60192,562.38785,462.26265,544.37729,444.25209,265.21735,365.34255,152.99586,96.96964,78.95852,140.01128,122.0007
PE(17:2_25:0),826.63322,578.41915,462.26265,560.40859,444.25209,265.21735,381.37385,152.99586,96.96964,78.95852,140.01128,122.0007
PE(17:2_26:0),840.64882,592.43475,462.26265,574.42419,444.25209,265.21735,395.38945,152.99586,96.96964,78.95852,140.01128,122.0007
PE(18:0_18:0),746.57052,480.30955,480.30955,462.29899,462.29899,283.26425,283.26425,152.99586,96.96964,78.95852,140.01128,122.0007
PE(18:0_18:1),744.55492,478.29395,480.30955,460.28339,462.29899,283.26425,281.24865,152.99586,96.96964,78.95852,140.01128,122.0007
PE(18:0_18:2),742.53922,476.27825,480.30955,458.26769,462.29899,283.26425,279.23295,152.99586,96.96964,78.95852,140.01128,122.0007
PE(18:0_18:3),740.52362,474.26265,480.30955,456.25209,462.29899,283.26425,277.21735,152.99586,96.96964,78.95852,140.01128,122.0007
PE(18:0_18:4),738.50792,472.24695,480.30955,454.23639,462.29899,283.26425,275.20165,152.99586,96.96964,78.95852,140.01128,122.0007
PE(18:0_19:0),760.58622,494.32525,480.30955,476.31469,462.29899,283.26425,297.27995,152.99586,96.96964,78.95852,140.01128,122.0007
PE(18:0_20:0),774.60182,508.34085,480.30955,490.33029,462.29899,283.26425,311.29555,152.99586,96.96964,78.95852,140.01128,122.0007
PE(18:0_20:1),772.58622,506.32525,480.30955,488.31469,462.29899,283.26425,309.27995,152.99586,96.96964,78.95852,140.01128,122.0007
PE(18:0_20:2),770.57052,504.30955,480.30955,486.29899,462.29899,283.26425,307.26425,152.99586,96.96964,78.95852,140.01128,122.0007
PE(18:0_20:3),768.55492,502.29395,480.30955,484.28339,462.29899,283.26425,305.24865,152.99586,96.96964,78.95852,140.01128,122.0007
PE(18:0_20:4),766.53922,500.27825,480.30955,482.26769,462.29899,283.26425,303.23295,152.99586,96.96964,78.95852,140.01128,122.0007
PE(18:0_20:5),764.52362,498.26265,480.30955,480.25209,462.29899,283.26425,301.21735,152.99586,96.96964,78.95852,140.01128,122.0007
PE(18:0_21:0),788.61752,522.35655,480.30955,504.34599,462.29899,283.26425,325.31125,152.99586,96.96964,78.95852,140.01128,122.0007
PE(18:0_22:0),802.63312,536.37215,480.30955,518.36159,462.29899,283.26425,339.32685,152.99586,96.96964,78.95852,140.01128,122.0007
PE(18:0_22:1),800.61752,534.35655,480.30955,516.34599,462.29899,283.26425,337.31125,152.99586,96.96964,78.95852,140.01128,122.0007
PE(18:0_22:2),798.60182,532.34085,480.30955,514.33029,462.29899,283.26425,335.29555,152.99586,96.96964,78.95852,140.01128,122.0007
PE(18:0_22:3),796.58622,530.32525,480.30955,512.31469,462.29899,283.26425,333.27995,152.99586,96.96964,78.95852,140.01128,122.0007
PE(18:0_22:4),794.57052,528.30955,480.30955,510.29899,462.29899,283.26425,331.26425,152.99586,96.96964,78.95852,140.01128,122.0007
PE(18:0_22:5),792.55492,526.29395,480.30955,508.28339,462.29899,283.26425,329.24865,152.99586,96.96964,78.95852,140.01128,122.0007
PE(18:0_22:6),790.53922,524.27825,480.30955,506.26769,462.29899,283.26425,327.23295,152.99586,96.96964,78.95852,140.01128,122.0007
PE(18:0_23:0),816.64882,550.38785,480.30955,532.37729,462.29899,283.26425,353.34255,152.99586,96.96964,78.95852,140.01128,122.0007
PE(18:0_24:0),830.66442,564.40345,480.30955,546.39289,462.29899,283.26425,367.35815,152.99586,96.96964,78.95852,140.01128,122.0007
PE(18:0_24:1),828.64882,562.38785,480.30955,544.37729,462.29899,283.26425,365.34255,152.99586,96.96964,78.95852,140.01128,122.0007
PE(18:0_25:0),844.68012,578.41915,480.30955,560.40859,462.29899,283.26425,381.37385,152.99586,96.96964,78.95852,140.01128,122.0007
PE(18:0_26:0),858.69572,592.43475,480.30955,574.42419,462.29899,283.26425,395.38945,152.99586,96.96964,78.95852,140.01128,122.0007
PE(18:1_18:1),742.53932,478.29395,478.29395,460.28339,460.28339,281.24865,281.24865,152.99586,96.96964,78.95852,140.01128,122.0007
PE(18:1_18:2),740.52362,476.27825,478.29395,458.26769,460.28339,281.24865,279.23295,152.99586,96.96964,78.95852,140.01128,122.0007
PE(18:1_18:3),738.50802,474.26265,478.29395,456.25209,460.28339,281.24865,277.21735,152.99586,96.96964,78.95852,140.01128,122.0007
PE(18:1_18:4),736.49232,472.24695,478.29395,454.23639,460.28339,281.24865,275.20165,152.99586,96.96964,78.95852,140.01128,122.0007
PE(18:1_19:0),758.57062,494.32525,478.29395,476.31469,460.28339,281.24865,297.27995,152.99586,96.96964,78.95852,140.01128,122.0007
PE(18:1_20:0),772.58622,508.34085,478.29395,490.33029,460.28339,281.24865,311.29555,152.99586,96.96964,78.95852,140.01128,122.0007
PE(18:1_20:1),770.57062,506.32525,478.29395,488.31469,460.28339,281.24865,309.27995,152.99586,96.96964,78.95852,140.01128,122.0007
PE(18:1_20:2),768.55492,504.30955,478.29395,486.29899,460.28339,281.24865,307.26425,152.99586,96.96964,78.95852,140.01128,122.0007
PE(18:1_20:3),766.53932,502.29395,478.29395,484.28339,460.28339,281.24865,305.24865,152.99586,96.96964,78.95852,140.01128,122.0007
PE(18:1_20:4),764.52362,500.27825,478.29395,482.26769,460.28339,281.24865,303.23295,152.99586,96.96964,78.95852,140.01128,122.0007
PE(18:1_20:5),762.50802,498.26265,478.29395,480.25209,460.28339,281.24865,301.21735,152.99586,96.96964,78.95852,140.01128,122.0007
PE(18:1_21:0),786.60192,522.35655,478.29395,504.34599,460.28339,281.24865,325.31125,152.99586,96.96964,78.95852,140.01128,122.0007
PE(18:1_22:0),800.61752,536.37215,478.29395,518.36159,460.28339,281.24865,339.32685,152.99586,96.96964,78.95852,140.01128,122.0007
PE(18:1_22:1),798.60192,534.35655,478.29395,516.34599,460.28339,281.24865,337.31125,152.99586,96.96964,78.95852,140.01128,122.0007
PE(18:1_22:2),796.58622,532.34085,478.29395,514.33029,460.28339,281.24865,335.29555,152.99586,96.96964,78.95852,140.01128,122.0007
PE(18:1_22:3),794.57062,530.32525,478.29395,512.31469,460.28339,281.24865,333.27995,152.99586,96.96964,78.95852,140.01128,122.0007
PE(18:1_22:4),792.55492,528.30955,478.29395,510.29899,460.28339,281.24865,331.26425,152.99586,96.96964,78.95852,140.01128,122.0007
PE(18:1_22:5),790.53932,526.29395,478.29395,508.28339,460.28339,281.24865,329.24865,152.99586,96.96964,78.95852,140.01128,122.0007
PE(18:1_22:6),788.52362,524.27825,478.29395,506.26769,460.28339,281.24865,327.23295,152.99586,96.96964,78.95852,140.01128,122.0007
PE(18:1_23:0),814.63322,550.38785,478.29395,532.37729,460.28339,281.24865,353.34255,152.99586,96.96964,78.95852,140.01128,122.0007
PE(18:1_24:0),828.64882,564.40345,478.29395,546.39289,460.28339,281.24865,367.35815,152.99586,96.96964,78.95852,140.01128,122.0007
PE(18:1_24:1),826.63322,562.38785,478.29395,544.37729,460.28339,281.24865,365.34255,152.99586,96.96964,78.95852,140.01128,122.0007
PE(18:1_25:0),842.66452,578.41915,478.29395,560.40859,460.28339,281.24865,381.37385,152.99586,96.96964,78.95852,140.01128,122.0007
PE(18:1_26:0),856.68012,592.43475,478.29395,574.42419,460.28339,281.24865,395.38945,152.99586,96.96964,78.95852,140.01128,122.0007
PE(18:2_18:2),738.50792,476.27825,476.27825,458.26769,458.26769,279.23295,279.23295,152.99586,96.96964,78.95852,140.01128,122.0007
PE(18:2_18:3),736.49232,474.26265,476.27825,456.25209,458.26769,279.23295,277.21735,152.99586,96.96964,78.95852,140.01128,122.0007
PE(18:2_18:4),734.47662,472.24695,476.27825,454.23639,458.26769,279.23295,275.20165,152.99586,96.96964,78.95852,140.01128,122.0007
PE(18:2_19:0),756.55492,494.32525,476.27825,476.31469,458.26769,279.23295,297.27995,152.99586,96.96964,78.95852,140.01128,122.0007
PE(18:2_20:0),770.57052,508.34085,476.27825,490.33029,458.26769,279.23295,311.29555,152.99586,96.96964,78.95852,140.01128,122.0007
PE(18:2_20:1),768.55492,506.32525,476.27825,488.31469,458.26769,279.23295,309.27995,152.99586,96.96964,78.95852,140.01128,122.0007
PE(18:2_20:2),766.53922,504.30955,476.27825,486.29899,458.26769,279.23295,307.26425,152.99586,96.96964,78.95852,140.01128,122.0007
PE(18:2_20:3),764.52362,502.29395,476.27825,484.28339,458.26769,279.23295,305.24865,152.99586,96.96964,78.95852,140.01128,122.0007
PE(18:2_20:4),762.50792,500.27825,476.27825,482.26769,458.26769,279.23295,303.23295,152.99586,96.96964,78.95852,140.01128,122.0007
PE(18:2_20:5),760.49232,498.26265,476.27825,480.25209,458.26769,279.23295,301.21735,152.99586,96.96964,78.95852,140.01128,122.0007
PE(18:2_21:0),784.58622,522.35655,476.27825,504.34599,458.26769,279.23295,325.31125,152.99586,96.96964,78.95852,140.01128,122.0007
PE(18:2_22:0),798.60182,536.37215,476.27825,518.36159,458.26769,279.23295,339.32685,152.99586,96.96964,78.95852,140.01128,122.0007
PE(18:2_22:1),796.58622,534.35655,476.27825,516.34599,458.26769,279.23295,337.31125,152.99586,96.96964,78.95852,140.01128,122.0007
PE(18:2_22:2),794.57052,532.34085,476.27825,514.33029,458.26769,279.23295,335.29555,152.99586,96.96964,78.95852,140.01128,122.0007
PE(18:2_22:3),792.55492,530.32525,476.27825,512.31469,458.26769,279.23295,333.27995,152.99586,96.96964,78.95852,140.01128,122.0007
PE(18:2_22:4),790.53922,528.30955,476.27825,510.29899,458.26769,279.23295,331.26425,152.99586,96.96964,78.95852,140.01128,122.0007
PE(18:2_22:5),788.52362,526.29395,476.27825,508.28339,458.26769,279.23295,329.24865,152.99586,96.96964,78.95852,140.01128,122.0007
PE(18:2_22:6),786.50792,524.27825,476.27825,506.26769,458.26769,279.23295,327.23295,152.99586,96.96964,78.95852,140.01128,122.0007
PE(18:2_23:0),812.61752,550.38785,476.27825,532.37729,458.26769,279.23295,353.34255,152.99586,96.96964,78.95852,140.01128,122.0007
PE(18:2_24:0),826.63312,564.40345,476.27825,546.39289,458.26769,279.23295,367.35815,152.99586,96.96964,78.95852,140.01128,122.0007
PE(18:2_24:1),824.61752,562.38785,476.27825,544.37729,458.26769,279.23295,365.34255,152.99586,96.96964,78.95852,140.01128,122.0007
PE(18:2_25:0),840.64882,578.41915,476.27825,560.40859,458.26769,279.23295,381.37385,152.99586,96.96964,78.95852,140.01128,122.0007
PE(18:2_26:0),854.66442,592.43475,476.27825,574.42419,458.26769,279.23295,395.38945,152.99586,96.96964,78.95852,140.01128,122.0007
PE(18:3_18:3),734.47672,474.26265,474.26265,456.25209,456.25209,277.21735,277.21735,152.99586,96.96964,78.95852,140.01128,122.0007
PE(18:3_18:4),732.46102,472.24695,474.26265,454.23639,456.25209,277.21735,275.20165,152.99586,96.96964,78.95852,140.01128,122.0007
PE(18:3_19:0),754.53932,494.32525,474.26265,476.31469,456.25209,277.21735,297.27995,152.99586,96.96964,78.95852,140.01128,122.0007
PE(18:3_20:0),768.55492,508.34085,474.26265,490.33029,456.25209,277.21735,311.29555,152.99586,96.96964,78.95852,140.01128,122.0007
PE(18:3_20:1),766.53932,506.32525,474.26265,488.31469,456.25209,277.21735,309.27995,152.99586,96.96964,78.95852,140.01128,122.0007
PE(18:3_20:2),764.52362,504.30955,474.26265,486.29899,456.25209,277.21735,307.26425,152.99586,96.96964,78.95852,140.01128,122.0007
PE(18:3_20:3),762.50802,502.29395,474.26265,484.28339,456.25209,277.21735,305.24865,152.99586,96.96964,78.95852,140.01128,122.0007
PE(18:3_20:4),760.49232,500.27825,474.26265,482.26769,456.25209,277.21735,303.23295,152.99586,96.96964,78.95852,140.01128,122.0007
PE(18:3_20:5),758.47672,498.26265,474.26265,480.25209,456.25209,277.21735,301.21735,152.99586,96.96964,78.95852,140.01128,122.0007
PE(18:3_21:0),782.57062,522.35655,474.26265,504.34599,456.25209,277.21735,325.31125,152.99586,96.96964,78.95852,140.01128,122.0007
PE(18:3_22:0),796.58622,536.37215,474.26265,518.36159,456.25209,277.21735,339.32685,152.99586,96.96964,78.95852,140.01128,122.0007
PE(18:3_22:1),794.57062,534.35655,474.26265,516.34599,456.25209,277.21735,337.31125,152.99586,96.96964,78.95852,140.01128,122.0007
PE(18:3_22:2),792.55492,532.34085,474.26265,514.33029,456.25209,277.21735,335.29555,152.99586,96.96964,78.95852,140.01128,122.0007
PE(18:3_22:3),790.53932,530.32525,474.26265,512.31469,456.25209,277.21735,333.27995,152.99586,96.96964,78.95852,140.01128,122.0007
PE(18:3_22:4),788.52362,528.30955,474.26265,510.29899,456.25209,277.21735,331.26425,152.99586,96.96964,78.95852,140.01128,122.0007
PE(18:3_22:5),786.50802,526.29395,474.26265,508.28339,456.25209,277.21735,329.24865,152.99586,96.96964,78.95852,140.01128,122.0007
PE(18:3_22:6),784.49232,524.27825,474.26265,506.26769,456.25209,277.21735,327.23295,152.99586,96.96964,78.95852,140.01128,122.0007
PE(18:3_23:0),810.60192,550.38785,474.26265,532.37729,456.25209,277.21735,353.34255,152.99586,96.96964,78.95852,140.01128,122.0007
PE(18:3_24:0),824.61752,564.40345,474.26265,546.39289,456.25209,277.21735,367.35815,152.99586,96.96964,78.95852,140.01128,122.0007
PE(18:3_24:1),822.60192,562.38785,474.26265,544.37729,456.25209,277.21735,365.34255,152.99586,96.96964,78.95852,140.01128,122.0007
PE(18:3_25:0),838.63322,578.41915,474.26265,560.40859,456.25209,277.21735,381.37385,152.99586,96.96964,78.95852,140.01128,122.0007
PE(18:3_26:0),852.64882,592.43475,474.26265,574.42419,456.25209,277.21735,395.38945,152.99586,96.96964,78.95852,140.01128,122.0007
PE(18:4_18:4),730.44532,472.24695,472.24695,454.23639,454.23639,275.20165,275.20165,152.99586,96.96964,78.95852,140.01128,122.0007
PE(18:4_19:0),752.52362,494.32525,472.24695,476.31469,454.23639,275.20165,297.27995,152.99586,96.96964,78.95852,140.01128,122.0007
PE(18:4_20:0),766.53922,508.34085,472.24695,490.33029,454.23639,275.20165,311.29555,152.99586,96.96964,78.95852,140.01128,122.0007
PE(18:4_20:1),764.52362,506.32525,472.24695,488.31469,454.23639,275.20165,309.27995,152.99586,96.96964,78.95852,140.01128,122.0007
PE(18:4_20:2),762.50792,504.30955,472.24695,486.29899,454.23639,275.20165,307.26425,152.99586,96.96964,78.95852,140.01128,122.0007
PE(18:4_20:3),760.49232,502.29395,472.24695,484.28339,454.23639,275.20165,305.24865,152.99586,96.96964,78.95852,140.01128,122.0007
PE(18:4_20:4),758.47662,500.27825,472.24695,482.26769,454.23639,275.20165,303.23295,152.99586,96.96964,78.95852,140.01128,122.0007
PE(18:4_20:5),756.46102,498.26265,472.24695,480.25209,454.23639,275.20165,301.21735,152.99586,96.96964,78.95852,140.01128,122.0007
PE(18:4_21:0),780.55492,522.35655,472.24695,504.34599,454.23639,275.20165,325.31125,152.99586,96.96964,78.95852,140.01128,122.0007
PE(18:4_22:0),794.57052,536.37215,472.24695,518.36159,454.23639,275.20165,339.32685,152.99586,96.96964,78.95852,140.01128,122.0007
PE(18:4_22:1),792.55492,534.35655,472.24695,516.34599,454.23639,275.20165,337.31125,152.99586,96.96964,78.95852,140.01128,122.0007
PE(18:4_22:2),790.53922,532.34085,472.24695,514.33029,454.23639,275.20165,335.29555,152.99586,96.96964,78.95852,140.01128,122.0007
PE(18:4_22:3),788.52362,530.32525,472.24695,512.31469,454.23639,275.20165,333.27995,152.99586,96.96964,78.95852,140.01128,122.0007
PE(18:4_22:4),786.50792,528.30955,472.24695,510.29899,454.23639,275.20165,331.26425,152.99586,96.96964,78.95852,140.01128,122.0007
PE(18:4_22:5),784.49232,526.29395,472.24695,508.28339,454.23639,275.20165,329.24865,152.99586,96.96964,78.95852,140.01128,122.0007
PE(18:4_22:6),782.47662,524.27825,472.24695,506.26769,454.23639,275.20165,327.23295,152.99586,96.96964,78.95852,140.01128,122.0007
PE(18:4_23:0),808.58622,550.38785,472.24695,532.37729,454.23639,275.20165,353.34255,152.99586,96.96964,78.95852,140.01128,122.0007
PE(18:4_24:0),822.60182,564.40345,472.24695,546.39289,454.23639,275.20165,367.35815,152.99586,96.96964,78.95852,140.01128,122.0007
PE(18:4_24:1),820.58622,562.38785,472.24695,544.37729,454.23639,275.20165,365.34255,152.99586,96.96964,78.95852,140.01128,122.0007
PE(18:4_25:0),836.61752,578.41915,472.24695,560.40859,454.23639,275.20165,381.37385,152.99586,96.96964,78.95852,140.01128,122.0007
PE(18:4_26:0),850.63312,592.43475,472.24695,574.42419,454.23639,275.20165,395.38945,152.99586,96.96964,78.95852,140.01128,122.0007
PE(19:0_19:0),774.60192,494.32525,494.32525,476.31469,476.31469,297.27995,297.27995,152.99586,96.96964,78.95852,140.01128,122.0007
PE(19:0_20:0),788.61752,508.34085,494.32525,490.33029,476.31469,297.27995,311.29555,152.99586,96.96964,78.95852,140.01128,122.0007
PE(19:0_20:1),786.60192,506.32525,494.32525,488.31469,476.31469,297.27995,309.27995,152.99586,96.96964,78.95852,140.01128,122.0007
PE(19:0_20:2),784.58622,504.30955,494.32525,486.29899,476.31469,297.27995,307.26425,152.99586,96.96964,78.95852,140.01128,122.0007
PE(19:0_20:3),782.57062,502.29395,494.32525,484.28339,476.31469,297.27995,305.24865,152.99586,96.96964,78.95852,140.01128,122.0007
PE(19:0_20:4),780.55492,500.27825,494.32525,482.26769,476.31469,297.27995,303.23295,152.99586,96.96964,78.95852,140.01128,122.0007
PE(19:0_20:5),778.53932,498.26265,494.32525,480.25209,476.31469,297.27995,301.21735,152.99586,96.96964,78.95852,140.01128,122.0007
PE(19:0_21:0),802.63322,522.35655,494.32525,504.34599,476.31469,297.27995,325.31125,152.99586,96.96964,78.95852,140.01128,122.0007
PE(19:0_22:0),816.64882,536.37215,494.32525,518.36159,476.31469,297.27995,339.32685,152.99586,96.96964,78.95852,140.01128,122.0007
PE(19:0_22:1),814.63322,534.35655,494.32525,516.34599,476.31469,297.27995,337.31125,152.99586,96.96964,78.95852,140.01128,122.0007
PE(19:0_22:2),812.61752,532.34085,494.32525,514.33029,476.31469,297.27995,335.29555,152.99586,96.96964,78.95852,140.01128,122.0007
PE(19:0_22:3),810.60192,530.32525,494.32525,512.31469,476.31469,297.27995,333.27995,152.99586,96.96964,78.95852,140.01128,122.0007
PE(19:0_22:4),808.58622,528.30955,494.32525,510.29899,476.31469,297.27995,331.26425,152.99586,96.96964,78.95852,140.01128,122.0007
PE(19:0_22:5),806.57062,526.29395,494.32525,508.28339,476.31469,297.27995,329.24865,152.99586,96.96964,78.95852,140.01128,122.0007
PE(19:0_22:6),804.55492,524.27825,494.32525,506.26769,476.31469,297.27995,327.23295,152.99586,96.96964,78.95852,140.01128,122.0007
PE(19:0_23:0),830.66452,550.38785,494.32525,532.37729,476.31469,297.27995,353.34255,152.99586,96.96964,78.95852,140.01128,122.0007
PE(19:0_24:0),844.68012,564.40345,494.32525,546.39289,476.31469,297.27995,367.35815,152.99586,96.96964,78.95852,140.01128,122.0007
PE(19:0_24:1),842.66452,562.38785,494.32525,544.37729,476.31469,297.27995,365.34255,152.99586,96.96964,78.95852,140.01128,122.0007
PE(19:0_25:0),858.69582,578.41915,494.32525,560.40859,476.31469,297.27995,381.37385,152.99586,96.96964,78.95852,140.01128,122.0007
PE(19:0_26:0),872.71142,592.43475,494.32525,574.42419,476.31469,297.27995,395.38945,152.99586,96.96964,78.95852,140.01128,122.0007
PE(20:0_20:0),802.63312,508.34085,508.34085,490.33029,490.33029,311.29555,311.29555,152.99586,96.96964,78.95852,140.01128,122.0007
PE(20:0_20:1),800.61752,506.32525,508.34085,488.31469,490.33029,311.29555,309.27995,152.99586,96.96964,78.95852,140.01128,122.0007
PE(20:0_20:2),798.60182,504.30955,508.34085,486.29899,490.33029,311.29555,307.26425,152.99586,96.96964,78.95852,140.01128,122.0007
PE(20:0_20:3),796.58622,502.29395,508.34085,484.28339,490.33029,311.29555,305.24865,152.99586,96.96964,78.95852,140.01128,122.0007
PE(20:0_20:4),794.57052,500.27825,508.34085,482.26769,490.33029,311.29555,303.23295,152.99586,96.96964,78.95852,140.01128,122.0007
PE(20:0_20:5),792.55492,498.26265,508.34085,480.25209,490.33029,311.29555,301.21735,152.99586,96.96964,78.95852,140.01128,122.0007
PE(20:0_21:0),816.64882,522.35655,508.34085,504.34599,490.33029,311.29555,325.31125,152.99586,96.96964,78.95852,140.01128,122.0007
PE(20:0_22:0),830.66442,536.37215,508.34085,518.36159,490.33029,311.29555,339.32685,152.99586,96.96964,78.95852,140.01128,122.0007
PE(20:0_22:1),828.64882,534.35655,508.34085,516.34599,490.33029,311.29555,337.31125,152.99586,96.96964,78.95852,140.01128,122.0007
PE(20:0_22:2),826.63312,532.34085,508.34085,514.33029,490.33029,311.29555,335.29555,152.99586,96.96964,78.95852,140.01128,122.0007
PE(20:0_22:3),824.61752,530.32525,508.34085,512.31469,490.33029,311.29555,333.27995,152.99586,96.96964,78.95852,140.01128,122.0007
PE(20:0_22:4),822.60182,528.30955,508.34085,510.29899,490.33029,311.29555,331.26425,152.99586,96.96964,78.95852,140.01128,122.0007
PE(20:0_22:5),820.58622,526.29395,508.34085,508.28339,490.33029,311.29555,329.24865,152.99586,96.96964,78.95852,140.01128,122.0007
PE(20:0_22:6),818.57052,524.27825,508.34085,506.26769,490.33029,311.29555,327.23295,152.99586,96.96964,78.95852,140.01128,122.0007
PE(20:0_23:0),844.68012,550.38785,508.34085,532.37729,490.33029,311.29555,353.34255,152.99586,96.96964,78.95852,140.01128,122.0007
PE(20:0_24:0),858.69572,564.40345,508.34085,546.39289,490.33029,311.29555,367.35815,152.99586,96.96964,78.95852,140.01128,122.0007
PE(20:0_24:1),856.68012,562.38785,508.34085,544.37729,490.33029,311.29555,365.34255,152.99586,96.96964,78.95852,140.01128,122.0007
PE(20:0_25:0),872.71142,578.41915,508.34085,560.40859,490.33029,311.29555,381.37385,152.99586,96.96964,78.95852,140.01128,122.0007
PE(20:0_26:0),886.72702,592.43475,508.34085,574.42419,490.33029,311.29555,395.38945,152.99586,96.96964,78.95852,140.01128,122.0007
PE(20:1_20:1),798.60192,506.32525,506.32525,488.31469,488.31469,309.27995,309.27995,152.99586,96.96964,78.95852,140.01128,122.0007
PE(20:1_20:2),796.58622,504.30955,506.32525,486.29899,488.31469,309.27995,307.26425,152.99586,96.96964,78.95852,140.01128,122.0007
PE(20:1_20:3),794.57062,502.29395,506.32525,484.28339,488.31469,309.27995,305.24865,152.99586,96.96964,78.95852,140.01128,122.0007
PE(20:1_20:4),792.55492,500.27825,506.32525,482.26769,488.31469,309.27995,303.23295,152.99586,96.96964,78.95852,140.01128,122.0007
PE(20:1_20:5),790.53932,498.26265,506.32525,480.25209,488.31469,309.27995,301.21735,152.99586,96.96964,78.95852,140.01128,122.0007
PE(20:1_21:0),814.63322,522.35655,506.32525,504.34599,488.31469,309.27995,325.31125,152.99586,96.96964,78.95852,140.01128,122.0007
PE(20:1_22:0),828.64882,536.37215,506.32525,518.36159,488.31469,309.27995,339.32685,152.99586,96.96964,78.95852,140.01128,122.0007
PE(20:1_22:1),826.63322,534.35655,506.32525,516.34599,488.31469,309.27995,337.31125,152.99586,96.96964,78.95852,140.01128,122.0007
PE(20:1_22:2),824.61752,532.34085,506.32525,514.33029,488.31469,309.27995,335.29555,152.99586,96.96964,78.95852,140.01128,122.0007
PE(20:1_22:3),822.60192,530.32525,506.32525,512.31469,488.31469,309.27995,333.27995,152.99586,96.96964,78.95852,140.01128,122.0007
PE(20:1_22:4),820.58622,528.30955,506.32525,510.29899,488.31469,309.27995,331.26425,152.99586,96.96964,78.95852,140.01128,122.0007
PE(20:1_22:5),818.57062,526.29395,506.32525,508.28339,488.31469,309.27995,329.24865,152.99586,96.96964,78.95852,140.01128,122.0007
PE(20:1_22:6),816.55492,524.27825,506.32525,506.26769,488.31469,309.27995,327.23295,152.99586,96.96964,78.95852,140.01128,122.0007
PE(20:1_23:0),842.66452,550.38785,506.32525,532.37729,488.31469,309.27995,353.34255,152.99586,96.96964,78.95852,140.01128,122.0007
PE(20:1_24:0),856.68012,564.40345,506.32525,546.39289,488.31469,309.27995,367.35815,152.99586,96.96964,78.95852,140.01128,122.0007
PE(20:1_24:1),854.66452,562.38785,506.32525,544.37729,488.31469,309.27995,365.34255,152.99586,96.96964,78.95852,140.01128,122.0007
PE(20:1_25:0),870.69582,578.41915,506.32525,560.40859,488.31469,309.27995,381.37385,152.99586,96.96964,78.95852,140.01128,122.0007
PE(20:1_26:0),884.71142,592.43475,506.32525,574.42419,488.31469,309.27995,395.38945,152.99586,96.96964,78.95852,140.01128,122.0007
PE(20:2_20:2),794.57052,504.30955,504.30955,486.29899,486.29899,307.26425,307.26425,152.99586,96.96964,78.95852,140.01128,122.0007
PE(20:2_20:3),792.55492,502.29395,504.30955,484.28339,486.29899,307.26425,305.24865,152.99586,96.96964,78.95852,140.01128,122.0007
PE(20:2_20:4),790.53922,500.27825,504.30955,482.26769,486.29899,307.26425,303.23295,152.99586,96.96964,78.95852,140.01128,122.0007
PE(20:2_20:5),788.52362,498.26265,504.30955,480.25209,486.29899,307.26425,301.21735,152.99586,96.96964,78.95852,140.01128,122.0007
PE(20:2_21:0),812.61752,522.35655,504.30955,504.34599,486.29899,307.26425,325.31125,152.99586,96.96964,78.95852,140.01128,122.0007
PE(20:2_22:0),826.63312,536.37215,504.30955,518.36159,486.29899,307.26425,339.32685,152.99586,96.96964,78.95852,140.01128,122.0007
PE(20:2_22:1),824.61752,534.35655,504.30955,516.34599,486.29899,307.26425,337.31125,152.99586,96.96964,78.95852,140.01128,122.0007
PE(20:2_22:2),822.60182,532.34085,504.30955,514.33029,486.29899,307.26425,335.29555,152.99586,96.96964,78.95852,140.01128,122.0007
PE(20:2_22:3),820.58622,530.32525,504.30955,512.31469,486.29899,307.26425,333.27995,152.99586,96.96964,78.95852,140.01128,122.0007
PE(20:2_22:4),818.57052,528.30955,504.30955,510.29899,486.29899,307.26425,331.26425,152.99586,96.96964,78.95852,140.01128,122.0007
PE(20:2_22:5),816.55492,526.29395,504.30955,508.28339,486.29899,307.26425,329.24865,152.99586,96.96964,78.95852,140.01128,122.0007
PE(20:2_22:6),814.53922,524.27825,504.30955,506.26769,486.29899,307.26425,327.23295,152.99586,96.96964,78.95852,140.01128,122.0007
PE(20:2_23:0),840.64882,550.38785,504.30955,532.37729,486.29899,307.26425,353.34255,152.99586,96.96964,78.95852,140.01128,122.0007
PE(20:2_24:0),854.66442,564.40345,504.30955,546.39289,486.29899,307.26425,367.35815,152.99586,96.96964,78.95852,140.01128,122.0007
PE(20:2_24:1),852.64882,562.38785,504.30955,544.37729,486.29899,307.26425,365.34255,152.99586,96.96964,78.95852,140.01128,122.0007
PE(20:2_25:0),868.68012,578.41915,504.30955,560.40859,486.29899,307.26425,381.37385,152.99586,96.96964,78.95852,140.01128,122.0007
PE(20:2_26:0),882.69572,592.43475,504.30955,574.42419,486.29899,307.26425,395.38945,152.99586,96.96964,78.95852,140.01128,122.0007
PE(20:3_20:3),790.53932,502.29395,502.29395,484.28339,484.28339,305.24865,305.24865,152.99586,96.96964,78.95852,140.01128,122.0007
PE(20:3_20:4),788.52362,500.27825,502.29395,482.26769,484.28339,305.24865,303.23295,152.99586,96.96964,78.95852,140.01128,122.0007
PE(20:3_20:5),786.50802,498.26265,502.29395,480.25209,484.28339,305.24865,301.21735,152.99586,96.96964,78.95852,140.01128,122.0007
PE(20:3_21:0),810.60192,522.35655,502.29395,504.34599,484.28339,305.24865,325.31125,152.99586,96.96964,78.95852,140.01128,122.0007
PE(20:3_22:0),824.61752,536.37215,502.29395,518.36159,484.28339,305.24865,339.32685,152.99586,96.96964,78.95852,140.01128,122.0007
PE(20:3_22:1),822.60192,534.35655,502.29395,516.34599,484.28339,305.24865,337.31125,152.99586,96.96964,78.95852,140.01128,122.0007
PE(20:3_22:2),820.58622,532.34085,502.29395,514.33029,484.28339,305.24865,335.29555,152.99586,96.96964,78.95852,140.01128,122.0007
PE(20:3_22:3),818.57062,530.32525,502.29395,512.31469,484.28339,305.24865,333.27995,152.99586,96.96964,78.95852,140.01128,122.0007
PE(20:3_22:4),816.55492,528.30955,502.29395,510.29899,484.28339,305.24865,331.26425,152.99586,96.96964,78.95852,140.01128,122.0007
PE(20:3_22:5),814.53932,526.29395,502.29395,508.28339,484.28339,305.24865,329.24865,152.99586,96.96964,78.95852,140.01128,122.0007
PE(20:3_22:6),812.52362,524.27825,502.29395,506.26769,484.28339,305.24865,327.23295,152.99586,96.96964,78.95852,140.01128,122.0007
PE(20:3_23:0),838.63322,550.38785,502.29395,532.37729,484.28339,305.24865,353.34255,152.99586,96.96964,78.95852,140.01128,122.0007
PE(20:3_24:0),852.64882,564.40345,502.29395,546.39289,484.28339,305.24865,367.35815,152.99586,96.96964,78.95852,140.01128,122.0007
PE(20:3_24:1),850.63322,562.38785,502.29395,544.37729,484.28339,305.24865,365.34255,152.99586,96.96964,78.95852,140.01128,122.0007
PE(20:3_25:0),866.66452,578.41915,502.29395,560.40859,484.28339,305.24865,381.37385,152.99586,96.96964,78.95852,140.01128,122.0007
PE(20:3_26:0),880.68012,592.43475,502.29395,574.42419,484.28339,305.24865,395.38945,152.99586,96.96964,78.95852,140.01128,122.0007
PE(20:4_20:4),786.50792,500.27825,500.27825,482.26769,482.26769,303.23295,303.23295,152.99586,96.96964,78.95852,140.01128,122.0007
PE(20:4_20:5),784.49232,498.26265,500.27825,480.25209,482.26769,303.23295,301.21735,152.99586,96.96964,78.95852,140.01128,122.0007
PE(20:4_21:0),808.58622,522.35655,500.27825,504.34599,482.26769,303.23295,325.31125,152.99586,96.96964,78.95852,140.01128,122.0007
PE(20:4_22:0),822.60182,536.37215,500.27825,518.36159,482.26769,303.23295,339.32685,152.99586,96.96964,78.95852,140.01128,122.0007
PE(20:4_22:1),820.58622,534.35655,500.27825,516.34599,482.26769,303.23295,337.31125,152.99586,96.96964,78.95852,140.01128,122.0007
PE(20:4_22:2),818.57052,532.34085,500.27825,514.33029,482.26769,303.23295,335.29555,152.99586,96.96964,78.95852,140.01128,122.0007
PE(20:4_22:3),816.55492,530.32525,500.27825,512.31469,482.26769,303.23295,333.27995,152.99586,96.96964,78.95852,140.01128,122.0007
PE(20:4_22:4),814.53922,528.30955,500.27825,510.29899,482.26769,303.23295,331.26425,152.99586,96.96964,78.95852,140.01128,122.0007
PE(20:4_22:5),812.52362,526.29395,500.27825,508.28339,482.26769,303.23295,329.24865,152.99586,96.96964,78.95852,140.01128,122.0007
PE(20:4_22:6),810.50792,524.27825,500.27825,506.26769,482.26769,303.23295,327.23295,152.99586,96.96964,78.95852,140.01128,122.0007
PE(20:4_23:0),836.61752,550.38785,500.27825,532.37729,482.26769,303.23295,353.34255,152.99586,96.96964,78.95852,140.01128,122.0007
PE(20:4_24:0),850.63312,564.40345,500.27825,546.39289,482.26769,303.23295,367.35815,152.99586,96.96964,78.95852,140.01128,122.0007
PE(20:4_24:1),848.61752,562.38785,500.27825,544.37729,482.26769,303.23295,365.34255,152.99586,96.96964,78.95852,140.01128,122.0007
PE(20:4_25:0),864.64882,578.41915,500.27825,560.40859,482.26769,303.23295,381.37385,152.99586,96.96964,78.95852,140.01128,122.0007
PE(20:4_26:0),878.66442,592.43475,500.27825,574.42419,482.26769,303.23295,395.38945,152.99586,96.96964,78.95852,140.01128,122.0007
PE(20:5_20:5),782.47672,498.26265,498.26265,480.25209,480.25209,301.21735,301.21735,152.99586,96.96964,78.95852,140.01128,122.0007
PE(20:5_21:0),806.57062,522.35655,498.26265,504.34599,480.25209,301.21735,325.31125,152.99586,96.96964,78.95852,140.01128,122.0007
PE(20:5_22:0),820.58622,536.37215,498.26265,518.36159,480.25209,301.21735,339.32685,152.99586,96.96964,78.95852,140.01128,122.0007
PE(20:5_22:1),818.57062,534.35655,498.26265,516.34599,480.25209,301.21735,337.31125,152.99586,96.96964,78.95852,140.01128,122.0007
PE(20:5_22:2),816.55492,532.34085,498.26265,514.33029,480.25209,301.21735,335.29555,152.99586,96.96964,78.95852,140.01128,122.0007
PE(20:5_22:3),814.53932,530.32525,498.26265,512.31469,480.25209,301.21735,333.27995,152.99586,96.96964,78.95852,140.01128,122.0007
PE(20:5_22:4),812.52362,528.30955,498.26265,510.29899,480.25209,301.21735,331.26425,152.99586,96.96964,78.95852,140.01128,122.0007
PE(20:5_22:5),810.50802,526.29395,498.26265,508.28339,480.25209,301.21735,329.24865,152.99586,96.96964,78.95852,140.01128,122.0007
PE(20:5_22:6),808.49232,524.27825,498.26265,506.26769,480.25209,301.21735,327.23295,152.99586,96.96964,78.95852,140.01128,122.0007
PE(20:5_23:0),834.60192,550.38785,498.26265,532.37729,480.25209,301.21735,353.34255,152.99586,96.96964,78.95852,140.01128,122.0007
PE(20:5_24:0),848.61752,564.40345,498.26265,546.39289,480.25209,301.21735,367.35815,152.99586,96.96964,78.95852,140.01128,122.0007
PE(20:5_24:1),846.60192,562.38785,498.26265,544.37729,480.25209,301.21735,365.34255,152.99586,96.96964,78.95852,140.01128,122.0007
PE(20:5_25:0),862.63322,578.41915,498.26265,560.40859,480.25209,301.21735,381.37385,152.99586,96.96964,78.95852,140.01128,122.0007
PE(20:5_26:0),876.64882,592.43475,498.26265,574.42419,480.25209,301.21735,395.38945,152.99586,96.96964,78.95852,140.01128,122.0007
PE(21:0_21:0),830.66452,522.35655,522.35655,504.34599,504.34599,325.31125,325.31125,152.99586,96.96964,78.95852,140.01128,122.0007
PE(21:0_22:0),844.68012,536.37215,522.35655,518.36159,504.34599,325.31125,339.32685,152.99586,96.96964,78.95852,140.01128,122.0007
PE(21:0_22:1),842.66452,534.35655,522.35655,516.34599,504.34599,325.31125,337.31125,152.99586,96.96964,78.95852,140.01128,122.0007
PE(21:0_22:2),840.64882,532.34085,522.35655,514.33029,504.34599,325.31125,335.29555,152.99586,96.96964,78.95852,140.01128,122.0007
PE(21:0_22:3),838.63322,530.32525,522.35655,512.31469,504.34599,325.31125,333.27995,152.99586,96.96964,78.95852,140.01128,122.0007
PE(21:0_22:4),836.61752,528.30955,522.35655,510.29899,504.34599,325.31125,331.26425,152.99586,96.96964,78.95852,140.01128,122.0007
PE(21:0_22:5),834.60192,526.29395,522.35655,508.28339,504.34599,325.31125,329.24865,152.99586,96.96964,78.95852,140.01128,122.0007
PE(21:0_22:6),832.58622,524.27825,522.35655,506.26769,504.34599,325.31125,327.23295,152.99586,96.96964,78.95852,140.01128,122.0007
PE(21:0_23:0),858.69582,550.38785,522.35655,532.37729,504.34599,325.31125,353.34255,152.99586,96.96964,78.95852,140.01128,122.0007
PE(21:0_24:0),872.71142,564.40345,522.35655,546.39289,504.34599,325.31125,367.35815,152.99586,96.96964,78.95852,140.01128,122.0007
PE(21:0_24:1),870.69582,562.38785,522.35655,544.37729,504.34599,325.31125,365.34255,152.99586,96.96964,78.95852,140.01128,122.0007
PE(21:0_25:0),886.72712,578.41915,522.35655,560.40859,504.34599,325.31125,381.37385,152.99586,96.96964,78.95852,140.01128,122.0007
PE(21:0_26:0),900.74272,592.43475,522.35655,574.42419,504.34599,325.31125,395.38945,152.99586,96.96964,78.95852,140.01128,122.0007
PE(22:0_22:0),858.69572,536.37215,536.37215,518.36159,518.36159,339.32685,339.32685,152.99586,96.96964,78.95852,140.01128,122.0007
PE(22:0_22:1),856.68012,534.35655,536.37215,516.34599,518.36159,339.32685,337.31125,152.99586,96.96964,78.95852,140.01128,122.0007
PE(22:0_22:2),854.66442,532.34085,536.37215,514.33029,518.36159,339.32685,335.29555,152.99586,96.96964,78.95852,140.01128,122.0007
PE(22:0_22:3),852.64882,530.32525,536.37215,512.31469,518.36159,339.32685,333.27995,152.99586,96.96964,78.95852,140.01128,122.0007
PE(22:0_22:4),850.63312,528.30955,536.37215,510.29899,518.36159,339.32685,331.26425,152.99586,96.96964,78.95852,140.01128,122.0007
PE(22:0_22:5),848.61752,526.29395,536.37215,508.28339,518.36159,339.32685,329.24865,152.99586,96.96964,78.95852,140.01128,122.0007
PE(22:0_22:6),846.60182,524.27825,536.37215,506.26769,518.36159,339.32685,327.23295,152.99586,96.96964,78.95852,140.01128,122.0007
PE(22:0_23:0),872.71142,550.38785,536.37215,532.37729,518.36159,339.32685,353.34255,152.99586,96.96964,78.95852,140.01128,122.0007
PE(22:0_24:0),886.72702,564.40345,536.37215,546.39289,518.36159,339.32685,367.35815,152.99586,96.96964,78.95852,140.01128,122.0007
PE(22:0_24:1),884.71142,562.38785,536.37215,544.37729,518.36159,339.32685,365.34255,152.99586,96.96964,78.95852,140.01128,122.0007
PE(22:0_25:0),900.74272,578.41915,536.37215,560.40859,518.36159,339.32685,381.37385,152.99586,96.96964,78.95852,140.01128,122.0007
PE(22:0_26:0),914.75832,592.43475,536.37215,574.42419,518.36159,339.32685,395.38945,152.99586,96.96964,78.95852,140.01128,122.0007
PE(22:1_22:1),854.66452,534.35655,534.35655,516.34599,516.34599,337.31125,337.31125,152.99586,96.96964,78.95852,140.01128,122.0007
PE(22:1_22:2),852.64882,532.34085,534.35655,514.33029,516.34599,337.31125,335.29555,152.99586,96.96964,78.95852,140.01128,122.0007
PE(22:1_22:3),850.63322,530.32525,534.35655,512.31469,516.34599,337.31125,333.27995,152.99586,96.96964,78.95852,140.01128,122.0007
PE(22:1_22:4),848.61752,528.30955,534.35655,510.29899,516.34599,337.31125,331.26425,152.99586,96.96964,78.95852,140.01128,122.0007
PE(22:1_22:5),846.60192,526.29395,534.35655,508.28339,516.34599,337.31125,329.24865,152.99586,96.96964,78.95852,140.01128,122.0007
PE(22:1_22:6),844.58622,524.27825,534.35655,506.26769,516.34599,337.31125,327.23295,152.99586,96.96964,78.95852,140.01128,122.0007
PE(22:1_23:0),870.69582,550.38785,534.35655,532.37729,516.34599,337.31125,353.34255,152.99586,96.96964,78.95852,140.01128,122.0007
PE(22:1_24:0),884.71142,564.40345,534.35655,546.39289,516.34599,337.31125,367.35815,152.99586,96.96964,78.95852,140.01128,122.0007
PE(22:1_24:1),882.69582,562.38785,534.35655,544.37729,516.34599,337.31125,365.34255,152.99586,96.96964,78.95852,140.01128,122.0007
PE(22:1_25:0),898.72712,578.41915,534.35655,560.40859,516.34599,337.31125,381.37385,152.99586,96.96964,78.95852,140.01128,122.0007
PE(22:1_26:0),912.74272,592.43475,534.35655,574.42419,516.34599,337.31125,395.38945,152.99586,96.96964,78.95852,140.01128,122.0007
PE(22:2_22:2),850.63312,532.34085,532.34085,514.33029,514.33029,335.29555,335.29555,152.99586,96.96964,78.95852,140.01128,122.0007
PE(22:2_22:3),848.61752,530.32525,532.34085,512.31469,514.33029,335.29555,333.27995,152.99586,96.96964,78.95852,140.01128,122.0007
PE(22:2_22:4),846.60182,528.30955,532.34085,510.29899,514.33029,335.29555,331.26425,152.99586,96.96964,78.95852,140.01128,122.0007
PE(22:2_22:5),844.58622,526.29395,532.34085,508.28339,514.33029,335.29555,329.24865,152.99586,96.96964,78.95852,140.01128,122.0007
PE(22:2_22:6),842.57052,524.27825,532.34085,506.26769,514.33029,335.29555,327.23295,152.99586,96.96964,78.95852,140.01128,122.0007
PE(22:2_23:0),868.68012,550.38785,532.34085,532.37729,514.33029,335.29555,353.34255,152.99586,96.96964,78.95852,140.01128,122.0007
PE(22:2_24:0),882.69572,564.40345,532.34085,546.39289,514.33029,335.29555,367.35815,152.99586,96.96964,78.95852,140.01128,122.0007
PE(22:2_24:1),880.68012,562.38785,532.34085,544.37729,514.33029,335.29555,365.34255,152.99586,96.96964,78.95852,140.01128,122.0007
PE(22:2_25:0),896.71142,578.41915,532.34085,560.40859,514.33029,335.29555,381.37385,152.99586,96.96964,78.95852,140.01128,122.0007
PE(22:2_26:0),910.72702,592.43475,532.34085,574.42419,514.33029,335.29555,395.38945,152.99586,96.96964,78.95852,140.01128,122.0007
PE(22:3_22:3),846.60192,530.32525,530.32525,512.31469,512.31469,333.27995,333.27995,152.99586,96.96964,78.95852,140.01128,122.0007
PE(22:3_22:4),844.58622,528.30955,530.32525,510.29899,512.31469,333.27995,331.26425,152.99586,96.96964,78.95852,140.01128,122.0007
PE(22:3_22:5),842.57062,526.29395,530.32525,508.28339,512.31469,333.27995,329.24865,152.99586,96.96964,78.95852,140.01128,122.0007
PE(22:3_22:6),840.55492,524.27825,530.32525,506.26769,512.31469,333.27995,327.23295,152.99586,96.96964,78.95852,140.01128,122.0007
PE(22:3_23:0),866.66452,550.38785,530.32525,532.37729,512.31469,333.27995,353.34255,152.99586,96.96964,78.95852,140.01128,122.0007
PE(22:3_24:0),880.68012,564.40345,530.32525,546.39289,512.31469,333.27995,367.35815,152.99586,96.96964,78.95852,140.01128,122.0007
PE(22:3_24:1),878.66452,562.38785,530.32525,544.37729,512.31469,333.27995,365.34255,152.99586,96.96964,78.95852,140.01128,122.0007
PE(22:3_25:0),894.69582,578.41915,530.32525,560.40859,512.31469,333.27995,381.37385,152.99586,96.96964,78.95852,140.01128,122.0007
PE(22:3_26:0),908.71142,592.43475,530.32525,574.42419,512.31469,333.27995,395.38945,152.99586,96.96964,78.95852,140.01128,122.0007
PE(22:4_22:4),842.57052,528.30955,528.30955,510.29899,510.29899,331.26425,331.26425,152.99586,96.96964,78.95852,140.01128,122.0007
PE(22:4_22:5),840.55492,526.29395,528.30955,508.28339,510.29899,331.26425,329.24865,152.99586,96.96964,78.95852,140.01128,122.0007
PE(22:4_22:6),838.53922,524.27825,528.30955,506.26769,510.29899,331.26425,327.23295,152.99586,96.96964,78.95852,140.01128,122.0007
PE(22:4_23:0),864.64882,550.38785,528.30955,532.37729,510.29899,331.26425,353.34255,152.99586,96.96964,78.95852,140.01128,122.0007
PE(22:4_24:0),878.66442,564.40345,528.30955,546.39289,510.29899,331.26425,367.35815,152.99586,96.96964,78.95852,140.01128,122.0007
PE(22:4_24:1),876.64882,562.38785,528.30955,544.37729,510.29899,331.26425,365.34255,152.99586,96.96964,78.95852,140.01128,122.0007
PE(22:4_25:0),892.68012,578.41915,528.30955,560.40859,510.29899,331.26425,381.37385,152.99586,96.96964,78.95852,140.01128,122.0007
PE(22:4_26:0),906.69572,592.43475,528.30955,574.42419,510.29899,331.26425,395.38945,152.99586,96.96964,78.95852,140.01128,122.0007
PE(22:5_22:5),838.53932,526.29395,526.29395,508.28339,508.28339,329.24865,329.24865,152.99586,96.96964,78.95852,140.01128,122.0007
PE(22:5_22:6),836.52362,524.27825,526.29395,506.26769,508.28339,329.24865,327.23295,152.99586,96.96964,78.95852,140.01128,122.0007
PE(22:5_23:0),862.63322,550.38785,526.29395,532.37729,508.28339,329.24865,353.34255,152.99586,96.96964,78.95852,140.01128,122.0007
PE(22:5_24:0),876.64882,564.40345,526.29395,546.39289,508.28339,329.24865,367.35815,152.99586,96.96964,78.95852,140.01128,122.0007
PE(22:5_24:1),874.63322,562.38785,526.29395,544.37729,508.28339,329.24865,365.34255,152.99586,96.96964,78.95852,140.01128,122.0007
PE(22:5_25:0),890.66452,578.41915,526.29395,560.40859,508.28339,329.24865,381.37385,152.99586,96.96964,78.95852,140.01128,122.0007
PE(22:5_26:0),904.68012,592.43475,526.29395,574.42419,508.28339,329.24865,395.38945,152.99586,96.96964,78.95852,140.01128,122.0007
PE(22:6_22:6),834.50792,524.27825,524.27825,506.26769,506.26769,327.23295,327.23295,152.99586,96.96964,78.95852,140.01128,122.0007
PE(22:6_23:0),860.61752,550.38785,524.27825,532.37729,506.26769,327.23295,353.34255,152.99586,96.96964,78.95852,140.01128,122.0007
PE(22:6_24:0),874.63312,564.40345,524.27825,546.39289,506.26769,327.23295,367.35815,152.99586,96.96964,78.95852,140.01128,122.0007
PE(22:6_24:1),872.61752,562.38785,524.27825,544.37729,506.26769,327.23295,365.34255,152.99586,96.96964,78.95852,140.01128,122.0007
PE(22:6_25:0),888.64882,578.41915,524.27825,560.40859,506.26769,327.23295,381.37385,152.99586,96.96964,78.95852,140.01128,122.0007
PE(22:6_26:0),902.66442,592.43475,524.27825,574.42419,506.26769,327.23295,395.38945,152.99586,96.96964,78.95852,140.01128,122.0007
PE(23:0_23:0),886.72712,550.38785,550.38785,532.37729,532.37729,353.34255,353.34255,152.99586,96.96964,78.95852,140.01128,122.0007
PE(23:0_24:0),900.74272,564.40345,550.38785,546.39289,532.37729,353.34255,367.35815,152.99586,96.96964,78.95852,140.01128,122.0007
PE(23:0_24:1),898.72712,562.38785,550.38785,544.37729,532.37729,353.34255,365.34255,152.99586,96.96964,78.95852,140.01128,122.0007
PE(23:0_25:0),914.75842,578.41915,550.38785,560.40859,532.37729,353.34255,381.37385,152.99586,96.96964,78.95852,140.01128,122.0007
PE(23:0_26:0),928.77402,592.43475,550.38785,574.42419,532.37729,353.34255,395.38945,152.99586,96.96964,78.95852,140.01128,122.0007
PE(24:0_24:0),914.75832,564.40345,564.40345,546.39289,546.39289,367.35815,367.35815,152.99586,96.96964,78.95852,140.01128,122.0007
PE(24:0_24:1),912.74272,562.38785,564.40345,544.37729,546.39289,367.35815,365.34255,152.99586,96.96964,78.95852,140.01128,122.0007
PE(24:0_25:0),928.77402,578.41915,564.40345,560.40859,546.39289,367.35815,381.37385,152.99586,96.96964,78.95852,140.01128,122.0007
PE(24:0_26:0),942.78962,592.43475,564.40345,574.42419,546.39289,367.35815,395.38945,152.99586,96.96964,78.95852,140.01128,122.0007
PE(24:1_24:1),910.72712,562.38785,562.38785,544.37729,544.37729,365.34255,365.34255,152.99586,96.96964,78.95852,140.01128,122.0007
PE(24:1_25:0),926.75842,578.41915,562.38785,560.40859,544.37729,365.34255,381.37385,152.99586,96.96964,78.95852,140.01128,122.0007
PE(24:1_26:0),940.77402,592.43475,562.38785,574.42419,544.37729,365.34255,395.38945,152.99586,96.96964,78.95852,140.01128,122.0007
PE(25:0_25:0),942.78972,578.41915,578.41915,560.40859,560.40859,381.37385,381.37385,152.99586,96.96964,78.95852,140.01128,122.0007
PE(25:0_26:0),956.80532,592.43475,578.41915,574.42419,560.40859,381.37385,395.38945,152.99586,96.96964,78.95852,140.01128,122.0007
PE(26:0_26:0),970.82092,592.43475,592.43475,574.42419,574.42419,395.38945,395.38945,152.99586,96.96964,78.95852,140.01128,122.0007
scores,0.01,0.01,0.01,0.01,0.01,0.45,0.45,0.01,0.01,0.01,0.01,0.01
