Plasmenyl-PC,[M+HCOO]-,[M-CH3]-,[M-choline]-,[M-FA-CH3]-,[M-FA-CH3-H2O]-,[M-FA-Choline]-,[Glycerophosphocholine-CH3-H2O]-,[M-FA]-,[Phosphocholine-CH3]-,[Glycerol-3-phosphate-H2O]-,[H2PO4]-,[PO3]-
Plasmenyl-PC(P-16:0/10:0),678.47156,618.45042,547.37692,464.31465,446.30409,375.2306,224.06881,171.13905,168.04314,152.99586,96.96964,78.95852
Plasmenyl-PC(P-16:0/12:0),706.50286,646.48172,575.40822,464.31465,446.30409,375.2306,224.06881,199.17035,168.04314,152.99586,96.96964,78.95852
Plasmenyl-PC(P-16:0/13:0),720.51856,660.49742,589.42392,464.31465,446.30409,375.2306,224.06881,213.18605,168.04314,152.99586,96.96964,78.95852
Plasmenyl-PC(P-16:0/14:0),734.53416,674.51302,603.43952,464.31465,446.30409,375.2306,224.06881,227.20165,168.04314,152.99586,96.96964,78.95852
Plasmenyl-PC(P-16:0/14:1),732.51856,672.49742,601.42392,464.31465,446.30409,375.2306,224.06881,225.18605,168.04314,152.99586,96.96964,78.95852
Plasmenyl-PC(P-16:0/15:0),748.54986,688.52872,617.45522,464.31465,446.30409,375.2306,224.06881,241.21735,168.04314,152.99586,96.96964,78.95852
Plasmenyl-PC(P-16:0/15:1),746.53416,686.51302,615.43952,464.31465,446.30409,375.2306,224.06881,239.20165,168.04314,152.99586,96.96964,78.95852
Plasmenyl-PC(P-16:0/16:0),762.56546,702.54432,631.47082,464.31465,446.30409,375.2306,224.06881,255.23295,168.04314,152.99586,96.96964,78.95852
Plasmenyl-PC(P-16:0/16:1),760.54986,700.52872,629.45522,464.31465,446.30409,375.2306,224.06881,253.21735,168.04314,152.99586,96.96964,78.95852
Plasmenyl-PC(P-16:0/17:0),776.58116,716.56002,645.48652,464.31465,446.30409,375.2306,224.06881,269.24865,168.04314,152.99586,96.96964,78.95852
Plasmenyl-PC(P-16:0/17:1),774.56546,714.54432,643.47082,464.31465,446.30409,375.2306,224.06881,267.23295,168.04314,152.99586,96.96964,78.95852
Plasmenyl-PC(P-16:0/17:2),772.54986,712.52872,641.45522,464.31465,446.30409,375.2306,224.06881,265.21735,168.04314,152.99586,96.96964,78.95852
Plasmenyl-PC(P-16:0/18:0),790.59676,730.57562,659.50212,464.31465,446.30409,375.2306,224.06881,283.26425,168.04314,152.99586,96.96964,78.95852
Plasmenyl-PC(P-16:0/18:1),788.58116,728.56002,657.48652,464.31465,446.30409,375.2306,224.06881,281.24865,168.04314,152.99586,96.96964,78.95852
Plasmenyl-PC(P-16:0/18:2),786.56546,726.54432,655.47082,464.31465,446.30409,375.2306,224.06881,279.23295,168.04314,152.99586,96.96964,78.95852
Plasmenyl-PC(P-16:0/18:3),784.54986,724.52872,653.45522,464.31465,446.30409,375.2306,224.06881,277.21735,168.04314,152.99586,96.96964,78.95852
Plasmenyl-PC(P-16:0/18:4),782.53416,722.51302,651.43952,464.31465,446.30409,375.2306,224.06881,275.20165,168.04314,152.99586,96.96964,78.95852
Plasmenyl-PC(P-16:0/19:0),804.61246,744.59132,673.51782,464.31465,446.30409,375.2306,224.06881,297.27995,168.04314,152.99586,96.96964,78.95852
Plasmenyl-PC(P-16:0/20:0),818.62806,758.60692,687.53342,464.31465,446.30409,375.2306,224.06881,311.29555,168.04314,152.99586,96.96964,78.95852
Plasmenyl-PC(P-16:0/20:1),816.61246,756.59132,685.51782,464.31465,446.30409,375.2306,224.06881,309.27995,168.04314,152.99586,96.96964,78.95852
Plasmenyl-PC(P-16:0/20:2),814.59676,754.57562,683.50212,464.31465,446.30409,375.2306,224.06881,307.26425,168.04314,152.99586,96.96964,78.95852
Plasmenyl-PC(P-16:0/20:3),812.58116,752.56002,681.48652,464.31465,446.30409,375.2306,224.06881,305.24865,168.04314,152.99586,96.96964,78.95852
Plasmenyl-PC(P-16:0/20:4),810.56546,750.54432,679.47082,464.31465,446.30409,375.2306,224.06881,303.23295,168.04314,152.99586,96.96964,78.95852
Plasmenyl-PC(P-16:0/20:5),808.54986,748.52872,677.45522,464.31465,446.30409,375.2306,224.06881,301.21735,168.04314,152.99586,96.96964,78.95852
Plasmenyl-PC(P-16:0/21:0),832.64376,772.62262,701.54912,464.31465,446.30409,375.2306,224.06881,325.31125,168.04314,152.99586,96.96964,78.95852
Plasmenyl-PC(P-16:0/22:0),846.65936,786.63822,715.56472,464.31465,446.30409,375.2306,224.06881,339.32685,168.04314,152.99586,96.96964,78.95852
Plasmenyl-PC(P-16:0/22:1),844.64376,784.62262,713.54912,464.31465,446.30409,375.2306,224.06881,337.31125,168.04314,152.99586,96.96964,78.95852
Plasmenyl-PC(P-16:0/22:2),842.62806,782.60692,711.53342,464.31465,446.30409,375.2306,224.06881,335.29555,168.04314,152.99586,96.96964,78.95852
Plasmenyl-PC(P-16:0/22:3),840.61246,780.59132,709.51782,464.31465,446.30409,375.2306,224.06881,333.27995,168.04314,152.99586,96.96964,78.95852
Plasmenyl-PC(P-16:0/22:4),838.59676,778.57562,707.50212,464.31465,446.30409,375.2306,224.06881,331.26425,168.04314,152.99586,96.96964,78.95852
Plasmenyl-PC(P-16:0/22:5),836.58116,776.56002,705.48652,464.31465,446.30409,375.2306,224.06881,329.24865,168.04314,152.99586,96.96964,78.95852
Plasmenyl-PC(P-16:0/22:6),834.56546,774.54432,703.47082,464.31465,446.30409,375.2306,224.06881,327.23295,168.04314,152.99586,96.96964,78.95852
Plasmenyl-PC(P-16:0/23:0),860.67506,800.65392,729.58042,464.31465,446.30409,375.2306,224.06881,353.34255,168.04314,152.99586,96.96964,78.95852
Plasmenyl-PC(P-16:0/24:0),874.69066,814.66952,743.59602,464.31465,446.30409,375.2306,224.06881,367.35815,168.04314,152.99586,96.96964,78.95852
Plasmenyl-PC(P-16:0/24:1),872.67506,812.65392,741.58042,464.31465,446.30409,375.2306,224.06881,365.34255,168.04314,152.99586,96.96964,78.95852
Plasmenyl-PC(P-16:0/25:0),888.70636,828.68522,757.61172,464.31465,446.30409,375.2306,224.06881,381.37385,168.04314,152.99586,96.96964,78.95852
Plasmenyl-PC(P-16:0/26:0),902.72196,842.70082,771.62732,464.31465,446.30409,375.2306,224.06881,395.38945,168.04314,152.99586,96.96964,78.95852
Plasmenyl-PC(P-16:0/8:0),650.44026,590.41912,519.34562,464.31465,446.30409,375.2306,224.06881,143.10775,168.04314,152.99586,96.96964,78.95852
Plasmenyl-PC(P-16:1/10:0),676.45596,616.43482,545.36132,462.29905,444.28849,373.215,224.06881,171.13905,168.04314,152.99586,96.96964,78.95852
Plasmenyl-PC(P-16:1/12:0),704.48726,644.46612,573.39262,462.29905,444.28849,373.215,224.06881,199.17035,168.04314,152.99586,96.96964,78.95852
Plasmenyl-PC(P-16:1/13:0),718.50296,658.48182,587.40832,462.29905,444.28849,373.215,224.06881,213.18605,168.04314,152.99586,96.96964,78.95852
Plasmenyl-PC(P-16:1/14:0),732.51856,672.49742,601.42392,462.29905,444.28849,373.215,224.06881,227.20165,168.04314,152.99586,96.96964,78.95852
Plasmenyl-PC(P-16:1/14:1),730.50296,670.48182,599.40832,462.29905,444.28849,373.215,224.06881,225.18605,168.04314,152.99586,96.96964,78.95852
Plasmenyl-PC(P-16:1/15:0),746.53426,686.51312,615.43962,462.29905,444.28849,373.215,224.06881,241.21735,168.04314,152.99586,96.96964,78.95852
Plasmenyl-PC(P-16:1/15:1),744.51856,684.49742,613.42392,462.29905,444.28849,373.215,224.06881,239.20165,168.04314,152.99586,96.96964,78.95852
Plasmenyl-PC(P-16:1/16:0),760.54986,700.52872,629.45522,462.29905,444.28849,373.215,224.06881,255.23295,168.04314,152.99586,96.96964,78.95852
Plasmenyl-PC(P-16:1/16:1),758.53426,698.51312,627.43962,462.29905,444.28849,373.215,224.06881,253.21735,168.04314,152.99586,96.96964,78.95852
Plasmenyl-PC(P-16:1/17:0),774.56556,714.54442,643.47092,462.29905,444.28849,373.215,224.06881,269.24865,168.04314,152.99586,96.96964,78.95852
Plasmenyl-PC(P-16:1/17:1),772.54986,712.52872,641.45522,462.29905,444.28849,373.215,224.06881,267.23295,168.04314,152.99586,96.96964,78.95852
Plasmenyl-PC(P-16:1/17:2),770.53426,710.51312,639.43962,462.29905,444.28849,373.215,224.06881,265.21735,168.04314,152.99586,96.96964,78.95852
Plasmenyl-PC(P-16:1/18:0),788.58116,728.56002,657.48652,462.29905,444.28849,373.215,224.06881,283.26425,168.04314,152.99586,96.96964,78.95852
Plasmenyl-PC(P-16:1/18:1),786.56556,726.54442,655.47092,462.29905,444.28849,373.215,224.06881,281.24865,168.04314,152.99586,96.96964,78.95852
Plasmenyl-PC(P-16:1/18:2),784.54986,724.52872,653.45522,462.29905,444.28849,373.215,224.06881,279.23295,168.04314,152.99586,96.96964,78.95852
Plasmenyl-PC(P-16:1/18:3),782.53426,722.51312,651.43962,462.29905,444.28849,373.215,224.06881,277.21735,168.04314,152.99586,96.96964,78.95852
Plasmenyl-PC(P-16:1/18:4),780.51856,720.49742,649.42392,462.29905,444.28849,373.215,224.06881,275.20165,168.04314,152.99586,96.96964,78.95852
Plasmenyl-PC(P-16:1/19:0),802.59686,742.57572,671.50222,462.29905,444.28849,373.215,224.06881,297.27995,168.04314,152.99586,96.96964,78.95852
Plasmenyl-PC(P-16:1/20:0),816.61246,756.59132,685.51782,462.29905,444.28849,373.215,224.06881,311.29555,168.04314,152.99586,96.96964,78.95852
Plasmenyl-PC(P-16:1/20:1),814.59686,754.57572,683.50222,462.29905,444.28849,373.215,224.06881,309.27995,168.04314,152.99586,96.96964,78.95852
Plasmenyl-PC(P-16:1/20:2),812.58116,752.56002,681.48652,462.29905,444.28849,373.215,224.06881,307.26425,168.04314,152.99586,96.96964,78.95852
Plasmenyl-PC(P-16:1/20:3),810.56556,750.54442,679.47092,462.29905,444.28849,373.215,224.06881,305.24865,168.04314,152.99586,96.96964,78.95852
Plasmenyl-PC(P-16:1/20:4),808.54986,748.52872,677.45522,462.29905,444.28849,373.215,224.06881,303.23295,168.04314,152.99586,96.96964,78.95852
Plasmenyl-PC(P-16:1/20:5),806.53426,746.51312,675.43962,462.29905,444.28849,373.215,224.06881,301.21735,168.04314,152.99586,96.96964,78.95852
Plasmenyl-PC(P-16:1/21:0),830.62816,770.60702,699.53352,462.29905,444.28849,373.215,224.06881,325.31125,168.04314,152.99586,96.96964,78.95852
Plasmenyl-PC(P-16:1/22:0),844.64376,784.62262,713.54912,462.29905,444.28849,373.215,224.06881,339.32685,168.04314,152.99586,96.96964,78.95852
Plasmenyl-PC(P-16:1/22:1),842.62816,782.60702,711.53352,462.29905,444.28849,373.215,224.06881,337.31125,168.04314,152.99586,96.96964,78.95852
Plasmenyl-PC(P-16:1/22:2),840.61246,780.59132,709.51782,462.29905,444.28849,373.215,224.06881,335.29555,168.04314,152.99586,96.96964,78.95852
Plasmenyl-PC(P-16:1/22:3),838.59686,778.57572,707.50222,462.29905,444.28849,373.215,224.06881,333.27995,168.04314,152.99586,96.96964,78.95852
Plasmenyl-PC(P-16:1/22:4),836.58116,776.56002,705.48652,462.29905,444.28849,373.215,224.06881,331.26425,168.04314,152.99586,96.96964,78.95852
Plasmenyl-PC(P-16:1/22:5),834.56556,774.54442,703.47092,462.29905,444.28849,373.215,224.06881,329.24865,168.04314,152.99586,96.96964,78.95852
Plasmenyl-PC(P-16:1/22:6),832.54986,772.52872,701.45522,462.29905,444.28849,373.215,224.06881,327.23295,168.04314,152.99586,96.96964,78.95852
Plasmenyl-PC(P-16:1/23:0),858.65946,798.63832,727.56482,462.29905,444.28849,373.215,224.06881,353.34255,168.04314,152.99586,96.96964,78.95852
Plasmenyl-PC(P-16:1/24:0),872.67506,812.65392,741.58042,462.29905,444.28849,373.215,224.06881,367.35815,168.04314,152.99586,96.96964,78.95852
Plasmenyl-PC(P-16:1/24:1),870.65946,810.63832,739.56482,462.29905,444.28849,373.215,224.06881,365.34255,168.04314,152.99586,96.96964,78.95852
Plasmenyl-PC(P-16:1/25:0),886.69076,826.66962,755.59612,462.29905,444.28849,373.215,224.06881,381.37385,168.04314,152.99586,96.96964,78.95852
Plasmenyl-PC(P-16:1/26:0),900.70636,840.68522,769.61172,462.29905,444.28849,373.215,224.06881,395.38945,168.04314,152.99586,96.96964,78.95852
Plasmenyl-PC(P-16:1/8:0),648.42466,588.40352,517.33002,462.29905,444.28849,373.215,224.06881,143.10775,168.04314,152.99586,96.96964,78.95852
Plasmenyl-PC(P-18:0/10:0),706.50286,646.48172,575.40822,492.34595,474.33539,403.2619,224.06881,171.13905,168.04314,152.99586,96.96964,78.95852
Plasmenyl-PC(P-18:0/12:0),734.53416,674.51302,603.43952,492.34595,474.33539,403.2619,224.06881,199.17035,168.04314,152.99586,96.96964,78.95852
Plasmenyl-PC(P-18:0/13:0),748.54986,688.52872,617.45522,492.34595,474.33539,403.2619,224.06881,213.18605,168.04314,152.99586,96.96964,78.95852
Plasmenyl-PC(P-18:0/14:0),762.56546,702.54432,631.47082,492.34595,474.33539,403.2619,224.06881,227.20165,168.04314,152.99586,96.96964,78.95852
Plasmenyl-PC(P-18:0/14:1),760.54986,700.52872,629.45522,492.34595,474.33539,403.2619,224.06881,225.18605,168.04314,152.99586,96.96964,78.95852
Plasmenyl-PC(P-18:0/15:0),776.58116,716.56002,645.48652,492.34595,474.33539,403.2619,224.06881,241.21735,168.04314,152.99586,96.96964,78.95852
Plasmenyl-PC(P-18:0/15:1),774.56546,714.54432,643.47082,492.34595,474.33539,403.2619,224.06881,239.20165,168.04314,152.99586,96.96964,78.95852
Plasmenyl-PC(P-18:0/16:0),790.59676,730.57562,659.50212,492.34595,474.33539,403.2619,224.06881,255.23295,168.04314,152.99586,96.96964,78.95852
Plasmenyl-PC(P-18:0/16:1),788.58116,728.56002,657.48652,492.34595,474.33539,403.2619,224.06881,253.21735,168.04314,152.99586,96.96964,78.95852
Plasmenyl-PC(P-18:0/17:0),804.61246,744.59132,673.51782,492.34595,474.33539,403.2619,224.06881,269.24865,168.04314,152.99586,96.96964,78.95852
Plasmenyl-PC(P-18:0/17:1),802.59676,742.57562,671.50212,492.34595,474.33539,403.2619,224.06881,267.23295,168.04314,152.99586,96.96964,78.95852
Plasmenyl-PC(P-18:0/17:2),800.58116,740.56002,669.48652,492.34595,474.33539,403.2619,224.06881,265.21735,168.04314,152.99586,96.96964,78.95852
Plasmenyl-PC(P-18:0/18:0),818.62806,758.60692,687.53342,492.34595,474.33539,403.2619,224.06881,283.26425,168.04314,152.99586,96.96964,78.95852
Plasmenyl-PC(P-18:0/18:1),816.61246,756.59132,685.51782,492.34595,474.33539,403.2619,224.06881,281.24865,168.04314,152.99586,96.96964,78.95852
Plasmenyl-PC(P-18:0/18:2),814.59676,754.57562,683.50212,492.34595,474.33539,403.2619,224.06881,279.23295,168.04314,152.99586,96.96964,78.95852
Plasmenyl-PC(P-18:0/18:3),812.58116,752.56002,681.48652,492.34595,474.33539,403.2619,224.06881,277.21735,168.04314,152.99586,96.96964,78.95852
Plasmenyl-PC(P-18:0/18:4),810.56546,750.54432,679.47082,492.34595,474.33539,403.2619,224.06881,275.20165,168.04314,152.99586,96.96964,78.95852
Plasmenyl-PC(P-18:0/19:0),832.64376,772.62262,701.54912,492.34595,474.33539,403.2619,224.06881,297.27995,168.04314,152.99586,96.96964,78.95852
Plasmenyl-PC(P-18:0/20:0),846.65936,786.63822,715.56472,492.34595,474.33539,403.2619,224.06881,311.29555,168.04314,152.99586,96.96964,78.95852
Plasmenyl-PC(P-18:0/20:1),844.64376,784.62262,713.54912,492.34595,474.33539,403.2619,224.06881,309.27995,168.04314,152.99586,96.96964,78.95852
Plasmenyl-PC(P-18:0/20:2),842.62806,782.60692,711.53342,492.34595,474.33539,403.2619,224.06881,307.26425,168.04314,152.99586,96.96964,78.95852
Plasmenyl-PC(P-18:0/20:3),840.61246,780.59132,709.51782,492.34595,474.33539,403.2619,224.06881,305.24865,168.04314,152.99586,96.96964,78.95852
Plasmenyl-PC(P-18:0/20:4),838.59676,778.57562,707.50212,492.34595,474.33539,403.2619,224.06881,303.23295,168.04314,152.99586,96.96964,78.95852
Plasmenyl-PC(P-18:0/20:5),836.58116,776.56002,705.48652,492.34595,474.33539,403.2619,224.06881,301.21735,168.04314,152.99586,96.96964,78.95852
Plasmenyl-PC(P-18:0/21:0),860.67506,800.65392,729.58042,492.34595,474.33539,403.2619,224.06881,325.31125,168.04314,152.99586,96.96964,78.95852
Plasmenyl-PC(P-18:0/22:0),874.69066,814.66952,743.59602,492.34595,474.33539,403.2619,224.06881,339.32685,168.04314,152.99586,96.96964,78.95852
Plasmenyl-PC(P-18:0/22:1),872.67506,812.65392,741.58042,492.34595,474.33539,403.2619,224.06881,337.31125,168.04314,152.99586,96.96964,78.95852
Plasmenyl-PC(P-18:0/22:2),870.65936,810.63822,739.56472,492.34595,474.33539,403.2619,224.06881,335.29555,168.04314,152.99586,96.96964,78.95852
Plasmenyl-PC(P-18:0/22:3),868.64376,808.62262,737.54912,492.34595,474.33539,403.2619,224.06881,333.27995,168.04314,152.99586,96.96964,78.95852
Plasmenyl-PC(P-18:0/22:4),866.62806,806.60692,735.53342,492.34595,474.33539,403.2619,224.06881,331.26425,168.04314,152.99586,96.96964,78.95852
Plasmenyl-PC(P-18:0/22:5),864.61246,804.59132,733.51782,492.34595,474.33539,403.2619,224.06881,329.24865,168.04314,152.99586,96.96964,78.95852
Plasmenyl-PC(P-18:0/22:6),862.59676,802.57562,731.50212,492.34595,474.33539,403.2619,224.06881,327.23295,168.04314,152.99586,96.96964,78.95852
Plasmenyl-PC(P-18:0/23:0),888.70636,828.68522,757.61172,492.34595,474.33539,403.2619,224.06881,353.34255,168.04314,152.99586,96.96964,78.95852
Plasmenyl-PC(P-18:0/24:0),902.72196,842.70082,771.62732,492.34595,474.33539,403.2619,224.06881,367.35815,168.04314,152.99586,96.96964,78.95852
Plasmenyl-PC(P-18:0/24:1),900.70636,840.68522,769.61172,492.34595,474.33539,403.2619,224.06881,365.34255,168.04314,152.99586,96.96964,78.95852
Plasmenyl-PC(P-18:0/25:0),916.73766,856.71652,785.64302,492.34595,474.33539,403.2619,224.06881,381.37385,168.04314,152.99586,96.96964,78.95852
Plasmenyl-PC(P-18:0/26:0),930.75326,870.73212,799.65862,492.34595,474.33539,403.2619,224.06881,395.38945,168.04314,152.99586,96.96964,78.95852
Plasmenyl-PC(P-18:0/8:0),678.47156,618.45042,547.37692,492.34595,474.33539,403.2619,224.06881,143.10775,168.04314,152.99586,96.96964,78.95852
Plasmenyl-PC(P-18:1/10:0),704.48726,644.46612,573.39262,490.33035,472.31979,401.2463,224.06881,171.13905,168.04314,152.99586,96.96964,78.95852
Plasmenyl-PC(P-18:1/12:0),732.51856,672.49742,601.42392,490.33035,472.31979,401.2463,224.06881,199.17035,168.04314,152.99586,96.96964,78.95852
Plasmenyl-PC(P-18:1/13:0),746.53426,686.51312,615.43962,490.33035,472.31979,401.2463,224.06881,213.18605,168.04314,152.99586,96.96964,78.95852
Plasmenyl-PC(P-18:1/14:0),760.54986,700.52872,629.45522,490.33035,472.31979,401.2463,224.06881,227.20165,168.04314,152.99586,96.96964,78.95852
Plasmenyl-PC(P-18:1/14:1),758.53426,698.51312,627.43962,490.33035,472.31979,401.2463,224.06881,225.18605,168.04314,152.99586,96.96964,78.95852
Plasmenyl-PC(P-18:1/15:0),774.56556,714.54442,643.47092,490.33035,472.31979,401.2463,224.06881,241.21735,168.04314,152.99586,96.96964,78.95852
Plasmenyl-PC(P-18:1/15:1),772.54986,712.52872,641.45522,490.33035,472.31979,401.2463,224.06881,239.20165,168.04314,152.99586,96.96964,78.95852
Plasmenyl-PC(P-18:1/16:0),788.58116,728.56002,657.48652,490.33035,472.31979,401.2463,224.06881,255.23295,168.04314,152.99586,96.96964,78.95852
Plasmenyl-PC(P-18:1/16:1),786.56556,726.54442,655.47092,490.33035,472.31979,401.2463,224.06881,253.21735,168.04314,152.99586,96.96964,78.95852
Plasmenyl-PC(P-18:1/17:0),802.59686,742.57572,671.50222,490.33035,472.31979,401.2463,224.06881,269.24865,168.04314,152.99586,96.96964,78.95852
Plasmenyl-PC(P-18:1/17:1),800.58116,740.56002,669.48652,490.33035,472.31979,401.2463,224.06881,267.23295,168.04314,152.99586,96.96964,78.95852
Plasmenyl-PC(P-18:1/17:2),798.56556,738.54442,667.47092,490.33035,472.31979,401.2463,224.06881,265.21735,168.04314,152.99586,96.96964,78.95852
Plasmenyl-PC(P-18:1/18:0),816.61246,756.59132,685.51782,490.33035,472.31979,401.2463,224.06881,283.26425,168.04314,152.99586,96.96964,78.95852
Plasmenyl-PC(P-18:1/18:1),814.59686,754.57572,683.50222,490.33035,472.31979,401.2463,224.06881,281.24865,168.04314,152.99586,96.96964,78.95852
Plasmenyl-PC(P-18:1/18:2),812.58116,752.56002,681.48652,490.33035,472.31979,401.2463,224.06881,279.23295,168.04314,152.99586,96.96964,78.95852
Plasmenyl-PC(P-18:1/18:3),810.56556,750.54442,679.47092,490.33035,472.31979,401.2463,224.06881,277.21735,168.04314,152.99586,96.96964,78.95852
Plasmenyl-PC(P-18:1/18:4),808.54986,748.52872,677.45522,490.33035,472.31979,401.2463,224.06881,275.20165,168.04314,152.99586,96.96964,78.95852
Plasmenyl-PC(P-18:1/19:0),830.62816,770.60702,699.53352,490.33035,472.31979,401.2463,224.06881,297.27995,168.04314,152.99586,96.96964,78.95852
Plasmenyl-PC(P-18:1/20:0),844.64376,784.62262,713.54912,490.33035,472.31979,401.2463,224.06881,311.29555,168.04314,152.99586,96.96964,78.95852
Plasmenyl-PC(P-18:1/20:1),842.62816,782.60702,711.53352,490.33035,472.31979,401.2463,224.06881,309.27995,168.04314,152.99586,96.96964,78.95852
Plasmenyl-PC(P-18:1/20:2),840.61246,780.59132,709.51782,490.33035,472.31979,401.2463,224.06881,307.26425,168.04314,152.99586,96.96964,78.95852
Plasmenyl-PC(P-18:1/20:3),838.59686,778.57572,707.50222,490.33035,472.31979,401.2463,224.06881,305.24865,168.04314,152.99586,96.96964,78.95852
Plasmenyl-PC(P-18:1/20:4),836.58116,776.56002,705.48652,490.33035,472.31979,401.2463,224.06881,303.23295,168.04314,152.99586,96.96964,78.95852
Plasmenyl-PC(P-18:1/20:5),834.56556,774.54442,703.47092,490.33035,472.31979,401.2463,224.06881,301.21735,168.04314,152.99586,96.96964,78.95852
Plasmenyl-PC(P-18:1/21:0),858.65946,798.63832,727.56482,490.33035,472.31979,401.2463,224.06881,325.31125,168.04314,152.99586,96.96964,78.95852
Plasmenyl-PC(P-18:1/22:0),872.67506,812.65392,741.58042,490.33035,472.31979,401.2463,224.06881,339.32685,168.04314,152.99586,96.96964,78.95852
Plasmenyl-PC(P-18:1/22:1),870.65946,810.63832,739.56482,490.33035,472.31979,401.2463,224.06881,337.31125,168.04314,152.99586,96.96964,78.95852
Plasmenyl-PC(P-18:1/22:2),868.64376,808.62262,737.54912,490.33035,472.31979,401.2463,224.06881,335.29555,168.04314,152.99586,96.96964,78.95852
Plasmenyl-PC(P-18:1/22:3),866.62816,806.60702,735.53352,490.33035,472.31979,401.2463,224.06881,333.27995,168.04314,152.99586,96.96964,78.95852
Plasmenyl-PC(P-18:1/22:4),864.61246,804.59132,733.51782,490.33035,472.31979,401.2463,224.06881,331.26425,168.04314,152.99586,96.96964,78.95852
Plasmenyl-PC(P-18:1/22:5),862.59686,802.57572,731.50222,490.33035,472.31979,401.2463,224.06881,329.24865,168.04314,152.99586,96.96964,78.95852
Plasmenyl-PC(P-18:1/22:6),860.58116,800.56002,729.48652,490.33035,472.31979,401.2463,224.06881,327.23295,168.04314,152.99586,96.96964,78.95852
Plasmenyl-PC(P-18:1/23:0),886.69076,826.66962,755.59612,490.33035,472.31979,401.2463,224.06881,353.34255,168.04314,152.99586,96.96964,78.95852
Plasmenyl-PC(P-18:1/24:0),900.70636,840.68522,769.61172,490.33035,472.31979,401.2463,224.06881,367.35815,168.04314,152.99586,96.96964,78.95852
Plasmenyl-PC(P-18:1/24:1),898.69076,838.66962,767.59612,490.33035,472.31979,401.2463,224.06881,365.34255,168.04314,152.99586,96.96964,78.95852
Plasmenyl-PC(P-18:1/25:0),914.72206,854.70092,783.62742,490.33035,472.31979,401.2463,224.06881,381.37385,168.04314,152.99586,96.96964,78.95852
Plasmenyl-PC(P-18:1/26:0),928.73766,868.71652,797.64302,490.33035,472.31979,401.2463,224.06881,395.38945,168.04314,152.99586,96.96964,78.95852
Plasmenyl-PC(P-18:1/8:0),676.45596,616.43482,545.36132,490.33035,472.31979,401.2463,224.06881,143.10775,168.04314,152.99586,96.96964,78.95852
Plasmenyl-PC(P-20:0/10:0),734.53416,674.51302,603.43952,520.37725,502.36669,431.2932,224.06881,171.13905,168.04314,152.99586,96.96964,78.95852
Plasmenyl-PC(P-20:0/12:0),762.56546,702.54432,631.47082,520.37725,502.36669,431.2932,224.06881,199.17035,168.04314,152.99586,96.96964,78.95852
Plasmenyl-PC(P-20:0/13:0),776.58116,716.56002,645.48652,520.37725,502.36669,431.2932,224.06881,213.18605,168.04314,152.99586,96.96964,78.95852
Plasmenyl-PC(P-20:0/14:0),790.59676,730.57562,659.50212,520.37725,502.36669,431.2932,224.06881,227.20165,168.04314,152.99586,96.96964,78.95852
Plasmenyl-PC(P-20:0/14:1),788.58116,728.56002,657.48652,520.37725,502.36669,431.2932,224.06881,225.18605,168.04314,152.99586,96.96964,78.95852
Plasmenyl-PC(P-20:0/15:0),804.61246,744.59132,673.51782,520.37725,502.36669,431.2932,224.06881,241.21735,168.04314,152.99586,96.96964,78.95852
Plasmenyl-PC(P-20:0/15:1),802.59676,742.57562,671.50212,520.37725,502.36669,431.2932,224.06881,239.20165,168.04314,152.99586,96.96964,78.95852
Plasmenyl-PC(P-20:0/16:0),818.62806,758.60692,687.53342,520.37725,502.36669,431.2932,224.06881,255.23295,168.04314,152.99586,96.96964,78.95852
Plasmenyl-PC(P-20:0/16:1),816.61246,756.59132,685.51782,520.37725,502.36669,431.2932,224.06881,253.21735,168.04314,152.99586,96.96964,78.95852
Plasmenyl-PC(P-20:0/17:0),832.64376,772.62262,701.54912,520.37725,502.36669,431.2932,224.06881,269.24865,168.04314,152.99586,96.96964,78.95852
Plasmenyl-PC(P-20:0/17:1),830.62806,770.60692,699.53342,520.37725,502.36669,431.2932,224.06881,267.23295,168.04314,152.99586,96.96964,78.95852
Plasmenyl-PC(P-20:0/17:2),828.61246,768.59132,697.51782,520.37725,502.36669,431.2932,224.06881,265.21735,168.04314,152.99586,96.96964,78.95852
Plasmenyl-PC(P-20:0/18:0),846.65936,786.63822,715.56472,520.37725,502.36669,431.2932,224.06881,283.26425,168.04314,152.99586,96.96964,78.95852
Plasmenyl-PC(P-20:0/18:1),844.64376,784.62262,713.54912,520.37725,502.36669,431.2932,224.06881,281.24865,168.04314,152.99586,96.96964,78.95852
Plasmenyl-PC(P-20:0/18:2),842.62806,782.60692,711.53342,520.37725,502.36669,431.2932,224.06881,279.23295,168.04314,152.99586,96.96964,78.95852
Plasmenyl-PC(P-20:0/18:3),840.61246,780.59132,709.51782,520.37725,502.36669,431.2932,224.06881,277.21735,168.04314,152.99586,96.96964,78.95852
Plasmenyl-PC(P-20:0/18:4),838.59676,778.57562,707.50212,520.37725,502.36669,431.2932,224.06881,275.20165,168.04314,152.99586,96.96964,78.95852
Plasmenyl-PC(P-20:0/19:0),860.67506,800.65392,729.58042,520.37725,502.36669,431.2932,224.06881,297.27995,168.04314,152.99586,96.96964,78.95852
Plasmenyl-PC(P-20:0/20:0),874.69066,814.66952,743.59602,520.37725,502.36669,431.2932,224.06881,311.29555,168.04314,152.99586,96.96964,78.95852
Plasmenyl-PC(P-20:0/20:1),872.67506,812.65392,741.58042,520.37725,502.36669,431.2932,224.06881,309.27995,168.04314,152.99586,96.96964,78.95852
Plasmenyl-PC(P-20:0/20:2),870.65936,810.63822,739.56472,520.37725,502.36669,431.2932,224.06881,307.26425,168.04314,152.99586,96.96964,78.95852
Plasmenyl-PC(P-20:0/20:3),868.64376,808.62262,737.54912,520.37725,502.36669,431.2932,224.06881,305.24865,168.04314,152.99586,96.96964,78.95852
Plasmenyl-PC(P-20:0/20:4),866.62806,806.60692,735.53342,520.37725,502.36669,431.2932,224.06881,303.23295,168.04314,152.99586,96.96964,78.95852
Plasmenyl-PC(P-20:0/20:5),864.61246,804.59132,733.51782,520.37725,502.36669,431.2932,224.06881,301.21735,168.04314,152.99586,96.96964,78.95852
Plasmenyl-PC(P-20:0/21:0),888.70636,828.68522,757.61172,520.37725,502.36669,431.2932,224.06881,325.31125,168.04314,152.99586,96.96964,78.95852
Plasmenyl-PC(P-20:0/22:0),902.72196,842.70082,771.62732,520.37725,502.36669,431.2932,224.06881,339.32685,168.04314,152.99586,96.96964,78.95852
Plasmenyl-PC(P-20:0/22:1),900.70636,840.68522,769.61172,520.37725,502.36669,431.2932,224.06881,337.31125,168.04314,152.99586,96.96964,78.95852
Plasmenyl-PC(P-20:0/22:2),898.69066,838.66952,767.59602,520.37725,502.36669,431.2932,224.06881,335.29555,168.04314,152.99586,96.96964,78.95852
Plasmenyl-PC(P-20:0/22:3),896.67506,836.65392,765.58042,520.37725,502.36669,431.2932,224.06881,333.27995,168.04314,152.99586,96.96964,78.95852
Plasmenyl-PC(P-20:0/22:4),894.65936,834.63822,763.56472,520.37725,502.36669,431.2932,224.06881,331.26425,168.04314,152.99586,96.96964,78.95852
Plasmenyl-PC(P-20:0/22:5),892.64376,832.62262,761.54912,520.37725,502.36669,431.2932,224.06881,329.24865,168.04314,152.99586,96.96964,78.95852
Plasmenyl-PC(P-20:0/22:6),890.62806,830.60692,759.53342,520.37725,502.36669,431.2932,224.06881,327.23295,168.04314,152.99586,96.96964,78.95852
Plasmenyl-PC(P-20:0/23:0),916.73766,856.71652,785.64302,520.37725,502.36669,431.2932,224.06881,353.34255,168.04314,152.99586,96.96964,78.95852
Plasmenyl-PC(P-20:0/24:0),930.75326,870.73212,799.65862,520.37725,502.36669,431.2932,224.06881,367.35815,168.04314,152.99586,96.96964,78.95852
Plasmenyl-PC(P-20:0/24:1),928.73766,868.71652,797.64302,520.37725,502.36669,431.2932,224.06881,365.34255,168.04314,152.99586,96.96964,78.95852
Plasmenyl-PC(P-20:0/25:0),944.76896,884.74782,813.67432,520.37725,502.36669,431.2932,224.06881,381.37385,168.04314,152.99586,96.96964,78.95852
Plasmenyl-PC(P-20:0/26:0),958.78456,898.76342,827.68992,520.37725,502.36669,431.2932,224.06881,395.38945,168.04314,152.99586,96.96964,78.95852
Plasmenyl-PC(P-20:0/8:0),706.50286,646.48172,575.40822,520.37725,502.36669,431.2932,224.06881,143.10775,168.04314,152.99586,96.96964,78.95852
Plasmenyl-PC(P-20:1/10:0),732.51856,672.49742,601.42392,518.36165,500.35109,429.2776,224.06881,171.13905,168.04314,152.99586,96.96964,78.95852
Plasmenyl-PC(P-20:1/12:0),760.54986,700.52872,629.45522,518.36165,500.35109,429.2776,224.06881,199.17035,168.04314,152.99586,96.96964,78.95852
Plasmenyl-PC(P-20:1/13:0),774.56556,714.54442,643.47092,518.36165,500.35109,429.2776,224.06881,213.18605,168.04314,152.99586,96.96964,78.95852
Plasmenyl-PC(P-20:1/14:0),788.58116,728.56002,657.48652,518.36165,500.35109,429.2776,224.06881,227.20165,168.04314,152.99586,96.96964,78.95852
Plasmenyl-PC(P-20:1/14:1),786.56556,726.54442,655.47092,518.36165,500.35109,429.2776,224.06881,225.18605,168.04314,152.99586,96.96964,78.95852
Plasmenyl-PC(P-20:1/15:0),802.59686,742.57572,671.50222,518.36165,500.35109,429.2776,224.06881,241.21735,168.04314,152.99586,96.96964,78.95852
Plasmenyl-PC(P-20:1/15:1),800.58116,740.56002,669.48652,518.36165,500.35109,429.2776,224.06881,239.20165,168.04314,152.99586,96.96964,78.95852
Plasmenyl-PC(P-20:1/16:0),816.61246,756.59132,685.51782,518.36165,500.35109,429.2776,224.06881,255.23295,168.04314,152.99586,96.96964,78.95852
Plasmenyl-PC(P-20:1/16:1),814.59686,754.57572,683.50222,518.36165,500.35109,429.2776,224.06881,253.21735,168.04314,152.99586,96.96964,78.95852
Plasmenyl-PC(P-20:1/17:0),830.62816,770.60702,699.53352,518.36165,500.35109,429.2776,224.06881,269.24865,168.04314,152.99586,96.96964,78.95852
Plasmenyl-PC(P-20:1/17:1),828.61246,768.59132,697.51782,518.36165,500.35109,429.2776,224.06881,267.23295,168.04314,152.99586,96.96964,78.95852
Plasmenyl-PC(P-20:1/17:2),826.59686,766.57572,695.50222,518.36165,500.35109,429.2776,224.06881,265.21735,168.04314,152.99586,96.96964,78.95852
Plasmenyl-PC(P-20:1/18:0),844.64376,784.62262,713.54912,518.36165,500.35109,429.2776,224.06881,283.26425,168.04314,152.99586,96.96964,78.95852
Plasmenyl-PC(P-20:1/18:1),842.62816,782.60702,711.53352,518.36165,500.35109,429.2776,224.06881,281.24865,168.04314,152.99586,96.96964,78.95852
Plasmenyl-PC(P-20:1/18:2),840.61246,780.59132,709.51782,518.36165,500.35109,429.2776,224.06881,279.23295,168.04314,152.99586,96.96964,78.95852
Plasmenyl-PC(P-20:1/18:3),838.59686,778.57572,707.50222,518.36165,500.35109,429.2776,224.06881,277.21735,168.04314,152.99586,96.96964,78.95852
Plasmenyl-PC(P-20:1/18:4),836.58116,776.56002,705.48652,518.36165,500.35109,429.2776,224.06881,275.20165,168.04314,152.99586,96.96964,78.95852
Plasmenyl-PC(P-20:1/19:0),858.65946,798.63832,727.56482,518.36165,500.35109,429.2776,224.06881,297.27995,168.04314,152.99586,96.96964,78.95852
Plasmenyl-PC(P-20:1/20:0),872.67506,812.65392,741.58042,518.36165,500.35109,429.2776,224.06881,311.29555,168.04314,152.99586,96.96964,78.95852
Plasmenyl-PC(P-20:1/20:1),870.65946,810.63832,739.56482,518.36165,500.35109,429.2776,224.06881,309.27995,168.04314,152.99586,96.96964,78.95852
Plasmenyl-PC(P-20:1/20:2),868.64376,808.62262,737.54912,518.36165,500.35109,429.2776,224.06881,307.26425,168.04314,152.99586,96.96964,78.95852
Plasmenyl-PC(P-20:1/20:3),866.62816,806.60702,735.53352,518.36165,500.35109,429.2776,224.06881,305.24865,168.04314,152.99586,96.96964,78.95852
Plasmenyl-PC(P-20:1/20:4),864.61246,804.59132,733.51782,518.36165,500.35109,429.2776,224.06881,303.23295,168.04314,152.99586,96.96964,78.95852
Plasmenyl-PC(P-20:1/20:5),862.59686,802.57572,731.50222,518.36165,500.35109,429.2776,224.06881,301.21735,168.04314,152.99586,96.96964,78.95852
Plasmenyl-PC(P-20:1/21:0),886.69076,826.66962,755.59612,518.36165,500.35109,429.2776,224.06881,325.31125,168.04314,152.99586,96.96964,78.95852
Plasmenyl-PC(P-20:1/22:0),900.70636,840.68522,769.61172,518.36165,500.35109,429.2776,224.06881,339.32685,168.04314,152.99586,96.96964,78.95852
Plasmenyl-PC(P-20:1/22:1),898.69076,838.66962,767.59612,518.36165,500.35109,429.2776,224.06881,337.31125,168.04314,152.99586,96.96964,78.95852
Plasmenyl-PC(P-20:1/22:2),896.67506,836.65392,765.58042,518.36165,500.35109,429.2776,224.06881,335.29555,168.04314,152.99586,96.96964,78.95852
Plasmenyl-PC(P-20:1/22:3),894.65946,834.63832,763.56482,518.36165,500.35109,429.2776,224.06881,333.27995,168.04314,152.99586,96.96964,78.95852
Plasmenyl-PC(P-20:1/22:4),892.64376,832.62262,761.54912,518.36165,500.35109,429.2776,224.06881,331.26425,168.04314,152.99586,96.96964,78.95852
Plasmenyl-PC(P-20:1/22:5),890.62816,830.60702,759.53352,518.36165,500.35109,429.2776,224.06881,329.24865,168.04314,152.99586,96.96964,78.95852
Plasmenyl-PC(P-20:1/22:6),888.61246,828.59132,757.51782,518.36165,500.35109,429.2776,224.06881,327.23295,168.04314,152.99586,96.96964,78.95852
Plasmenyl-PC(P-20:1/23:0),914.72206,854.70092,783.62742,518.36165,500.35109,429.2776,224.06881,353.34255,168.04314,152.99586,96.96964,78.95852
Plasmenyl-PC(P-20:1/24:0),928.73766,868.71652,797.64302,518.36165,500.35109,429.2776,224.06881,367.35815,168.04314,152.99586,96.96964,78.95852
Plasmenyl-PC(P-20:1/24:1),926.72206,866.70092,795.62742,518.36165,500.35109,429.2776,224.06881,365.34255,168.04314,152.99586,96.96964,78.95852
Plasmenyl-PC(P-20:1/25:0),942.75336,882.73222,811.65872,518.36165,500.35109,429.2776,224.06881,381.37385,168.04314,152.99586,96.96964,78.95852
Plasmenyl-PC(P-20:1/26:0),956.76896,896.74782,825.67432,518.36165,500.35109,429.2776,224.06881,395.38945,168.04314,152.99586,96.96964,78.95852
Plasmenyl-PC(P-20:1/8:0),704.48726,644.46612,573.39262,518.36165,500.35109,429.2776,224.06881,143.10775,168.04314,152.99586,96.96964,78.95852
Plasmenyl-PC(P-22:0/8:0),734.53416,674.51302,603.43952,548.40855,530.39799,459.3245,224.06881,143.10775,168.04314,152.99586,96.96964,78.95852
Plasmenyl-PC(P-22:0/10:0),762.56546,702.54432,631.47082,548.40855,530.39799,459.3245,224.06881,171.13905,168.04314,152.99586,96.96964,78.95852
Plasmenyl-PC(P-22:0/12:0),790.59676,730.57562,659.50212,548.40855,530.39799,459.3245,224.06881,199.17035,168.04314,152.99586,96.96964,78.95852
Plasmenyl-PC(P-22:0/13:0),804.61246,744.59132,673.51782,548.40855,530.39799,459.3245,224.06881,213.18605,168.04314,152.99586,96.96964,78.95852
Plasmenyl-PC(P-22:0/14:0),818.62806,758.60692,687.53342,548.40855,530.39799,459.3245,224.06881,227.20165,168.04314,152.99586,96.96964,78.95852
Plasmenyl-PC(P-22:0/14:1),816.61246,756.59132,685.51782,548.40855,530.39799,459.3245,224.06881,225.18605,168.04314,152.99586,96.96964,78.95852
Plasmenyl-PC(P-22:0/15:0),832.64376,772.62262,701.54912,548.40855,530.39799,459.3245,224.06881,241.21735,168.04314,152.99586,96.96964,78.95852
Plasmenyl-PC(P-22:0/15:1),830.62806,770.60692,699.53342,548.40855,530.39799,459.3245,224.06881,239.20165,168.04314,152.99586,96.96964,78.95852
Plasmenyl-PC(P-22:0/16:0),846.65936,786.63822,715.56472,548.40855,530.39799,459.3245,224.06881,255.23295,168.04314,152.99586,96.96964,78.95852
Plasmenyl-PC(P-22:0/16:1),844.64376,784.62262,713.54912,548.40855,530.39799,459.3245,224.06881,253.21735,168.04314,152.99586,96.96964,78.95852
Plasmenyl-PC(P-22:0/17:0),860.67506,800.65392,729.58042,548.40855,530.39799,459.3245,224.06881,269.24865,168.04314,152.99586,96.96964,78.95852
Plasmenyl-PC(P-22:0/17:1),858.65936,798.63822,727.56472,548.40855,530.39799,459.3245,224.06881,267.23295,168.04314,152.99586,96.96964,78.95852
Plasmenyl-PC(P-22:0/17:2),856.64376,796.62262,725.54912,548.40855,530.39799,459.3245,224.06881,265.21735,168.04314,152.99586,96.96964,78.95852
Plasmenyl-PC(P-22:0/18:0),874.69066,814.66952,743.59602,548.40855,530.39799,459.3245,224.06881,283.26425,168.04314,152.99586,96.96964,78.95852
Plasmenyl-PC(P-22:0/18:1),872.67506,812.65392,741.58042,548.40855,530.39799,459.3245,224.06881,281.24865,168.04314,152.99586,96.96964,78.95852
Plasmenyl-PC(P-22:0/18:2),870.65936,810.63822,739.56472,548.40855,530.39799,459.3245,224.06881,279.23295,168.04314,152.99586,96.96964,78.95852
Plasmenyl-PC(P-22:0/18:3),868.64376,808.62262,737.54912,548.40855,530.39799,459.3245,224.06881,277.21735,168.04314,152.99586,96.96964,78.95852
Plasmenyl-PC(P-22:0/18:4),866.62806,806.60692,735.53342,548.40855,530.39799,459.3245,224.06881,275.20165,168.04314,152.99586,96.96964,78.95852
Plasmenyl-PC(P-22:0/19:0),888.70636,828.68522,757.61172,548.40855,530.39799,459.3245,224.06881,297.27995,168.04314,152.99586,96.96964,78.95852
Plasmenyl-PC(P-22:0/20:0),902.72196,842.70082,771.62732,548.40855,530.39799,459.3245,224.06881,311.29555,168.04314,152.99586,96.96964,78.95852
Plasmenyl-PC(P-22:0/20:1),900.70636,840.68522,769.61172,548.40855,530.39799,459.3245,224.06881,309.27995,168.04314,152.99586,96.96964,78.95852
Plasmenyl-PC(P-22:0/20:2),898.69066,838.66952,767.59602,548.40855,530.39799,459.3245,224.06881,307.26425,168.04314,152.99586,96.96964,78.95852
Plasmenyl-PC(P-22:0/20:3),896.67506,836.65392,765.58042,548.40855,530.39799,459.3245,224.06881,305.24865,168.04314,152.99586,96.96964,78.95852
Plasmenyl-PC(P-22:0/20:4),894.65936,834.63822,763.56472,548.40855,530.39799,459.3245,224.06881,303.23295,168.04314,152.99586,96.96964,78.95852
Plasmenyl-PC(P-22:0/20:5),892.64376,832.62262,761.54912,548.40855,530.39799,459.3245,224.06881,301.21735,168.04314,152.99586,96.96964,78.95852
Plasmenyl-PC(P-22:0/21:0),916.73766,856.71652,785.64302,548.40855,530.39799,459.3245,224.06881,325.31125,168.04314,152.99586,96.96964,78.95852
Plasmenyl-PC(P-22:0/22:0),930.75326,870.73212,799.65862,548.40855,530.39799,459.3245,224.06881,339.32685,168.04314,152.99586,96.96964,78.95852
Plasmenyl-PC(P-22:0/22:1),928.73766,868.71652,797.64302,548.40855,530.39799,459.3245,224.06881,337.31125,168.04314,152.99586,96.96964,78.95852
Plasmenyl-PC(P-22:0/22:2),926.72196,866.70082,795.62732,548.40855,530.39799,459.3245,224.06881,335.29555,168.04314,152.99586,96.96964,78.95852
Plasmenyl-PC(P-22:0/22:3),924.70636,864.68522,793.61172,548.40855,530.39799,459.3245,224.06881,333.27995,168.04314,152.99586,96.96964,78.95852
Plasmenyl-PC(P-22:0/22:4),922.69066,862.66952,791.59602,548.40855,530.39799,459.3245,224.06881,331.26425,168.04314,152.99586,96.96964,78.95852
Plasmenyl-PC(P-22:0/22:5),920.67506,860.65392,789.58042,548.40855,530.39799,459.3245,224.06881,329.24865,168.04314,152.99586,96.96964,78.95852
Plasmenyl-PC(P-22:0/22:6),918.65936,858.63822,787.56472,548.40855,530.39799,459.3245,224.06881,327.23295,168.04314,152.99586,96.96964,78.95852
Plasmenyl-PC(P-22:0/23:0),944.76896,884.74782,813.67432,548.40855,530.39799,459.3245,224.06881,353.34255,168.04314,152.99586,96.96964,78.95852
Plasmenyl-PC(P-22:0/24:0),958.78456,898.76342,827.68992,548.40855,530.39799,459.3245,224.06881,367.35815,168.04314,152.99586,96.96964,78.95852
Plasmenyl-PC(P-22:0/24:1),956.76896,896.74782,825.67432,548.40855,530.39799,459.3245,224.06881,365.34255,168.04314,152.99586,96.96964,78.95852
Plasmenyl-PC(P-22:0/25:0),972.80026,912.77912,841.70562,548.40855,530.39799,459.3245,224.06881,381.37385,168.04314,152.99586,96.96964,78.95852
Plasmenyl-PC(P-22:0/26:0),986.81586,926.79472,855.72122,548.40855,530.39799,459.3245,224.06881,395.38945,168.04314,152.99586,96.96964,78.95852
Plasmenyl-PC(P-22:1/8:0),732.51856,672.49742,601.42392,546.39295,528.38239,457.3089,224.06881,143.10775,168.04314,152.99586,96.96964,78.95852
Plasmenyl-PC(P-22:1/10:0),760.54986,700.52872,629.45522,546.39295,528.38239,457.3089,224.06881,171.13905,168.04314,152.99586,96.96964,78.95852
Plasmenyl-PC(P-22:1/12:0),788.58116,728.56002,657.48652,546.39295,528.38239,457.3089,224.06881,199.17035,168.04314,152.99586,96.96964,78.95852
Plasmenyl-PC(P-22:1/13:0),802.59686,742.57572,671.50222,546.39295,528.38239,457.3089,224.06881,213.18605,168.04314,152.99586,96.96964,78.95852
Plasmenyl-PC(P-22:1/14:0),816.61246,756.59132,685.51782,546.39295,528.38239,457.3089,224.06881,227.20165,168.04314,152.99586,96.96964,78.95852
Plasmenyl-PC(P-22:1/14:1),814.59686,754.57572,683.50222,546.39295,528.38239,457.3089,224.06881,225.18605,168.04314,152.99586,96.96964,78.95852
Plasmenyl-PC(P-22:1/15:0),830.62816,770.60702,699.53352,546.39295,528.38239,457.3089,224.06881,241.21735,168.04314,152.99586,96.96964,78.95852
Plasmenyl-PC(P-22:1/15:1),828.61246,768.59132,697.51782,546.39295,528.38239,457.3089,224.06881,239.20165,168.04314,152.99586,96.96964,78.95852
Plasmenyl-PC(P-22:1/16:0),844.64376,784.62262,713.54912,546.39295,528.38239,457.3089,224.06881,255.23295,168.04314,152.99586,96.96964,78.95852
Plasmenyl-PC(P-22:1/16:1),842.62816,782.60702,711.53352,546.39295,528.38239,457.3089,224.06881,253.21735,168.04314,152.99586,96.96964,78.95852
Plasmenyl-PC(P-22:1/17:0),858.65946,798.63832,727.56482,546.39295,528.38239,457.3089,224.06881,269.24865,168.04314,152.99586,96.96964,78.95852
Plasmenyl-PC(P-22:1/17:1),856.64376,796.62262,725.54912,546.39295,528.38239,457.3089,224.06881,267.23295,168.04314,152.99586,96.96964,78.95852
Plasmenyl-PC(P-22:1/17:2),854.62816,794.60702,723.53352,546.39295,528.38239,457.3089,224.06881,265.21735,168.04314,152.99586,96.96964,78.95852
Plasmenyl-PC(P-22:1/18:0),872.67506,812.65392,741.58042,546.39295,528.38239,457.3089,224.06881,283.26425,168.04314,152.99586,96.96964,78.95852
Plasmenyl-PC(P-22:1/18:1),870.65946,810.63832,739.56482,546.39295,528.38239,457.3089,224.06881,281.24865,168.04314,152.99586,96.96964,78.95852
Plasmenyl-PC(P-22:1/18:2),868.64376,808.62262,737.54912,546.39295,528.38239,457.3089,224.06881,279.23295,168.04314,152.99586,96.96964,78.95852
Plasmenyl-PC(P-22:1/18:3),866.62816,806.60702,735.53352,546.39295,528.38239,457.3089,224.06881,277.21735,168.04314,152.99586,96.96964,78.95852
Plasmenyl-PC(P-22:1/18:4),864.61246,804.59132,733.51782,546.39295,528.38239,457.3089,224.06881,275.20165,168.04314,152.99586,96.96964,78.95852
Plasmenyl-PC(P-22:1/19:0),886.69076,826.66962,755.59612,546.39295,528.38239,457.3089,224.06881,297.27995,168.04314,152.99586,96.96964,78.95852
Plasmenyl-PC(P-22:1/20:0),900.70636,840.68522,769.61172,546.39295,528.38239,457.3089,224.06881,311.29555,168.04314,152.99586,96.96964,78.95852
Plasmenyl-PC(P-22:1/20:1),898.69076,838.66962,767.59612,546.39295,528.38239,457.3089,224.06881,309.27995,168.04314,152.99586,96.96964,78.95852
Plasmenyl-PC(P-22:1/20:2),896.67506,836.65392,765.58042,546.39295,528.38239,457.3089,224.06881,307.26425,168.04314,152.99586,96.96964,78.95852
Plasmenyl-PC(P-22:1/20:3),894.65946,834.63832,763.56482,546.39295,528.38239,457.3089,224.06881,305.24865,168.04314,152.99586,96.96964,78.95852
Plasmenyl-PC(P-22:1/20:4),892.64376,832.62262,761.54912,546.39295,528.38239,457.3089,224.06881,303.23295,168.04314,152.99586,96.96964,78.95852
Plasmenyl-PC(P-22:1/20:5),890.62816,830.60702,759.53352,546.39295,528.38239,457.3089,224.06881,301.21735,168.04314,152.99586,96.96964,78.95852
Plasmenyl-PC(P-22:1/21:0),914.72206,854.70092,783.62742,546.39295,528.38239,457.3089,224.06881,325.31125,168.04314,152.99586,96.96964,78.95852
Plasmenyl-PC(P-22:1/22:0),928.73766,868.71652,797.64302,546.39295,528.38239,457.3089,224.06881,339.32685,168.04314,152.99586,96.96964,78.95852
Plasmenyl-PC(P-22:1/22:1),926.72206,866.70092,795.62742,546.39295,528.38239,457.3089,224.06881,337.31125,168.04314,152.99586,96.96964,78.95852
Plasmenyl-PC(P-22:1/22:2),924.70636,864.68522,793.61172,546.39295,528.38239,457.3089,224.06881,335.29555,168.04314,152.99586,96.96964,78.95852
Plasmenyl-PC(P-22:1/22:3),922.69076,862.66962,791.59612,546.39295,528.38239,457.3089,224.06881,333.27995,168.04314,152.99586,96.96964,78.95852
Plasmenyl-PC(P-22:1/22:4),920.67506,860.65392,789.58042,546.39295,528.38239,457.3089,224.06881,331.26425,168.04314,152.99586,96.96964,78.95852
Plasmenyl-PC(P-22:1/22:5),918.65946,858.63832,787.56482,546.39295,528.38239,457.3089,224.06881,329.24865,168.04314,152.99586,96.96964,78.95852
Plasmenyl-PC(P-22:1/22:6),916.64376,856.62262,785.54912,546.39295,528.38239,457.3089,224.06881,327.23295,168.04314,152.99586,96.96964,78.95852
Plasmenyl-PC(P-22:1/23:0),942.75336,882.73222,811.65872,546.39295,528.38239,457.3089,224.06881,353.34255,168.04314,152.99586,96.96964,78.95852
Plasmenyl-PC(P-22:1/24:0),956.76896,896.74782,825.67432,546.39295,528.38239,457.3089,224.06881,367.35815,168.04314,152.99586,96.96964,78.95852
Plasmenyl-PC(P-22:1/24:1),954.75336,894.73222,823.65872,546.39295,528.38239,457.3089,224.06881,365.34255,168.04314,152.99586,96.96964,78.95852
Plasmenyl-PC(P-22:1/25:0),970.78466,910.76352,839.69002,546.39295,528.38239,457.3089,224.06881,381.37385,168.04314,152.99586,96.96964,78.95852
Plasmenyl-PC(P-22:1/26:0),984.80026,924.77912,853.70562,546.39295,528.38239,457.3089,224.06881,395.38945,168.04314,152.99586,96.96964,78.95852
Plasmenyl-PC(P-24:0/8:0),762.56546,702.54432,631.47082,576.43985,558.42929,487.3558,224.06881,143.10775,168.04314,152.99586,96.96964,78.95852
Plasmenyl-PC(P-24:0/10:0),790.59676,730.57562,659.50212,576.43985,558.42929,487.3558,224.06881,171.13905,168.04314,152.99586,96.96964,78.95852
Plasmenyl-PC(P-24:0/12:0),818.62806,758.60692,687.53342,576.43985,558.42929,487.3558,224.06881,199.17035,168.04314,152.99586,96.96964,78.95852
Plasmenyl-PC(P-24:0/13:0),832.64376,772.62262,701.54912,576.43985,558.42929,487.3558,224.06881,213.18605,168.04314,152.99586,96.96964,78.95852
Plasmenyl-PC(P-24:0/14:0),846.65936,786.63822,715.56472,576.43985,558.42929,487.3558,224.06881,227.20165,168.04314,152.99586,96.96964,78.95852
Plasmenyl-PC(P-24:0/14:1),844.64376,784.62262,713.54912,576.43985,558.42929,487.3558,224.06881,225.18605,168.04314,152.99586,96.96964,78.95852
Plasmenyl-PC(P-24:0/15:0),860.67506,800.65392,729.58042,576.43985,558.42929,487.3558,224.06881,241.21735,168.04314,152.99586,96.96964,78.95852
Plasmenyl-PC(P-24:0/15:1),858.65936,798.63822,727.56472,576.43985,558.42929,487.3558,224.06881,239.20165,168.04314,152.99586,96.96964,78.95852
Plasmenyl-PC(P-24:0/16:0),874.69066,814.66952,743.59602,576.43985,558.42929,487.3558,224.06881,255.23295,168.04314,152.99586,96.96964,78.95852
Plasmenyl-PC(P-24:0/16:1),872.67506,812.65392,741.58042,576.43985,558.42929,487.3558,224.06881,253.21735,168.04314,152.99586,96.96964,78.95852
Plasmenyl-PC(P-24:0/17:0),888.70636,828.68522,757.61172,576.43985,558.42929,487.3558,224.06881,269.24865,168.04314,152.99586,96.96964,78.95852
Plasmenyl-PC(P-24:0/17:1),886.69066,826.66952,755.59602,576.43985,558.42929,487.3558,224.06881,267.23295,168.04314,152.99586,96.96964,78.95852
Plasmenyl-PC(P-24:0/17:2),884.67506,824.65392,753.58042,576.43985,558.42929,487.3558,224.06881,265.21735,168.04314,152.99586,96.96964,78.95852
Plasmenyl-PC(P-24:0/18:0),902.72196,842.70082,771.62732,576.43985,558.42929,487.3558,224.06881,283.26425,168.04314,152.99586,96.96964,78.95852
Plasmenyl-PC(P-24:0/18:1),900.70636,840.68522,769.61172,576.43985,558.42929,487.3558,224.06881,281.24865,168.04314,152.99586,96.96964,78.95852
Plasmenyl-PC(P-24:0/18:2),898.69066,838.66952,767.59602,576.43985,558.42929,487.3558,224.06881,279.23295,168.04314,152.99586,96.96964,78.95852
Plasmenyl-PC(P-24:0/18:3),896.67506,836.65392,765.58042,576.43985,558.42929,487.3558,224.06881,277.21735,168.04314,152.99586,96.96964,78.95852
Plasmenyl-PC(P-24:0/18:4),894.65936,834.63822,763.56472,576.43985,558.42929,487.3558,224.06881,275.20165,168.04314,152.99586,96.96964,78.95852
Plasmenyl-PC(P-24:0/19:0),916.73766,856.71652,785.64302,576.43985,558.42929,487.3558,224.06881,297.27995,168.04314,152.99586,96.96964,78.95852
Plasmenyl-PC(P-24:0/20:0),930.75326,870.73212,799.65862,576.43985,558.42929,487.3558,224.06881,311.29555,168.04314,152.99586,96.96964,78.95852
Plasmenyl-PC(P-24:0/20:1),928.73766,868.71652,797.64302,576.43985,558.42929,487.3558,224.06881,309.27995,168.04314,152.99586,96.96964,78.95852
Plasmenyl-PC(P-24:0/20:2),926.72196,866.70082,795.62732,576.43985,558.42929,487.3558,224.06881,307.26425,168.04314,152.99586,96.96964,78.95852
Plasmenyl-PC(P-24:0/20:3),924.70636,864.68522,793.61172,576.43985,558.42929,487.3558,224.06881,305.24865,168.04314,152.99586,96.96964,78.95852
Plasmenyl-PC(P-24:0/20:4),922.69066,862.66952,791.59602,576.43985,558.42929,487.3558,224.06881,303.23295,168.04314,152.99586,96.96964,78.95852
Plasmenyl-PC(P-24:0/20:5),920.67506,860.65392,789.58042,576.43985,558.42929,487.3558,224.06881,301.21735,168.04314,152.99586,96.96964,78.95852
Plasmenyl-PC(P-24:0/21:0),944.76896,884.74782,813.67432,576.43985,558.42929,487.3558,224.06881,325.31125,168.04314,152.99586,96.96964,78.95852
Plasmenyl-PC(P-24:0/22:0),958.78456,898.76342,827.68992,576.43985,558.42929,487.3558,224.06881,339.32685,168.04314,152.99586,96.96964,78.95852
Plasmenyl-PC(P-24:0/22:1),956.76896,896.74782,825.67432,576.43985,558.42929,487.3558,224.06881,337.31125,168.04314,152.99586,96.96964,78.95852
Plasmenyl-PC(P-24:0/22:2),954.75326,894.73212,823.65862,576.43985,558.42929,487.3558,224.06881,335.29555,168.04314,152.99586,96.96964,78.95852
Plasmenyl-PC(P-24:0/22:3),952.73766,892.71652,821.64302,576.43985,558.42929,487.3558,224.06881,333.27995,168.04314,152.99586,96.96964,78.95852
Plasmenyl-PC(P-24:0/22:4),950.72196,890.70082,819.62732,576.43985,558.42929,487.3558,224.06881,331.26425,168.04314,152.99586,96.96964,78.95852
Plasmenyl-PC(P-24:0/22:5),948.70636,888.68522,817.61172,576.43985,558.42929,487.3558,224.06881,329.24865,168.04314,152.99586,96.96964,78.95852
Plasmenyl-PC(P-24:0/22:6),946.69066,886.66952,815.59602,576.43985,558.42929,487.3558,224.06881,327.23295,168.04314,152.99586,96.96964,78.95852
Plasmenyl-PC(P-24:0/23:0),972.80026,912.77912,841.70562,576.43985,558.42929,487.3558,224.06881,353.34255,168.04314,152.99586,96.96964,78.95852
Plasmenyl-PC(P-24:0/24:0),986.81586,926.79472,855.72122,576.43985,558.42929,487.3558,224.06881,367.35815,168.04314,152.99586,96.96964,78.95852
Plasmenyl-PC(P-24:0/24:1),984.80026,924.77912,853.70562,576.43985,558.42929,487.3558,224.06881,365.34255,168.04314,152.99586,96.96964,78.95852
Plasmenyl-PC(P-24:0/25:0),1000.83156,940.81042,869.73692,576.43985,558.42929,487.3558,224.06881,381.37385,168.04314,152.99586,96.96964,78.95852
Plasmenyl-PC(P-24:0/26:0),1014.84716,954.82602,883.75252,576.43985,558.42929,487.3558,224.06881,395.38945,168.04314,152.99586,96.96964,78.95852
Plasmenyl-PC(P-24:1/8:0),760.54986,700.52872,629.45522,574.42425,556.41369,485.3402,224.06881,143.10775,168.04314,152.99586,96.96964,78.95852
Plasmenyl-PC(P-24:1/10:0),788.58116,728.56002,657.48652,574.42425,556.41369,485.3402,224.06881,171.13905,168.04314,152.99586,96.96964,78.95852
Plasmenyl-PC(P-24:1/12:0),816.61246,756.59132,685.51782,574.42425,556.41369,485.3402,224.06881,199.17035,168.04314,152.99586,96.96964,78.95852
Plasmenyl-PC(P-24:1/13:0),830.62816,770.60702,699.53352,574.42425,556.41369,485.3402,224.06881,213.18605,168.04314,152.99586,96.96964,78.95852
Plasmenyl-PC(P-24:1/14:0),844.64376,784.62262,713.54912,574.42425,556.41369,485.3402,224.06881,227.20165,168.04314,152.99586,96.96964,78.95852
Plasmenyl-PC(P-24:1/14:1),842.62816,782.60702,711.53352,574.42425,556.41369,485.3402,224.06881,225.18605,168.04314,152.99586,96.96964,78.95852
Plasmenyl-PC(P-24:1/15:0),858.65946,798.63832,727.56482,574.42425,556.41369,485.3402,224.06881,241.21735,168.04314,152.99586,96.96964,78.95852
Plasmenyl-PC(P-24:1/15:1),856.64376,796.62262,725.54912,574.42425,556.41369,485.3402,224.06881,239.20165,168.04314,152.99586,96.96964,78.95852
Plasmenyl-PC(P-24:1/16:0),872.67506,812.65392,741.58042,574.42425,556.41369,485.3402,224.06881,255.23295,168.04314,152.99586,96.96964,78.95852
Plasmenyl-PC(P-24:1/16:1),870.65946,810.63832,739.56482,574.42425,556.41369,485.3402,224.06881,253.21735,168.04314,152.99586,96.96964,78.95852
Plasmenyl-PC(P-24:1/17:0),886.69076,826.66962,755.59612,574.42425,556.41369,485.3402,224.06881,269.24865,168.04314,152.99586,96.96964,78.95852
Plasmenyl-PC(P-24:1/17:1),884.67506,824.65392,753.58042,574.42425,556.41369,485.3402,224.06881,267.23295,168.04314,152.99586,96.96964,78.95852
Plasmenyl-PC(P-24:1/17:2),882.65946,822.63832,751.56482,574.42425,556.41369,485.3402,224.06881,265.21735,168.04314,152.99586,96.96964,78.95852
Plasmenyl-PC(P-24:1/18:0),900.70636,840.68522,769.61172,574.42425,556.41369,485.3402,224.06881,283.26425,168.04314,152.99586,96.96964,78.95852
Plasmenyl-PC(P-24:1/18:1),898.69076,838.66962,767.59612,574.42425,556.41369,485.3402,224.06881,281.24865,168.04314,152.99586,96.96964,78.95852
Plasmenyl-PC(P-24:1/18:2),896.67506,836.65392,765.58042,574.42425,556.41369,485.3402,224.06881,279.23295,168.04314,152.99586,96.96964,78.95852
Plasmenyl-PC(P-24:1/18:3),894.65946,834.63832,763.56482,574.42425,556.41369,485.3402,224.06881,277.21735,168.04314,152.99586,96.96964,78.95852
Plasmenyl-PC(P-24:1/18:4),892.64376,832.62262,761.54912,574.42425,556.41369,485.3402,224.06881,275.20165,168.04314,152.99586,96.96964,78.95852
Plasmenyl-PC(P-24:1/19:0),914.72206,854.70092,783.62742,574.42425,556.41369,485.3402,224.06881,297.27995,168.04314,152.99586,96.96964,78.95852
Plasmenyl-PC(P-24:1/20:0),928.73766,868.71652,797.64302,574.42425,556.41369,485.3402,224.06881,311.29555,168.04314,152.99586,96.96964,78.95852
Plasmenyl-PC(P-24:1/20:1),926.72206,866.70092,795.62742,574.42425,556.41369,485.3402,224.06881,309.27995,168.04314,152.99586,96.96964,78.95852
Plasmenyl-PC(P-24:1/20:2),924.70636,864.68522,793.61172,574.42425,556.41369,485.3402,224.06881,307.26425,168.04314,152.99586,96.96964,78.95852
Plasmenyl-PC(P-24:1/20:3),922.69076,862.66962,791.59612,574.42425,556.41369,485.3402,224.06881,305.24865,168.04314,152.99586,96.96964,78.95852
Plasmenyl-PC(P-24:1/20:4),920.67506,860.65392,789.58042,574.42425,556.41369,485.3402,224.06881,303.23295,168.04314,152.99586,96.96964,78.95852
Plasmenyl-PC(P-24:1/20:5),918.65946,858.63832,787.56482,574.42425,556.41369,485.3402,224.06881,301.21735,168.04314,152.99586,96.96964,78.95852
Plasmenyl-PC(P-24:1/21:0),942.75336,882.73222,811.65872,574.42425,556.41369,485.3402,224.06881,325.31125,168.04314,152.99586,96.96964,78.95852
Plasmenyl-PC(P-24:1/22:0),956.76896,896.74782,825.67432,574.42425,556.41369,485.3402,224.06881,339.32685,168.04314,152.99586,96.96964,78.95852
Plasmenyl-PC(P-24:1/22:1),954.75336,894.73222,823.65872,574.42425,556.41369,485.3402,224.06881,337.31125,168.04314,152.99586,96.96964,78.95852
Plasmenyl-PC(P-24:1/22:2),952.73766,892.71652,821.64302,574.42425,556.41369,485.3402,224.06881,335.29555,168.04314,152.99586,96.96964,78.95852
Plasmenyl-PC(P-24:1/22:3),950.72206,890.70092,819.62742,574.42425,556.41369,485.3402,224.06881,333.27995,168.04314,152.99586,96.96964,78.95852
Plasmenyl-PC(P-24:1/22:4),948.70636,888.68522,817.61172,574.42425,556.41369,485.3402,224.06881,331.26425,168.04314,152.99586,96.96964,78.95852
Plasmenyl-PC(P-24:1/22:5),946.69076,886.66962,815.59612,574.42425,556.41369,485.3402,224.06881,329.24865,168.04314,152.99586,96.96964,78.95852
Plasmenyl-PC(P-24:1/22:6),944.67506,884.65392,813.58042,574.42425,556.41369,485.3402,224.06881,327.23295,168.04314,152.99586,96.96964,78.95852
Plasmenyl-PC(P-24:1/23:0),970.78466,910.76352,839.69002,574.42425,556.41369,485.3402,224.06881,353.34255,168.04314,152.99586,96.96964,78.95852
Plasmenyl-PC(P-24:1/24:0),984.80026,924.77912,853.70562,574.42425,556.41369,485.3402,224.06881,367.35815,168.04314,152.99586,96.96964,78.95852
Plasmenyl-PC(P-24:1/24:1),982.78466,922.76352,851.69002,574.42425,556.41369,485.3402,224.06881,365.34255,168.04314,152.99586,96.96964,78.95852
Plasmenyl-PC(P-24:1/25:0),998.81596,938.79482,867.72132,574.42425,556.41369,485.3402,224.06881,381.37385,168.04314,152.99586,96.96964,78.95852
Plasmenyl-PC(P-24:1/26:0),1012.83156,952.81042,881.73692,574.42425,556.41369,485.3402,224.06881,395.38945,168.04314,152.99586,96.96964,78.95852
Plasmenyl-PC(P-24:2/8:0),758.53426,698.51312,627.43962,572.40865,554.39809,483.3246,224.06881,143.10775,168.04314,152.99586,96.96964,78.95852
Plasmenyl-PC(P-24:2/10:0),786.56556,726.54442,655.47092,572.40865,554.39809,483.3246,224.06881,171.13905,168.04314,152.99586,96.96964,78.95852
Plasmenyl-PC(P-24:2/12:0),814.59686,754.57572,683.50222,572.40865,554.39809,483.3246,224.06881,199.17035,168.04314,152.99586,96.96964,78.95852
Plasmenyl-PC(P-24:2/13:0),828.61256,768.59142,697.51792,572.40865,554.39809,483.3246,224.06881,213.18605,168.04314,152.99586,96.96964,78.95852
Plasmenyl-PC(P-24:2/14:0),842.62816,782.60702,711.53352,572.40865,554.39809,483.3246,224.06881,227.20165,168.04314,152.99586,96.96964,78.95852
Plasmenyl-PC(P-24:2/14:1),840.61256,780.59142,709.51792,572.40865,554.39809,483.3246,224.06881,225.18605,168.04314,152.99586,96.96964,78.95852
Plasmenyl-PC(P-24:2/15:0),856.64386,796.62272,725.54922,572.40865,554.39809,483.3246,224.06881,241.21735,168.04314,152.99586,96.96964,78.95852
Plasmenyl-PC(P-24:2/15:1),854.62816,794.60702,723.53352,572.40865,554.39809,483.3246,224.06881,239.20165,168.04314,152.99586,96.96964,78.95852
Plasmenyl-PC(P-24:2/16:0),870.65946,810.63832,739.56482,572.40865,554.39809,483.3246,224.06881,255.23295,168.04314,152.99586,96.96964,78.95852
Plasmenyl-PC(P-24:2/16:1),868.64386,808.62272,737.54922,572.40865,554.39809,483.3246,224.06881,253.21735,168.04314,152.99586,96.96964,78.95852
Plasmenyl-PC(P-24:2/17:0),884.67516,824.65402,753.58052,572.40865,554.39809,483.3246,224.06881,269.24865,168.04314,152.99586,96.96964,78.95852
Plasmenyl-PC(P-24:2/17:1),882.65946,822.63832,751.56482,572.40865,554.39809,483.3246,224.06881,267.23295,168.04314,152.99586,96.96964,78.95852
Plasmenyl-PC(P-24:2/17:2),880.64386,820.62272,749.54922,572.40865,554.39809,483.3246,224.06881,265.21735,168.04314,152.99586,96.96964,78.95852
Plasmenyl-PC(P-24:2/18:0),898.69076,838.66962,767.59612,572.40865,554.39809,483.3246,224.06881,283.26425,168.04314,152.99586,96.96964,78.95852
Plasmenyl-PC(P-24:2/18:1),896.67516,836.65402,765.58052,572.40865,554.39809,483.3246,224.06881,281.24865,168.04314,152.99586,96.96964,78.95852
Plasmenyl-PC(P-24:2/18:2),894.65946,834.63832,763.56482,572.40865,554.39809,483.3246,224.06881,279.23295,168.04314,152.99586,96.96964,78.95852
Plasmenyl-PC(P-24:2/18:3),892.64386,832.62272,761.54922,572.40865,554.39809,483.3246,224.06881,277.21735,168.04314,152.99586,96.96964,78.95852
Plasmenyl-PC(P-24:2/18:4),890.62816,830.60702,759.53352,572.40865,554.39809,483.3246,224.06881,275.20165,168.04314,152.99586,96.96964,78.95852
Plasmenyl-PC(P-24:2/19:0),912.70646,852.68532,781.61182,572.40865,554.39809,483.3246,224.06881,297.27995,168.04314,152.99586,96.96964,78.95852
Plasmenyl-PC(P-24:2/20:0),926.72206,866.70092,795.62742,572.40865,554.39809,483.3246,224.06881,311.29555,168.04314,152.99586,96.96964,78.95852
Plasmenyl-PC(P-24:2/20:1),924.70646,864.68532,793.61182,572.40865,554.39809,483.3246,224.06881,309.27995,168.04314,152.99586,96.96964,78.95852
Plasmenyl-PC(P-24:2/20:2),922.69076,862.66962,791.59612,572.40865,554.39809,483.3246,224.06881,307.26425,168.04314,152.99586,96.96964,78.95852
Plasmenyl-PC(P-24:2/20:3),920.67516,860.65402,789.58052,572.40865,554.39809,483.3246,224.06881,305.24865,168.04314,152.99586,96.96964,78.95852
Plasmenyl-PC(P-24:2/20:4),918.65946,858.63832,787.56482,572.40865,554.39809,483.3246,224.06881,303.23295,168.04314,152.99586,96.96964,78.95852
Plasmenyl-PC(P-24:2/20:5),916.64386,856.62272,785.54922,572.40865,554.39809,483.3246,224.06881,301.21735,168.04314,152.99586,96.96964,78.95852
Plasmenyl-PC(P-24:2/21:0),940.73776,880.71662,809.64312,572.40865,554.39809,483.3246,224.06881,325.31125,168.04314,152.99586,96.96964,78.95852
Plasmenyl-PC(P-24:2/22:0),954.75336,894.73222,823.65872,572.40865,554.39809,483.3246,224.06881,339.32685,168.04314,152.99586,96.96964,78.95852
Plasmenyl-PC(P-24:2/22:1),952.73776,892.71662,821.64312,572.40865,554.39809,483.3246,224.06881,337.31125,168.04314,152.99586,96.96964,78.95852
Plasmenyl-PC(P-24:2/22:2),950.72206,890.70092,819.62742,572.40865,554.39809,483.3246,224.06881,335.29555,168.04314,152.99586,96.96964,78.95852
Plasmenyl-PC(P-24:2/22:3),948.70646,888.68532,817.61182,572.40865,554.39809,483.3246,224.06881,333.27995,168.04314,152.99586,96.96964,78.95852
Plasmenyl-PC(P-24:2/22:4),946.69076,886.66962,815.59612,572.40865,554.39809,483.3246,224.06881,331.26425,168.04314,152.99586,96.96964,78.95852
Plasmenyl-PC(P-24:2/22:5),944.67516,884.65402,813.58052,572.40865,554.39809,483.3246,224.06881,329.24865,168.04314,152.99586,96.96964,78.95852
Plasmenyl-PC(P-24:2/22:6),942.65946,882.63832,811.56482,572.40865,554.39809,483.3246,224.06881,327.23295,168.04314,152.99586,96.96964,78.95852
Plasmenyl-PC(P-24:2/23:0),968.76906,908.74792,837.67442,572.40865,554.39809,483.3246,224.06881,353.34255,168.04314,152.99586,96.96964,78.95852
Plasmenyl-PC(P-24:2/24:0),982.78466,922.76352,851.69002,572.40865,554.39809,483.3246,224.06881,367.35815,168.04314,152.99586,96.96964,78.95852
Plasmenyl-PC(P-24:2/24:1),980.76906,920.74792,849.67442,572.40865,554.39809,483.3246,224.06881,365.34255,168.04314,152.99586,96.96964,78.95852
Plasmenyl-PC(P-24:2/25:0),996.80036,936.77922,865.70572,572.40865,554.39809,483.3246,224.06881,381.37385,168.04314,152.99586,96.96964,78.95852
Plasmenyl-PC(P-24:2/26:0),1010.81596,950.79482,879.72132,572.40865,554.39809,483.3246,224.06881,395.38945,168.04314,152.99586,96.96964,78.95852
scores,0.01,0.45,0.01,0.01,0.01,0.01,0.01,0.45,0.01,0.01,0.01,0.01
