"DG","[M+NH4]+","[M+H-H2O]+","[M+H-acyl-sn1-2H2O]+","[M+H-acyl-sn2-2H2O]+","[acyl-sn1CO]+","[acyl-sn2CO]+","[acyl-sn1CO-H2O]+","[acyl-sn2CO-H2O]+","[acyl-sn1CO-H2O+74]+","[acyl-sn2CO-H2O+74]+"
"DG(16:0) DG(8:0_8:0)",362.2901,327.253,201.1485,201.1485,127.1117,127.1117,109.1012,109.1012,183.138,183.138
"DG(18:0) DG(8:0_10:0)",390.3214,355.2843,229.1798,201.1485,127.1117,155.143,109.1012,137.1325,183.138,211.1693
"DG(20:0) DG(8:0_12:0)",418.3527,383.3156,257.2111,201.1485,127.1117,183.1743,109.1012,165.1638,183.138,239.2006
"DG(21:0) DG(8:0_13:0)",432.3684,397.3313,271.2268,201.1485,127.1117,197.19,109.1012,179.1795,183.138,253.2163
"DG(22:0) DG(8:0_14:0)",446.384,411.3469,285.2424,201.1485,127.1117,211.2056,109.1012,193.1951,183.138,267.2319
"DG(22:1) DG(8:0_14:1)",444.3684,409.3313,283.2268,201.1485,127.1117,209.19,109.1012,191.1795,183.138,265.2163
"DG(23:0) DG(8:0_15:0)",460.3997,425.3626,299.2581,201.1485,127.1117,225.2213,109.1012,207.2108,183.138,281.2476
"DG(23:1) DG(8:0_15:1)",458.384,423.3469,297.2424,201.1485,127.1117,223.2056,109.1012,205.1951,183.138,279.2319
"DG(24:0) DG(8:0_16:0)",474.4153,439.3782,313.2737,201.1485,127.1117,239.2369,109.1012,221.2264,183.138,295.2632
"DG(24:1) DG(8:0_16:1)",472.3997,437.3626,311.2581,201.1485,127.1117,237.2213,109.1012,219.2108,183.138,293.2476
"DG(25:0) DG(8:0_17:0)",488.431,453.3939,327.2894,201.1485,127.1117,253.2526,109.1012,235.2421,183.138,309.2789
"DG(25:1) DG(8:0_17:1)",486.4153,451.3782,325.2737,201.1485,127.1117,251.2369,109.1012,233.2264,183.138,307.2632
"DG(25:2) DG(8:0_17:2)",484.3997,449.3626,323.2581,201.1485,127.1117,249.2213,109.1012,231.2108,183.138,305.2476
"DG(26:0) DG(8:0_18:0)",502.4466,467.4095,341.305,201.1485,127.1117,267.2682,109.1012,249.2577,183.138,323.2945
"DG(26:1) DG(8:0_18:1)",500.431,465.3939,339.2894,201.1485,127.1117,265.2526,109.1012,247.2421,183.138,321.2789
"DG(26:2) DG(8:0_18:2)",498.4153,463.3782,337.2737,201.1485,127.1117,263.2369,109.1012,245.2264,183.138,319.2632
"DG(26:3) DG(8:0_18:3)",496.3997,461.3626,335.2581,201.1485,127.1117,261.2213,109.1012,243.2108,183.138,317.2476
"DG(26:4) DG(8:0_18:4)",494.384,459.3469,333.2424,201.1485,127.1117,259.2056,109.1012,241.1951,183.138,315.2319
"DG(27:0) DG(8:0_19:0)",516.4623,481.4252,355.3207,201.1485,127.1117,281.2839,109.1012,263.2734,183.138,337.3102
"DG(28:0) DG(8:0_20:0)",530.4779,495.4408,369.3363,201.1485,127.1117,295.2995,109.1012,277.289,183.138,351.3258
"DG(28:1) DG(8:0_20:1)",528.4623,493.4252,367.3207,201.1485,127.1117,293.2839,109.1012,275.2734,183.138,349.3102
"DG(28:2) DG(8:0_20:2)",526.4466,491.4095,365.305,201.1485,127.1117,291.2682,109.1012,273.2577,183.138,347.2945
"DG(28:3) DG(8:0_20:3)",524.431,489.3939,363.2894,201.1485,127.1117,289.2526,109.1012,271.2421,183.138,345.2789
"DG(28:4) DG(8:0_20:4)",522.4153,487.3782,361.2737,201.1485,127.1117,287.2369,109.1012,269.2264,183.138,343.2632
"DG(28:5) DG(8:0_20:5)",520.3997,485.3626,359.2581,201.1485,127.1117,285.2213,109.1012,267.2108,183.138,341.2476
"DG(29:0) DG(8:0_21:0)",544.4936,509.4565,383.352,201.1485,127.1117,309.3152,109.1012,291.3047,183.138,365.3415
"DG(30:0) DG(8:0_22:0)",558.5092,523.4721,397.3676,201.1485,127.1117,323.3308,109.1012,305.3203,183.138,379.3571
"DG(30:1) DG(8:0_22:1)",556.4936,521.4565,395.352,201.1485,127.1117,321.3152,109.1012,303.3047,183.138,377.3415
"DG(30:2) DG(8:0_22:2)",554.4779,519.4408,393.3363,201.1485,127.1117,319.2995,109.1012,301.289,183.138,375.3258
"DG(30:3) DG(8:0_22:3)",552.4623,517.4252,391.3207,201.1485,127.1117,317.2839,109.1012,299.2734,183.138,373.3102
"DG(30:4) DG(8:0_22:4)",550.4466,515.4095,389.305,201.1485,127.1117,315.2682,109.1012,297.2577,183.138,371.2945
"DG(30:5) DG(8:0_22:5)",548.431,513.3939,387.2894,201.1485,127.1117,313.2526,109.1012,295.2421,183.138,369.2789
"DG(30:6) DG(8:0_22:6)",546.4153,511.3782,385.2737,201.1485,127.1117,311.2369,109.1012,293.2264,183.138,367.2632
"DG(31:0) DG(8:0_23:0)",572.5249,537.4878,411.3833,201.1485,127.1117,337.3465,109.1012,319.336,183.138,393.3728
"DG(32:0) DG(8:0_24:0)",586.5405,551.5034,425.3989,201.1485,127.1117,351.3621,109.1012,333.3516,183.138,407.3884
"DG(32:1) DG(8:0_24:1)",584.5249,549.4878,423.3833,201.1485,127.1117,349.3465,109.1012,331.336,183.138,405.3728
"DG(33:0) DG(8:0_25:0)",600.5562,565.5191,439.4146,201.1485,127.1117,365.3778,109.1012,347.3673,183.138,421.4041
"DG(34:0) DG(8:0_26:0)",614.5718,579.5347,453.4302,201.1485,127.1117,379.3934,109.1012,361.3829,183.138,435.4197
"DG(20:0) DG(10:0_10:0)",418.3527,383.3156,229.1798,229.1798,155.143,155.143,137.1325,137.1325,211.1693,211.1693
"DG(22:0) DG(10:0_12:0)",446.384,411.3469,257.2111,229.1798,155.143,183.1743,137.1325,165.1638,211.1693,239.2006
"DG(23:0) DG(10:0_13:0)",460.3997,425.3626,271.2268,229.1798,155.143,197.19,137.1325,179.1795,211.1693,253.2163
"DG(24:0) DG(10:0_14:0)",474.4153,439.3782,285.2424,229.1798,155.143,211.2056,137.1325,193.1951,211.1693,267.2319
"DG(24:1) DG(10:0_14:1)",472.3997,437.3626,283.2268,229.1798,155.143,209.19,137.1325,191.1795,211.1693,265.2163
"DG(25:0) DG(10:0_15:0)",488.431,453.3939,299.2581,229.1798,155.143,225.2213,137.1325,207.2108,211.1693,281.2476
"DG(25:1) DG(10:0_15:1)",486.4153,451.3782,297.2424,229.1798,155.143,223.2056,137.1325,205.1951,211.1693,279.2319
"DG(26:0) DG(10:0_16:0)",502.4466,467.4095,313.2737,229.1798,155.143,239.2369,137.1325,221.2264,211.1693,295.2632
"DG(26:1) DG(10:0_16:1)",500.431,465.3939,311.2581,229.1798,155.143,237.2213,137.1325,219.2108,211.1693,293.2476
"DG(27:0) DG(10:0_17:0)",516.4623,481.4252,327.2894,229.1798,155.143,253.2526,137.1325,235.2421,211.1693,309.2789
"DG(27:1) DG(10:0_17:1)",514.4466,479.4095,325.2737,229.1798,155.143,251.2369,137.1325,233.2264,211.1693,307.2632
"DG(27:2) DG(10:0_17:2)",512.431,477.3939,323.2581,229.1798,155.143,249.2213,137.1325,231.2108,211.1693,305.2476
"DG(28:0) DG(10:0_18:0)",530.4779,495.4408,341.305,229.1798,155.143,267.2682,137.1325,249.2577,211.1693,323.2945
"DG(28:1) DG(10:0_18:1)",528.4623,493.4252,339.2894,229.1798,155.143,265.2526,137.1325,247.2421,211.1693,321.2789
"DG(28:2) DG(10:0_18:2)",526.4466,491.4095,337.2737,229.1798,155.143,263.2369,137.1325,245.2264,211.1693,319.2632
"DG(28:3) DG(10:0_18:3)",524.431,489.3939,335.2581,229.1798,155.143,261.2213,137.1325,243.2108,211.1693,317.2476
"DG(28:4) DG(10:0_18:4)",522.4153,487.3782,333.2424,229.1798,155.143,259.2056,137.1325,241.1951,211.1693,315.2319
"DG(29:0) DG(10:0_19:0)",544.4936,509.4565,355.3207,229.1798,155.143,281.2839,137.1325,263.2734,211.1693,337.3102
"DG(30:0) DG(10:0_20:0)",558.5092,523.4721,369.3363,229.1798,155.143,295.2995,137.1325,277.289,211.1693,351.3258
"DG(30:1) DG(10:0_20:1)",556.4936,521.4565,367.3207,229.1798,155.143,293.2839,137.1325,275.2734,211.1693,349.3102
"DG(30:2) DG(10:0_20:2)",554.4779,519.4408,365.305,229.1798,155.143,291.2682,137.1325,273.2577,211.1693,347.2945
"DG(30:3) DG(10:0_20:3)",552.4623,517.4252,363.2894,229.1798,155.143,289.2526,137.1325,271.2421,211.1693,345.2789
"DG(30:4) DG(10:0_20:4)",550.4466,515.4095,361.2737,229.1798,155.143,287.2369,137.1325,269.2264,211.1693,343.2632
"DG(30:5) DG(10:0_20:5)",548.431,513.3939,359.2581,229.1798,155.143,285.2213,137.1325,267.2108,211.1693,341.2476
"DG(31:0) DG(10:0_21:0)",572.5249,537.4878,383.352,229.1798,155.143,309.3152,137.1325,291.3047,211.1693,365.3415
"DG(32:0) DG(10:0_22:0)",586.5405,551.5034,397.3676,229.1798,155.143,323.3308,137.1325,305.3203,211.1693,379.3571
"DG(32:1) DG(10:0_22:1)",584.5249,549.4878,395.352,229.1798,155.143,321.3152,137.1325,303.3047,211.1693,377.3415
"DG(32:2) DG(10:0_22:2)",582.5092,547.4721,393.3363,229.1798,155.143,319.2995,137.1325,301.289,211.1693,375.3258
"DG(32:3) DG(10:0_22:3)",580.4936,545.4565,391.3207,229.1798,155.143,317.2839,137.1325,299.2734,211.1693,373.3102
"DG(32:4) DG(10:0_22:4)",578.4779,543.4408,389.305,229.1798,155.143,315.2682,137.1325,297.2577,211.1693,371.2945
"DG(32:5) DG(10:0_22:5)",576.4623,541.4252,387.2894,229.1798,155.143,313.2526,137.1325,295.2421,211.1693,369.2789
"DG(32:6) DG(10:0_22:6)",574.4466,539.4095,385.2737,229.1798,155.143,311.2369,137.1325,293.2264,211.1693,367.2632
"DG(33:0) DG(10:0_23:0)",600.5562,565.5191,411.3833,229.1798,155.143,337.3465,137.1325,319.336,211.1693,393.3728
"DG(34:0) DG(10:0_24:0)",614.5718,579.5347,425.3989,229.1798,155.143,351.3621,137.1325,333.3516,211.1693,407.3884
"DG(34:1) DG(10:0_24:1)",612.5562,577.5191,423.3833,229.1798,155.143,349.3465,137.1325,331.336,211.1693,405.3728
"DG(35:0) DG(10:0_25:0)",628.5875,593.5504,439.4146,229.1798,155.143,365.3778,137.1325,347.3673,211.1693,421.4041
"DG(36:0) DG(10:0_26:0)",642.6031,607.566,453.4302,229.1798,155.143,379.3934,137.1325,361.3829,211.1693,435.4197
"DG(24:0) DG(12:0_12:0)",474.4153,439.3782,257.2111,257.2111,183.1743,183.1743,165.1638,165.1638,239.2006,239.2006
"DG(25:0) DG(12:0_13:0)",488.431,453.3939,271.2268,257.2111,183.1743,197.19,165.1638,179.1795,239.2006,253.2163
"DG(26:0) DG(12:0_14:0)",502.4466,467.4095,285.2424,257.2111,183.1743,211.2056,165.1638,193.1951,239.2006,267.2319
"DG(26:1) DG(12:0_14:1)",500.431,465.3939,283.2268,257.2111,183.1743,209.19,165.1638,191.1795,239.2006,265.2163
"DG(27:0) DG(12:0_15:0)",516.4623,481.4252,299.2581,257.2111,183.1743,225.2213,165.1638,207.2108,239.2006,281.2476
"DG(27:1) DG(12:0_15:1)",514.4466,479.4095,297.2424,257.2111,183.1743,223.2056,165.1638,205.1951,239.2006,279.2319
"DG(28:0) DG(12:0_16:0)",530.4779,495.4408,313.2737,257.2111,183.1743,239.2369,165.1638,221.2264,239.2006,295.2632
"DG(28:1) DG(12:0_16:1)",528.4623,493.4252,311.2581,257.2111,183.1743,237.2213,165.1638,219.2108,239.2006,293.2476
"DG(29:0) DG(12:0_17:0)",544.4936,509.4565,327.2894,257.2111,183.1743,253.2526,165.1638,235.2421,239.2006,309.2789
"DG(29:1) DG(12:0_17:1)",542.4779,507.4408,325.2737,257.2111,183.1743,251.2369,165.1638,233.2264,239.2006,307.2632
"DG(29:2) DG(12:0_17:2)",540.4623,505.4252,323.2581,257.2111,183.1743,249.2213,165.1638,231.2108,239.2006,305.2476
"DG(30:0) DG(12:0_18:0)",558.5092,523.4721,341.305,257.2111,183.1743,267.2682,165.1638,249.2577,239.2006,323.2945
"DG(30:1) DG(12:0_18:1)",556.4936,521.4565,339.2894,257.2111,183.1743,265.2526,165.1638,247.2421,239.2006,321.2789
"DG(30:2) DG(12:0_18:2)",554.4779,519.4408,337.2737,257.2111,183.1743,263.2369,165.1638,245.2264,239.2006,319.2632
"DG(30:3) DG(12:0_18:3)",552.4623,517.4252,335.2581,257.2111,183.1743,261.2213,165.1638,243.2108,239.2006,317.2476
"DG(30:4) DG(12:0_18:4)",550.4466,515.4095,333.2424,257.2111,183.1743,259.2056,165.1638,241.1951,239.2006,315.2319
"DG(31:0) DG(12:0_19:0)",572.5249,537.4878,355.3207,257.2111,183.1743,281.2839,165.1638,263.2734,239.2006,337.3102
"DG(32:0) DG(12:0_20:0)",586.5405,551.5034,369.3363,257.2111,183.1743,295.2995,165.1638,277.289,239.2006,351.3258
"DG(32:1) DG(12:0_20:1)",584.5249,549.4878,367.3207,257.2111,183.1743,293.2839,165.1638,275.2734,239.2006,349.3102
"DG(32:2) DG(12:0_20:2)",582.5092,547.4721,365.305,257.2111,183.1743,291.2682,165.1638,273.2577,239.2006,347.2945
"DG(32:3) DG(12:0_20:3)",580.4936,545.4565,363.2894,257.2111,183.1743,289.2526,165.1638,271.2421,239.2006,345.2789
"DG(32:4) DG(12:0_20:4)",578.4779,543.4408,361.2737,257.2111,183.1743,287.2369,165.1638,269.2264,239.2006,343.2632
"DG(32:5) DG(12:0_20:5)",576.4623,541.4252,359.2581,257.2111,183.1743,285.2213,165.1638,267.2108,239.2006,341.2476
"DG(33:0) DG(12:0_21:0)",600.5562,565.5191,383.352,257.2111,183.1743,309.3152,165.1638,291.3047,239.2006,365.3415
"DG(34:0) DG(12:0_22:0)",614.5718,579.5347,397.3676,257.2111,183.1743,323.3308,165.1638,305.3203,239.2006,379.3571
"DG(34:1) DG(12:0_22:1)",612.5562,577.5191,395.352,257.2111,183.1743,321.3152,165.1638,303.3047,239.2006,377.3415
"DG(34:2) DG(12:0_22:2)",610.5405,575.5034,393.3363,257.2111,183.1743,319.2995,165.1638,301.289,239.2006,375.3258
"DG(34:3) DG(12:0_22:3)",608.5249,573.4878,391.3207,257.2111,183.1743,317.2839,165.1638,299.2734,239.2006,373.3102
"DG(34:4) DG(12:0_22:4)",606.5092,571.4721,389.305,257.2111,183.1743,315.2682,165.1638,297.2577,239.2006,371.2945
"DG(34:5) DG(12:0_22:5)",604.4936,569.4565,387.2894,257.2111,183.1743,313.2526,165.1638,295.2421,239.2006,369.2789
"DG(34:6) DG(12:0_22:6)",602.4779,567.4408,385.2737,257.2111,183.1743,311.2369,165.1638,293.2264,239.2006,367.2632
"DG(35:0) DG(12:0_23:0)",628.5875,593.5504,411.3833,257.2111,183.1743,337.3465,165.1638,319.336,239.2006,393.3728
"DG(36:0) DG(12:0_24:0)",642.6031,607.566,425.3989,257.2111,183.1743,351.3621,165.1638,333.3516,239.2006,407.3884
"DG(36:1) DG(12:0_24:1)",640.5875,605.5504,423.3833,257.2111,183.1743,349.3465,165.1638,331.336,239.2006,405.3728
"DG(37:0) DG(12:0_25:0)",656.6188,621.5817,439.4146,257.2111,183.1743,365.3778,165.1638,347.3673,239.2006,421.4041
"DG(38:0) DG(12:0_26:0)",670.6344,635.5973,453.4302,257.2111,183.1743,379.3934,165.1638,361.3829,239.2006,435.4197
"DG(26:0) DG(13:0_13:0)",502.4467,467.4096,271.2268,271.2268,197.19,197.19,179.1795,179.1795,253.2163,253.2163
"DG(27:0) DG(13:0_14:0)",516.4623,481.4252,285.2424,271.2268,197.19,211.2056,179.1795,193.1951,253.2163,267.2319
"DG(27:1) DG(13:0_14:1)",514.4467,479.4096,283.2268,271.2268,197.19,209.19,179.1795,191.1795,253.2163,265.2163
"DG(28:0) DG(13:0_15:0)",530.478,495.4409,299.2581,271.2268,197.19,225.2213,179.1795,207.2108,253.2163,281.2476
"DG(28:1) DG(13:0_15:1)",528.4623,493.4252,297.2424,271.2268,197.19,223.2056,179.1795,205.1951,253.2163,279.2319
"DG(29:0) DG(13:0_16:0)",544.4936,509.4565,313.2737,271.2268,197.19,239.2369,179.1795,221.2264,253.2163,295.2632
"DG(29:1) DG(13:0_16:1)",542.478,507.4409,311.2581,271.2268,197.19,237.2213,179.1795,219.2108,253.2163,293.2476
"DG(30:0) DG(13:0_17:0)",558.5093,523.4722,327.2894,271.2268,197.19,253.2526,179.1795,235.2421,253.2163,309.2789
"DG(30:1) DG(13:0_17:1)",556.4936,521.4565,325.2737,271.2268,197.19,251.2369,179.1795,233.2264,253.2163,307.2632
"DG(30:2) DG(13:0_17:2)",554.478,519.4409,323.2581,271.2268,197.19,249.2213,179.1795,231.2108,253.2163,305.2476
"DG(31:0) DG(13:0_18:0)",572.5249,537.4878,341.305,271.2268,197.19,267.2682,179.1795,249.2577,253.2163,323.2945
"DG(31:1) DG(13:0_18:1)",570.5093,535.4722,339.2894,271.2268,197.19,265.2526,179.1795,247.2421,253.2163,321.2789
"DG(31:2) DG(13:0_18:2)",568.4936,533.4565,337.2737,271.2268,197.19,263.2369,179.1795,245.2264,253.2163,319.2632
"DG(31:3) DG(13:0_18:3)",566.478,531.4409,335.2581,271.2268,197.19,261.2213,179.1795,243.2108,253.2163,317.2476
"DG(31:4) DG(13:0_18:4)",564.4623,529.4252,333.2424,271.2268,197.19,259.2056,179.1795,241.1951,253.2163,315.2319
"DG(32:0) DG(13:0_19:0)",586.5406,551.5035,355.3207,271.2268,197.19,281.2839,179.1795,263.2734,253.2163,337.3102
"DG(33:0) DG(13:0_20:0)",600.5562,565.5191,369.3363,271.2268,197.19,295.2995,179.1795,277.289,253.2163,351.3258
"DG(33:1) DG(13:0_20:1)",598.5406,563.5035,367.3207,271.2268,197.19,293.2839,179.1795,275.2734,253.2163,349.3102
"DG(33:2) DG(13:0_20:2)",596.5249,561.4878,365.305,271.2268,197.19,291.2682,179.1795,273.2577,253.2163,347.2945
"DG(33:3) DG(13:0_20:3)",594.5093,559.4722,363.2894,271.2268,197.19,289.2526,179.1795,271.2421,253.2163,345.2789
"DG(33:4) DG(13:0_20:4)",592.4936,557.4565,361.2737,271.2268,197.19,287.2369,179.1795,269.2264,253.2163,343.2632
"DG(33:5) DG(13:0_20:5)",590.478,555.4409,359.2581,271.2268,197.19,285.2213,179.1795,267.2108,253.2163,341.2476
"DG(34:0) DG(13:0_21:0)",614.5719,579.5348,383.352,271.2268,197.19,309.3152,179.1795,291.3047,253.2163,365.3415
"DG(35:0) DG(13:0_22:0)",628.5875,593.5504,397.3676,271.2268,197.19,323.3308,179.1795,305.3203,253.2163,379.3571
"DG(35:1) DG(13:0_22:1)",626.5719,591.5348,395.352,271.2268,197.19,321.3152,179.1795,303.3047,253.2163,377.3415
"DG(35:2) DG(13:0_22:2)",624.5562,589.5191,393.3363,271.2268,197.19,319.2995,179.1795,301.289,253.2163,375.3258
"DG(35:3) DG(13:0_22:3)",622.5406,587.5035,391.3207,271.2268,197.19,317.2839,179.1795,299.2734,253.2163,373.3102
"DG(35:4) DG(13:0_22:4)",620.5249,585.4878,389.305,271.2268,197.19,315.2682,179.1795,297.2577,253.2163,371.2945
"DG(35:5) DG(13:0_22:5)",618.5093,583.4722,387.2894,271.2268,197.19,313.2526,179.1795,295.2421,253.2163,369.2789
"DG(35:6) DG(13:0_22:6)",616.4936,581.4565,385.2737,271.2268,197.19,311.2369,179.1795,293.2264,253.2163,367.2632
"DG(36:0) DG(13:0_23:0)",642.6032,607.5661,411.3833,271.2268,197.19,337.3465,179.1795,319.336,253.2163,393.3728
"DG(37:0) DG(13:0_24:0)",656.6188,621.5817,425.3989,271.2268,197.19,351.3621,179.1795,333.3516,253.2163,407.3884
"DG(37:1) DG(13:0_24:1)",654.6032,619.5661,423.3833,271.2268,197.19,349.3465,179.1795,331.336,253.2163,405.3728
"DG(38:0) DG(13:0_25:0)",670.6345,635.5974,439.4146,271.2268,197.19,365.3778,179.1795,347.3673,253.2163,421.4041
"DG(39:0) DG(13:0_26:0)",684.6501,649.613,453.4302,271.2268,197.19,379.3934,179.1795,361.3829,253.2163,435.4197
"DG(28:0) DG(14:0_14:0)",530.4779,495.4408,285.2424,285.2424,211.2056,211.2056,193.1951,193.1951,267.2319,267.2319
"DG(28:1) DG(14:0_14:1)",528.4623,493.4252,283.2268,285.2424,211.2056,209.19,193.1951,191.1795,267.2319,265.2163
"DG(29:0) DG(14:0_15:0)",544.4936,509.4565,299.2581,285.2424,211.2056,225.2213,193.1951,207.2108,267.2319,281.2476
"DG(29:1) DG(14:0_15:1)",542.4779,507.4408,297.2424,285.2424,211.2056,223.2056,193.1951,205.1951,267.2319,279.2319
"DG(30:0) DG(14:0_16:0)",558.5092,523.4721,313.2737,285.2424,211.2056,239.2369,193.1951,221.2264,267.2319,295.2632
"DG(30:1) DG(14:0_16:1)",556.4936,521.4565,311.2581,285.2424,211.2056,237.2213,193.1951,219.2108,267.2319,293.2476
"DG(31:0) DG(14:0_17:0)",572.5249,537.4878,327.2894,285.2424,211.2056,253.2526,193.1951,235.2421,267.2319,309.2789
"DG(31:1) DG(14:0_17:1)",570.5092,535.4721,325.2737,285.2424,211.2056,251.2369,193.1951,233.2264,267.2319,307.2632
"DG(31:2) DG(14:0_17:2)",568.4936,533.4565,323.2581,285.2424,211.2056,249.2213,193.1951,231.2108,267.2319,305.2476
"DG(32:0) DG(14:0_18:0)",586.5405,551.5034,341.305,285.2424,211.2056,267.2682,193.1951,249.2577,267.2319,323.2945
"DG(32:1) DG(14:0_18:1)",584.5249,549.4878,339.2894,285.2424,211.2056,265.2526,193.1951,247.2421,267.2319,321.2789
"DG(32:2) DG(14:0_18:2)",582.5092,547.4721,337.2737,285.2424,211.2056,263.2369,193.1951,245.2264,267.2319,319.2632
"DG(32:3) DG(14:0_18:3)",580.4936,545.4565,335.2581,285.2424,211.2056,261.2213,193.1951,243.2108,267.2319,317.2476
"DG(32:4) DG(14:0_18:4)",578.4779,543.4408,333.2424,285.2424,211.2056,259.2056,193.1951,241.1951,267.2319,315.2319
"DG(33:0) DG(14:0_19:0)",600.5562,565.5191,355.3207,285.2424,211.2056,281.2839,193.1951,263.2734,267.2319,337.3102
"DG(34:0) DG(14:0_20:0)",614.5718,579.5347,369.3363,285.2424,211.2056,295.2995,193.1951,277.289,267.2319,351.3258
"DG(34:1) DG(14:0_20:1)",612.5562,577.5191,367.3207,285.2424,211.2056,293.2839,193.1951,275.2734,267.2319,349.3102
"DG(34:2) DG(14:0_20:2)",610.5405,575.5034,365.305,285.2424,211.2056,291.2682,193.1951,273.2577,267.2319,347.2945
"DG(34:3) DG(14:0_20:3)",608.5249,573.4878,363.2894,285.2424,211.2056,289.2526,193.1951,271.2421,267.2319,345.2789
"DG(34:4) DG(14:0_20:4)",606.5092,571.4721,361.2737,285.2424,211.2056,287.2369,193.1951,269.2264,267.2319,343.2632
"DG(34:5) DG(14:0_20:5)",604.4936,569.4565,359.2581,285.2424,211.2056,285.2213,193.1951,267.2108,267.2319,341.2476
"DG(35:0) DG(14:0_21:0)",628.5875,593.5504,383.352,285.2424,211.2056,309.3152,193.1951,291.3047,267.2319,365.3415
"DG(36:0) DG(14:0_22:0)",642.6031,607.566,397.3676,285.2424,211.2056,323.3308,193.1951,305.3203,267.2319,379.3571
"DG(36:1) DG(14:0_22:1)",640.5875,605.5504,395.352,285.2424,211.2056,321.3152,193.1951,303.3047,267.2319,377.3415
"DG(36:2) DG(14:0_22:2)",638.5718,603.5347,393.3363,285.2424,211.2056,319.2995,193.1951,301.289,267.2319,375.3258
"DG(36:3) DG(14:0_22:3)",636.5562,601.5191,391.3207,285.2424,211.2056,317.2839,193.1951,299.2734,267.2319,373.3102
"DG(36:4) DG(14:0_22:4)",634.5405,599.5034,389.305,285.2424,211.2056,315.2682,193.1951,297.2577,267.2319,371.2945
"DG(36:5) DG(14:0_22:5)",632.5249,597.4878,387.2894,285.2424,211.2056,313.2526,193.1951,295.2421,267.2319,369.2789
"DG(36:6) DG(14:0_22:6)",630.5092,595.4721,385.2737,285.2424,211.2056,311.2369,193.1951,293.2264,267.2319,367.2632
"DG(37:0) DG(14:0_23:0)",656.6188,621.5817,411.3833,285.2424,211.2056,337.3465,193.1951,319.336,267.2319,393.3728
"DG(38:0) DG(14:0_24:0)",670.6344,635.5973,425.3989,285.2424,211.2056,351.3621,193.1951,333.3516,267.2319,407.3884
"DG(38:1) DG(14:0_24:1)",668.6188,633.5817,423.3833,285.2424,211.2056,349.3465,193.1951,331.336,267.2319,405.3728
"DG(39:0) DG(14:0_25:0)",684.6501,649.613,439.4146,285.2424,211.2056,365.3778,193.1951,347.3673,267.2319,421.4041
"DG(40:0) DG(14:0_26:0)",698.6657,663.6286,453.4302,285.2424,211.2056,379.3934,193.1951,361.3829,267.2319,435.4197
"DG(28:2) DG(14:1_14:1)",526.4467,491.4096,283.2268,283.2268,209.19,209.19,191.1795,191.1795,265.2163,265.2163
"DG(29:1) DG(14:1_15:0)",542.478,507.4409,299.2581,283.2268,209.19,225.2213,191.1795,207.2108,265.2163,281.2476
"DG(29:2) DG(14:1_15:1)",540.4623,505.4252,297.2424,283.2268,209.19,223.2056,191.1795,205.1951,265.2163,279.2319
"DG(30:1) DG(14:1_16:0)",556.4936,521.4565,313.2737,283.2268,209.19,239.2369,191.1795,221.2264,265.2163,295.2632
"DG(30:2) DG(14:1_16:1)",554.478,519.4409,311.2581,283.2268,209.19,237.2213,191.1795,219.2108,265.2163,293.2476
"DG(31:1) DG(14:1_17:0)",570.5093,535.4722,327.2894,283.2268,209.19,253.2526,191.1795,235.2421,265.2163,309.2789
"DG(31:2) DG(14:1_17:1)",568.4936,533.4565,325.2737,283.2268,209.19,251.2369,191.1795,233.2264,265.2163,307.2632
"DG(31:3) DG(14:1_17:2)",566.478,531.4409,323.2581,283.2268,209.19,249.2213,191.1795,231.2108,265.2163,305.2476
"DG(32:1) DG(14:1_18:0)",584.5249,549.4878,341.305,283.2268,209.19,267.2682,191.1795,249.2577,265.2163,323.2945
"DG(32:2) DG(14:1_18:1)",582.5093,547.4722,339.2894,283.2268,209.19,265.2526,191.1795,247.2421,265.2163,321.2789
"DG(32:3) DG(14:1_18:2)",580.4936,545.4565,337.2737,283.2268,209.19,263.2369,191.1795,245.2264,265.2163,319.2632
"DG(32:4) DG(14:1_18:3)",578.478,543.4409,335.2581,283.2268,209.19,261.2213,191.1795,243.2108,265.2163,317.2476
"DG(32:5) DG(14:1_18:4)",576.4623,541.4252,333.2424,283.2268,209.19,259.2056,191.1795,241.1951,265.2163,315.2319
"DG(33:1) DG(14:1_19:0)",598.5406,563.5035,355.3207,283.2268,209.19,281.2839,191.1795,263.2734,265.2163,337.3102
"DG(34:1) DG(14:1_20:0)",612.5562,577.5191,369.3363,283.2268,209.19,295.2995,191.1795,277.289,265.2163,351.3258
"DG(34:2) DG(14:1_20:1)",610.5406,575.5035,367.3207,283.2268,209.19,293.2839,191.1795,275.2734,265.2163,349.3102
"DG(34:3) DG(14:1_20:2)",608.5249,573.4878,365.305,283.2268,209.19,291.2682,191.1795,273.2577,265.2163,347.2945
"DG(34:4) DG(14:1_20:3)",606.5093,571.4722,363.2894,283.2268,209.19,289.2526,191.1795,271.2421,265.2163,345.2789
"DG(34:5) DG(14:1_20:4)",604.4936,569.4565,361.2737,283.2268,209.19,287.2369,191.1795,269.2264,265.2163,343.2632
"DG(34:6) DG(14:1_20:5)",602.478,567.4409,359.2581,283.2268,209.19,285.2213,191.1795,267.2108,265.2163,341.2476
"DG(35:1) DG(14:1_21:0)",626.5719,591.5348,383.352,283.2268,209.19,309.3152,191.1795,291.3047,265.2163,365.3415
"DG(36:1) DG(14:1_22:0)",640.5875,605.5504,397.3676,283.2268,209.19,323.3308,191.1795,305.3203,265.2163,379.3571
"DG(36:2) DG(14:1_22:1)",638.5719,603.5348,395.352,283.2268,209.19,321.3152,191.1795,303.3047,265.2163,377.3415
"DG(36:3) DG(14:1_22:2)",636.5562,601.5191,393.3363,283.2268,209.19,319.2995,191.1795,301.289,265.2163,375.3258
"DG(36:4) DG(14:1_22:3)",634.5406,599.5035,391.3207,283.2268,209.19,317.2839,191.1795,299.2734,265.2163,373.3102
"DG(36:5) DG(14:1_22:4)",632.5249,597.4878,389.305,283.2268,209.19,315.2682,191.1795,297.2577,265.2163,371.2945
"DG(36:6) DG(14:1_22:5)",630.5093,595.4722,387.2894,283.2268,209.19,313.2526,191.1795,295.2421,265.2163,369.2789
"DG(36:7) DG(14:1_22:6)",628.4936,593.4565,385.2737,283.2268,209.19,311.2369,191.1795,293.2264,265.2163,367.2632
"DG(37:1) DG(14:1_23:0)",654.6032,619.5661,411.3833,283.2268,209.19,337.3465,191.1795,319.336,265.2163,393.3728
"DG(38:1) DG(14:1_24:0)",668.6188,633.5817,425.3989,283.2268,209.19,351.3621,191.1795,333.3516,265.2163,407.3884
"DG(38:2) DG(14:1_24:1)",666.6032,631.5661,423.3833,283.2268,209.19,349.3465,191.1795,331.336,265.2163,405.3728
"DG(39:1) DG(14:1_25:0)",682.6345,647.5974,439.4146,283.2268,209.19,365.3778,191.1795,347.3673,265.2163,421.4041
"DG(40:1) DG(14:1_26:0)",696.6501,661.613,453.4302,283.2268,209.19,379.3934,191.1795,361.3829,265.2163,435.4197
"DG(30:0) DG(15:0_15:0)",558.5093,523.4722,299.2581,299.2581,225.2213,225.2213,207.2108,207.2108,281.2476,281.2476
"DG(30:1) DG(15:0_15:1)",556.4936,521.4565,297.2424,299.2581,225.2213,223.2056,207.2108,205.1951,281.2476,279.2319
"DG(31:0) DG(15:0_16:0)",572.5249,537.4878,313.2737,299.2581,225.2213,239.2369,207.2108,221.2264,281.2476,295.2632
"DG(31:1) DG(15:0_16:1)",570.5093,535.4722,311.2581,299.2581,225.2213,237.2213,207.2108,219.2108,281.2476,293.2476
"DG(32:0) DG(15:0_17:0)",586.5406,551.5035,327.2894,299.2581,225.2213,253.2526,207.2108,235.2421,281.2476,309.2789
"DG(32:1) DG(15:0_17:1)",584.5249,549.4878,325.2737,299.2581,225.2213,251.2369,207.2108,233.2264,281.2476,307.2632
"DG(32:2) DG(15:0_17:2)",582.5093,547.4722,323.2581,299.2581,225.2213,249.2213,207.2108,231.2108,281.2476,305.2476
"DG(33:0) DG(15:0_18:0)",600.5562,565.5191,341.305,299.2581,225.2213,267.2682,207.2108,249.2577,281.2476,323.2945
"DG(33:1) DG(15:0_18:1)",598.5406,563.5035,339.2894,299.2581,225.2213,265.2526,207.2108,247.2421,281.2476,321.2789
"DG(33:2) DG(15:0_18:2)",596.5249,561.4878,337.2737,299.2581,225.2213,263.2369,207.2108,245.2264,281.2476,319.2632
"DG(33:3) DG(15:0_18:3)",594.5093,559.4722,335.2581,299.2581,225.2213,261.2213,207.2108,243.2108,281.2476,317.2476
"DG(33:4) DG(15:0_18:4)",592.4936,557.4565,333.2424,299.2581,225.2213,259.2056,207.2108,241.1951,281.2476,315.2319
"DG(34:0) DG(15:0_19:0)",614.5719,579.5348,355.3207,299.2581,225.2213,281.2839,207.2108,263.2734,281.2476,337.3102
"DG(35:0) DG(15:0_20:0)",628.5875,593.5504,369.3363,299.2581,225.2213,295.2995,207.2108,277.289,281.2476,351.3258
"DG(35:1) DG(15:0_20:1)",626.5719,591.5348,367.3207,299.2581,225.2213,293.2839,207.2108,275.2734,281.2476,349.3102
"DG(35:2) DG(15:0_20:2)",624.5562,589.5191,365.305,299.2581,225.2213,291.2682,207.2108,273.2577,281.2476,347.2945
"DG(35:3) DG(15:0_20:3)",622.5406,587.5035,363.2894,299.2581,225.2213,289.2526,207.2108,271.2421,281.2476,345.2789
"DG(35:4) DG(15:0_20:4)",620.5249,585.4878,361.2737,299.2581,225.2213,287.2369,207.2108,269.2264,281.2476,343.2632
"DG(35:5) DG(15:0_20:5)",618.5093,583.4722,359.2581,299.2581,225.2213,285.2213,207.2108,267.2108,281.2476,341.2476
"DG(36:0) DG(15:0_21:0)",642.6032,607.5661,383.352,299.2581,225.2213,309.3152,207.2108,291.3047,281.2476,365.3415
"DG(37:0) DG(15:0_22:0)",656.6188,621.5817,397.3676,299.2581,225.2213,323.3308,207.2108,305.3203,281.2476,379.3571
"DG(37:1) DG(15:0_22:1)",654.6032,619.5661,395.352,299.2581,225.2213,321.3152,207.2108,303.3047,281.2476,377.3415
"DG(37:2) DG(15:0_22:2)",652.5875,617.5504,393.3363,299.2581,225.2213,319.2995,207.2108,301.289,281.2476,375.3258
"DG(37:3) DG(15:0_22:3)",650.5719,615.5348,391.3207,299.2581,225.2213,317.2839,207.2108,299.2734,281.2476,373.3102
"DG(37:4) DG(15:0_22:4)",648.5562,613.5191,389.305,299.2581,225.2213,315.2682,207.2108,297.2577,281.2476,371.2945
"DG(37:5) DG(15:0_22:5)",646.5406,611.5035,387.2894,299.2581,225.2213,313.2526,207.2108,295.2421,281.2476,369.2789
"DG(37:6) DG(15:0_22:6)",644.5249,609.4878,385.2737,299.2581,225.2213,311.2369,207.2108,293.2264,281.2476,367.2632
"DG(38:0) DG(15:0_23:0)",670.6345,635.5974,411.3833,299.2581,225.2213,337.3465,207.2108,319.336,281.2476,393.3728
"DG(39:0) DG(15:0_24:0)",684.6501,649.613,425.3989,299.2581,225.2213,351.3621,207.2108,333.3516,281.2476,407.3884
"DG(39:1) DG(15:0_24:1)",682.6345,647.5974,423.3833,299.2581,225.2213,349.3465,207.2108,331.336,281.2476,405.3728
"DG(40:0) DG(15:0_25:0)",698.6658,663.6287,439.4146,299.2581,225.2213,365.3778,207.2108,347.3673,281.2476,421.4041
"DG(41:0) DG(15:0_26:0)",712.6814,677.6443,453.4302,299.2581,225.2213,379.3934,207.2108,361.3829,281.2476,435.4197
"DG(30:2) DG(15:1_15:1)",554.4779,519.4408,297.2424,297.2424,223.2056,223.2056,205.1951,205.1951,279.2319,279.2319
"DG(31:1) DG(15:1_16:0)",570.5092,535.4721,313.2737,297.2424,223.2056,239.2369,205.1951,221.2264,279.2319,295.2632
"DG(31:2) DG(15:1_16:1)",568.4936,533.4565,311.2581,297.2424,223.2056,237.2213,205.1951,219.2108,279.2319,293.2476
"DG(32:1) DG(15:1_17:0)",584.5249,549.4878,327.2894,297.2424,223.2056,253.2526,205.1951,235.2421,279.2319,309.2789
"DG(32:2) DG(15:1_17:1)",582.5092,547.4721,325.2737,297.2424,223.2056,251.2369,205.1951,233.2264,279.2319,307.2632
"DG(32:3) DG(15:1_17:2)",580.4936,545.4565,323.2581,297.2424,223.2056,249.2213,205.1951,231.2108,279.2319,305.2476
"DG(33:1) DG(15:1_18:0)",598.5405,563.5034,341.305,297.2424,223.2056,267.2682,205.1951,249.2577,279.2319,323.2945
"DG(33:2) DG(15:1_18:1)",596.5249,561.4878,339.2894,297.2424,223.2056,265.2526,205.1951,247.2421,279.2319,321.2789
"DG(33:3) DG(15:1_18:2)",594.5092,559.4721,337.2737,297.2424,223.2056,263.2369,205.1951,245.2264,279.2319,319.2632
"DG(33:4) DG(15:1_18:3)",592.4936,557.4565,335.2581,297.2424,223.2056,261.2213,205.1951,243.2108,279.2319,317.2476
"DG(33:5) DG(15:1_18:4)",590.4779,555.4408,333.2424,297.2424,223.2056,259.2056,205.1951,241.1951,279.2319,315.2319
"DG(34:1) DG(15:1_19:0)",612.5562,577.5191,355.3207,297.2424,223.2056,281.2839,205.1951,263.2734,279.2319,337.3102
"DG(35:1) DG(15:1_20:0)",626.5718,591.5347,369.3363,297.2424,223.2056,295.2995,205.1951,277.289,279.2319,351.3258
"DG(35:2) DG(15:1_20:1)",624.5562,589.5191,367.3207,297.2424,223.2056,293.2839,205.1951,275.2734,279.2319,349.3102
"DG(35:3) DG(15:1_20:2)",622.5405,587.5034,365.305,297.2424,223.2056,291.2682,205.1951,273.2577,279.2319,347.2945
"DG(35:4) DG(15:1_20:3)",620.5249,585.4878,363.2894,297.2424,223.2056,289.2526,205.1951,271.2421,279.2319,345.2789
"DG(35:5) DG(15:1_20:4)",618.5092,583.4721,361.2737,297.2424,223.2056,287.2369,205.1951,269.2264,279.2319,343.2632
"DG(35:6) DG(15:1_20:5)",616.4936,581.4565,359.2581,297.2424,223.2056,285.2213,205.1951,267.2108,279.2319,341.2476
"DG(36:1) DG(15:1_21:0)",640.5875,605.5504,383.352,297.2424,223.2056,309.3152,205.1951,291.3047,279.2319,365.3415
"DG(37:1) DG(15:1_22:0)",654.6031,619.566,397.3676,297.2424,223.2056,323.3308,205.1951,305.3203,279.2319,379.3571
"DG(37:2) DG(15:1_22:1)",652.5875,617.5504,395.352,297.2424,223.2056,321.3152,205.1951,303.3047,279.2319,377.3415
"DG(37:3) DG(15:1_22:2)",650.5718,615.5347,393.3363,297.2424,223.2056,319.2995,205.1951,301.289,279.2319,375.3258
"DG(37:4) DG(15:1_22:3)",648.5562,613.5191,391.3207,297.2424,223.2056,317.2839,205.1951,299.2734,279.2319,373.3102
"DG(37:5) DG(15:1_22:4)",646.5405,611.5034,389.305,297.2424,223.2056,315.2682,205.1951,297.2577,279.2319,371.2945
"DG(37:6) DG(15:1_22:5)",644.5249,609.4878,387.2894,297.2424,223.2056,313.2526,205.1951,295.2421,279.2319,369.2789
"DG(37:7) DG(15:1_22:6)",642.5092,607.4721,385.2737,297.2424,223.2056,311.2369,205.1951,293.2264,279.2319,367.2632
"DG(38:1) DG(15:1_23:0)",668.6188,633.5817,411.3833,297.2424,223.2056,337.3465,205.1951,319.336,279.2319,393.3728
"DG(39:1) DG(15:1_24:0)",682.6344,647.5973,425.3989,297.2424,223.2056,351.3621,205.1951,333.3516,279.2319,407.3884
"DG(39:2) DG(15:1_24:1)",680.6188,645.5817,423.3833,297.2424,223.2056,349.3465,205.1951,331.336,279.2319,405.3728
"DG(40:1) DG(15:1_25:0)",696.6501,661.613,439.4146,297.2424,223.2056,365.3778,205.1951,347.3673,279.2319,421.4041
"DG(41:1) DG(15:1_26:0)",710.6657,675.6286,453.4302,297.2424,223.2056,379.3934,205.1951,361.3829,279.2319,435.4197
"DG(32:0) DG(16:0_16:0)",586.5405,551.5034,313.2737,313.2737,239.2369,239.2369,221.2264,221.2264,295.2632,295.2632
"DG(32:1) DG(16:0_16:1)",584.5249,549.4878,311.2581,313.2737,239.2369,237.2213,221.2264,219.2108,295.2632,293.2476
"DG(33:0) DG(16:0_17:0)",600.5562,565.5191,327.2894,313.2737,239.2369,253.2526,221.2264,235.2421,295.2632,309.2789
"DG(33:1) DG(16:0_17:1)",598.5405,563.5034,325.2737,313.2737,239.2369,251.2369,221.2264,233.2264,295.2632,307.2632
"DG(33:2) DG(16:0_17:2)",596.5249,561.4878,323.2581,313.2737,239.2369,249.2213,221.2264,231.2108,295.2632,305.2476
"DG(34:0) DG(16:0_18:0)",614.5718,579.5347,341.305,313.2737,239.2369,267.2682,221.2264,249.2577,295.2632,323.2945
"DG(34:1) DG(16:0_18:1)",612.5562,577.5191,339.2894,313.2737,239.2369,265.2526,221.2264,247.2421,295.2632,321.2789
"DG(34:2) DG(16:0_18:2)",610.5405,575.5034,337.2737,313.2737,239.2369,263.2369,221.2264,245.2264,295.2632,319.2632
"DG(34:3) DG(16:0_18:3)",608.5249,573.4878,335.2581,313.2737,239.2369,261.2213,221.2264,243.2108,295.2632,317.2476
"DG(34:4) DG(16:0_18:4)",606.5092,571.4721,333.2424,313.2737,239.2369,259.2056,221.2264,241.1951,295.2632,315.2319
"DG(35:0) DG(16:0_19:0)",628.5875,593.5504,355.3207,313.2737,239.2369,281.2839,221.2264,263.2734,295.2632,337.3102
"DG(36:0) DG(16:0_20:0)",642.6031,607.566,369.3363,313.2737,239.2369,295.2995,221.2264,277.289,295.2632,351.3258
"DG(36:1) DG(16:0_20:1)",640.5875,605.5504,367.3207,313.2737,239.2369,293.2839,221.2264,275.2734,295.2632,349.3102
"DG(36:2) DG(16:0_20:2)",638.5718,603.5347,365.305,313.2737,239.2369,291.2682,221.2264,273.2577,295.2632,347.2945
"DG(36:3) DG(16:0_20:3)",636.5562,601.5191,363.2894,313.2737,239.2369,289.2526,221.2264,271.2421,295.2632,345.2789
"DG(36:4) DG(16:0_20:4)",634.5405,599.5034,361.2737,313.2737,239.2369,287.2369,221.2264,269.2264,295.2632,343.2632
"DG(36:5) DG(16:0_20:5)",632.5249,597.4878,359.2581,313.2737,239.2369,285.2213,221.2264,267.2108,295.2632,341.2476
"DG(37:0) DG(16:0_21:0)",656.6188,621.5817,383.352,313.2737,239.2369,309.3152,221.2264,291.3047,295.2632,365.3415
"DG(38:0) DG(16:0_22:0)",670.6344,635.5973,397.3676,313.2737,239.2369,323.3308,221.2264,305.3203,295.2632,379.3571
"DG(38:1) DG(16:0_22:1)",668.6188,633.5817,395.352,313.2737,239.2369,321.3152,221.2264,303.3047,295.2632,377.3415
"DG(38:2) DG(16:0_22:2)",666.6031,631.566,393.3363,313.2737,239.2369,319.2995,221.2264,301.289,295.2632,375.3258
"DG(38:3) DG(16:0_22:3)",664.5875,629.5504,391.3207,313.2737,239.2369,317.2839,221.2264,299.2734,295.2632,373.3102
"DG(38:4) DG(16:0_22:4)",662.5718,627.5347,389.305,313.2737,239.2369,315.2682,221.2264,297.2577,295.2632,371.2945
"DG(38:5) DG(16:0_22:5)",660.5562,625.5191,387.2894,313.2737,239.2369,313.2526,221.2264,295.2421,295.2632,369.2789
"DG(38:6) DG(16:0_22:6)",658.5405,623.5034,385.2737,313.2737,239.2369,311.2369,221.2264,293.2264,295.2632,367.2632
"DG(39:0) DG(16:0_23:0)",684.6501,649.613,411.3833,313.2737,239.2369,337.3465,221.2264,319.336,295.2632,393.3728
"DG(40:0) DG(16:0_24:0)",698.6657,663.6286,425.3989,313.2737,239.2369,351.3621,221.2264,333.3516,295.2632,407.3884
"DG(40:1) DG(16:0_24:1)",696.6501,661.613,423.3833,313.2737,239.2369,349.3465,221.2264,331.336,295.2632,405.3728
"DG(41:0) DG(16:0_25:0)",712.6814,677.6443,439.4146,313.2737,239.2369,365.3778,221.2264,347.3673,295.2632,421.4041
"DG(42:0) DG(16:0_26:0)",726.697,691.6599,453.4302,313.2737,239.2369,379.3934,221.2264,361.3829,295.2632,435.4197
"DG(32:2) DG(16:1_16:1)",582.5093,547.4722,311.2581,311.2581,237.2213,237.2213,219.2108,219.2108,293.2476,293.2476
"DG(33:1) DG(16:1_17:0)",598.5406,563.5035,327.2894,311.2581,237.2213,253.2526,219.2108,235.2421,293.2476,309.2789
"DG(33:2) DG(16:1_17:1)",596.5249,561.4878,325.2737,311.2581,237.2213,251.2369,219.2108,233.2264,293.2476,307.2632
"DG(33:3) DG(16:1_17:2)",594.5093,559.4722,323.2581,311.2581,237.2213,249.2213,219.2108,231.2108,293.2476,305.2476
"DG(34:1) DG(16:1_18:0)",612.5562,577.5191,341.305,311.2581,237.2213,267.2682,219.2108,249.2577,293.2476,323.2945
"DG(34:2) DG(16:1_18:1)",610.5406,575.5035,339.2894,311.2581,237.2213,265.2526,219.2108,247.2421,293.2476,321.2789
"DG(34:3) DG(16:1_18:2)",608.5249,573.4878,337.2737,311.2581,237.2213,263.2369,219.2108,245.2264,293.2476,319.2632
"DG(34:4) DG(16:1_18:3)",606.5093,571.4722,335.2581,311.2581,237.2213,261.2213,219.2108,243.2108,293.2476,317.2476
"DG(34:5) DG(16:1_18:4)",604.4936,569.4565,333.2424,311.2581,237.2213,259.2056,219.2108,241.1951,293.2476,315.2319
"DG(35:1) DG(16:1_19:0)",626.5719,591.5348,355.3207,311.2581,237.2213,281.2839,219.2108,263.2734,293.2476,337.3102
"DG(36:1) DG(16:1_20:0)",640.5875,605.5504,369.3363,311.2581,237.2213,295.2995,219.2108,277.289,293.2476,351.3258
"DG(36:2) DG(16:1_20:1)",638.5719,603.5348,367.3207,311.2581,237.2213,293.2839,219.2108,275.2734,293.2476,349.3102
"DG(36:3) DG(16:1_20:2)",636.5562,601.5191,365.305,311.2581,237.2213,291.2682,219.2108,273.2577,293.2476,347.2945
"DG(36:4) DG(16:1_20:3)",634.5406,599.5035,363.2894,311.2581,237.2213,289.2526,219.2108,271.2421,293.2476,345.2789
"DG(36:5) DG(16:1_20:4)",632.5249,597.4878,361.2737,311.2581,237.2213,287.2369,219.2108,269.2264,293.2476,343.2632
"DG(36:6) DG(16:1_20:5)",630.5093,595.4722,359.2581,311.2581,237.2213,285.2213,219.2108,267.2108,293.2476,341.2476
"DG(37:1) DG(16:1_21:0)",654.6032,619.5661,383.352,311.2581,237.2213,309.3152,219.2108,291.3047,293.2476,365.3415
"DG(38:1) DG(16:1_22:0)",668.6188,633.5817,397.3676,311.2581,237.2213,323.3308,219.2108,305.3203,293.2476,379.3571
"DG(38:2) DG(16:1_22:1)",666.6032,631.5661,395.352,311.2581,237.2213,321.3152,219.2108,303.3047,293.2476,377.3415
"DG(38:3) DG(16:1_22:2)",664.5875,629.5504,393.3363,311.2581,237.2213,319.2995,219.2108,301.289,293.2476,375.3258
"DG(38:4) DG(16:1_22:3)",662.5719,627.5348,391.3207,311.2581,237.2213,317.2839,219.2108,299.2734,293.2476,373.3102
"DG(38:5) DG(16:1_22:4)",660.5562,625.5191,389.305,311.2581,237.2213,315.2682,219.2108,297.2577,293.2476,371.2945
"DG(38:6) DG(16:1_22:5)",658.5406,623.5035,387.2894,311.2581,237.2213,313.2526,219.2108,295.2421,293.2476,369.2789
"DG(38:7) DG(16:1_22:6)",656.5249,621.4878,385.2737,311.2581,237.2213,311.2369,219.2108,293.2264,293.2476,367.2632
"DG(39:1) DG(16:1_23:0)",682.6345,647.5974,411.3833,311.2581,237.2213,337.3465,219.2108,319.336,293.2476,393.3728
"DG(40:1) DG(16:1_24:0)",696.6501,661.613,425.3989,311.2581,237.2213,351.3621,219.2108,333.3516,293.2476,407.3884
"DG(40:2) DG(16:1_24:1)",694.6345,659.5974,423.3833,311.2581,237.2213,349.3465,219.2108,331.336,293.2476,405.3728
"DG(41:1) DG(16:1_25:0)",710.6658,675.6287,439.4146,311.2581,237.2213,365.3778,219.2108,347.3673,293.2476,421.4041
"DG(42:1) DG(16:1_26:0)",724.6814,689.6443,453.4302,311.2581,237.2213,379.3934,219.2108,361.3829,293.2476,435.4197
"DG(34:0) DG(17:0_17:0)",614.5719,579.5348,327.2894,327.2894,253.2526,253.2526,235.2421,235.2421,309.2789,309.2789
"DG(34:1) DG(17:0_17:1)",612.5562,577.5191,325.2737,327.2894,253.2526,251.2369,235.2421,233.2264,309.2789,307.2632
"DG(34:2) DG(17:0_17:2)",610.5406,575.5035,323.2581,327.2894,253.2526,249.2213,235.2421,231.2108,309.2789,305.2476
"DG(35:0) DG(17:0_18:0)",628.5875,593.5504,341.305,327.2894,253.2526,267.2682,235.2421,249.2577,309.2789,323.2945
"DG(35:1) DG(17:0_18:1)",626.5719,591.5348,339.2894,327.2894,253.2526,265.2526,235.2421,247.2421,309.2789,321.2789
"DG(35:2) DG(17:0_18:2)",624.5562,589.5191,337.2737,327.2894,253.2526,263.2369,235.2421,245.2264,309.2789,319.2632
"DG(35:3) DG(17:0_18:3)",622.5406,587.5035,335.2581,327.2894,253.2526,261.2213,235.2421,243.2108,309.2789,317.2476
"DG(35:4) DG(17:0_18:4)",620.5249,585.4878,333.2424,327.2894,253.2526,259.2056,235.2421,241.1951,309.2789,315.2319
"DG(36:0) DG(17:0_19:0)",642.6032,607.5661,355.3207,327.2894,253.2526,281.2839,235.2421,263.2734,309.2789,337.3102
"DG(37:0) DG(17:0_20:0)",656.6188,621.5817,369.3363,327.2894,253.2526,295.2995,235.2421,277.289,309.2789,351.3258
"DG(37:1) DG(17:0_20:1)",654.6032,619.5661,367.3207,327.2894,253.2526,293.2839,235.2421,275.2734,309.2789,349.3102
"DG(37:2) DG(17:0_20:2)",652.5875,617.5504,365.305,327.2894,253.2526,291.2682,235.2421,273.2577,309.2789,347.2945
"DG(37:3) DG(17:0_20:3)",650.5719,615.5348,363.2894,327.2894,253.2526,289.2526,235.2421,271.2421,309.2789,345.2789
"DG(37:4) DG(17:0_20:4)",648.5562,613.5191,361.2737,327.2894,253.2526,287.2369,235.2421,269.2264,309.2789,343.2632
"DG(37:5) DG(17:0_20:5)",646.5406,611.5035,359.2581,327.2894,253.2526,285.2213,235.2421,267.2108,309.2789,341.2476
"DG(38:0) DG(17:0_21:0)",670.6345,635.5974,383.352,327.2894,253.2526,309.3152,235.2421,291.3047,309.2789,365.3415
"DG(39:0) DG(17:0_22:0)",684.6501,649.613,397.3676,327.2894,253.2526,323.3308,235.2421,305.3203,309.2789,379.3571
"DG(39:1) DG(17:0_22:1)",682.6345,647.5974,395.352,327.2894,253.2526,321.3152,235.2421,303.3047,309.2789,377.3415
"DG(39:2) DG(17:0_22:2)",680.6188,645.5817,393.3363,327.2894,253.2526,319.2995,235.2421,301.289,309.2789,375.3258
"DG(39:3) DG(17:0_22:3)",678.6032,643.5661,391.3207,327.2894,253.2526,317.2839,235.2421,299.2734,309.2789,373.3102
"DG(39:4) DG(17:0_22:4)",676.5875,641.5504,389.305,327.2894,253.2526,315.2682,235.2421,297.2577,309.2789,371.2945
"DG(39:5) DG(17:0_22:5)",674.5719,639.5348,387.2894,327.2894,253.2526,313.2526,235.2421,295.2421,309.2789,369.2789
"DG(39:6) DG(17:0_22:6)",672.5562,637.5191,385.2737,327.2894,253.2526,311.2369,235.2421,293.2264,309.2789,367.2632
"DG(40:0) DG(17:0_23:0)",698.6658,663.6287,411.3833,327.2894,253.2526,337.3465,235.2421,319.336,309.2789,393.3728
"DG(41:0) DG(17:0_24:0)",712.6814,677.6443,425.3989,327.2894,253.2526,351.3621,235.2421,333.3516,309.2789,407.3884
"DG(41:1) DG(17:0_24:1)",710.6658,675.6287,423.3833,327.2894,253.2526,349.3465,235.2421,331.336,309.2789,405.3728
"DG(42:0) DG(17:0_25:0)",726.6971,691.66,439.4146,327.2894,253.2526,365.3778,235.2421,347.3673,309.2789,421.4041
"DG(43:0) DG(17:0_26:0)",740.7127,705.6756,453.4302,327.2894,253.2526,379.3934,235.2421,361.3829,309.2789,435.4197
"DG(34:2) DG(17:1_17:1)",610.5405,575.5034,325.2737,325.2737,251.2369,251.2369,233.2264,233.2264,307.2632,307.2632
"DG(34:3) DG(17:1_17:2)",608.5249,573.4878,323.2581,325.2737,251.2369,249.2213,233.2264,231.2108,307.2632,305.2476
"DG(35:1) DG(17:1_18:0)",626.5718,591.5347,341.305,325.2737,251.2369,267.2682,233.2264,249.2577,307.2632,323.2945
"DG(35:2) DG(17:1_18:1)",624.5562,589.5191,339.2894,325.2737,251.2369,265.2526,233.2264,247.2421,307.2632,321.2789
"DG(35:3) DG(17:1_18:2)",622.5405,587.5034,337.2737,325.2737,251.2369,263.2369,233.2264,245.2264,307.2632,319.2632
"DG(35:4) DG(17:1_18:3)",620.5249,585.4878,335.2581,325.2737,251.2369,261.2213,233.2264,243.2108,307.2632,317.2476
"DG(35:5) DG(17:1_18:4)",618.5092,583.4721,333.2424,325.2737,251.2369,259.2056,233.2264,241.1951,307.2632,315.2319
"DG(36:1) DG(17:1_19:0)",640.5875,605.5504,355.3207,325.2737,251.2369,281.2839,233.2264,263.2734,307.2632,337.3102
"DG(37:1) DG(17:1_20:0)",654.6031,619.566,369.3363,325.2737,251.2369,295.2995,233.2264,277.289,307.2632,351.3258
"DG(37:2) DG(17:1_20:1)",652.5875,617.5504,367.3207,325.2737,251.2369,293.2839,233.2264,275.2734,307.2632,349.3102
"DG(37:3) DG(17:1_20:2)",650.5718,615.5347,365.305,325.2737,251.2369,291.2682,233.2264,273.2577,307.2632,347.2945
"DG(37:4) DG(17:1_20:3)",648.5562,613.5191,363.2894,325.2737,251.2369,289.2526,233.2264,271.2421,307.2632,345.2789
"DG(37:5) DG(17:1_20:4)",646.5405,611.5034,361.2737,325.2737,251.2369,287.2369,233.2264,269.2264,307.2632,343.2632
"DG(37:6) DG(17:1_20:5)",644.5249,609.4878,359.2581,325.2737,251.2369,285.2213,233.2264,267.2108,307.2632,341.2476
"DG(38:1) DG(17:1_21:0)",668.6188,633.5817,383.352,325.2737,251.2369,309.3152,233.2264,291.3047,307.2632,365.3415
"DG(39:1) DG(17:1_22:0)",682.6344,647.5973,397.3676,325.2737,251.2369,323.3308,233.2264,305.3203,307.2632,379.3571
"DG(39:2) DG(17:1_22:1)",680.6188,645.5817,395.352,325.2737,251.2369,321.3152,233.2264,303.3047,307.2632,377.3415
"DG(39:3) DG(17:1_22:2)",678.6031,643.566,393.3363,325.2737,251.2369,319.2995,233.2264,301.289,307.2632,375.3258
"DG(39:4) DG(17:1_22:3)",676.5875,641.5504,391.3207,325.2737,251.2369,317.2839,233.2264,299.2734,307.2632,373.3102
"DG(39:5) DG(17:1_22:4)",674.5718,639.5347,389.305,325.2737,251.2369,315.2682,233.2264,297.2577,307.2632,371.2945
"DG(39:6) DG(17:1_22:5)",672.5562,637.5191,387.2894,325.2737,251.2369,313.2526,233.2264,295.2421,307.2632,369.2789
"DG(39:7) DG(17:1_22:6)",670.5405,635.5034,385.2737,325.2737,251.2369,311.2369,233.2264,293.2264,307.2632,367.2632
"DG(40:1) DG(17:1_23:0)",696.6501,661.613,411.3833,325.2737,251.2369,337.3465,233.2264,319.336,307.2632,393.3728
"DG(41:1) DG(17:1_24:0)",710.6657,675.6286,425.3989,325.2737,251.2369,351.3621,233.2264,333.3516,307.2632,407.3884
"DG(41:2) DG(17:1_24:1)",708.6501,673.613,423.3833,325.2737,251.2369,349.3465,233.2264,331.336,307.2632,405.3728
"DG(42:1) DG(17:1_25:0)",724.6814,689.6443,439.4146,325.2737,251.2369,365.3778,233.2264,347.3673,307.2632,421.4041
"DG(43:1) DG(17:1_26:0)",738.697,703.6599,453.4302,325.2737,251.2369,379.3934,233.2264,361.3829,307.2632,435.4197
"DG(34:4) DG(17:2_17:2)",606.5093,571.4722,323.2581,323.2581,249.2213,249.2213,231.2108,231.2108,305.2476,305.2476
"DG(35:2) DG(17:2_18:0)",624.5562,589.5191,341.305,323.2581,249.2213,267.2682,231.2108,249.2577,305.2476,323.2945
"DG(35:3) DG(17:2_18:1)",622.5406,587.5035,339.2894,323.2581,249.2213,265.2526,231.2108,247.2421,305.2476,321.2789
"DG(35:4) DG(17:2_18:2)",620.5249,585.4878,337.2737,323.2581,249.2213,263.2369,231.2108,245.2264,305.2476,319.2632
"DG(35:5) DG(17:2_18:3)",618.5093,583.4722,335.2581,323.2581,249.2213,261.2213,231.2108,243.2108,305.2476,317.2476
"DG(35:6) DG(17:2_18:4)",616.4936,581.4565,333.2424,323.2581,249.2213,259.2056,231.2108,241.1951,305.2476,315.2319
"DG(36:2) DG(17:2_19:0)",638.5719,603.5348,355.3207,323.2581,249.2213,281.2839,231.2108,263.2734,305.2476,337.3102
"DG(37:2) DG(17:2_20:0)",652.5875,617.5504,369.3363,323.2581,249.2213,295.2995,231.2108,277.289,305.2476,351.3258
"DG(37:3) DG(17:2_20:1)",650.5719,615.5348,367.3207,323.2581,249.2213,293.2839,231.2108,275.2734,305.2476,349.3102
"DG(37:4) DG(17:2_20:2)",648.5562,613.5191,365.305,323.2581,249.2213,291.2682,231.2108,273.2577,305.2476,347.2945
"DG(37:5) DG(17:2_20:3)",646.5406,611.5035,363.2894,323.2581,249.2213,289.2526,231.2108,271.2421,305.2476,345.2789
"DG(37:6) DG(17:2_20:4)",644.5249,609.4878,361.2737,323.2581,249.2213,287.2369,231.2108,269.2264,305.2476,343.2632
"DG(37:7) DG(17:2_20:5)",642.5093,607.4722,359.2581,323.2581,249.2213,285.2213,231.2108,267.2108,305.2476,341.2476
"DG(38:2) DG(17:2_21:0)",666.6032,631.5661,383.352,323.2581,249.2213,309.3152,231.2108,291.3047,305.2476,365.3415
"DG(39:2) DG(17:2_22:0)",680.6188,645.5817,397.3676,323.2581,249.2213,323.3308,231.2108,305.3203,305.2476,379.3571
"DG(39:3) DG(17:2_22:1)",678.6032,643.5661,395.352,323.2581,249.2213,321.3152,231.2108,303.3047,305.2476,377.3415
"DG(39:4) DG(17:2_22:2)",676.5875,641.5504,393.3363,323.2581,249.2213,319.2995,231.2108,301.289,305.2476,375.3258
"DG(39:5) DG(17:2_22:3)",674.5719,639.5348,391.3207,323.2581,249.2213,317.2839,231.2108,299.2734,305.2476,373.3102
"DG(39:6) DG(17:2_22:4)",672.5562,637.5191,389.305,323.2581,249.2213,315.2682,231.2108,297.2577,305.2476,371.2945
"DG(39:7) DG(17:2_22:5)",670.5406,635.5035,387.2894,323.2581,249.2213,313.2526,231.2108,295.2421,305.2476,369.2789
"DG(39:8) DG(17:2_22:6)",668.5249,633.4878,385.2737,323.2581,249.2213,311.2369,231.2108,293.2264,305.2476,367.2632
"DG(40:2) DG(17:2_23:0)",694.6345,659.5974,411.3833,323.2581,249.2213,337.3465,231.2108,319.336,305.2476,393.3728
"DG(41:2) DG(17:2_24:0)",708.6501,673.613,425.3989,323.2581,249.2213,351.3621,231.2108,333.3516,305.2476,407.3884
"DG(41:3) DG(17:2_24:1)",706.6345,671.5974,423.3833,323.2581,249.2213,349.3465,231.2108,331.336,305.2476,405.3728
"DG(42:2) DG(17:2_25:0)",722.6658,687.6287,439.4146,323.2581,249.2213,365.3778,231.2108,347.3673,305.2476,421.4041
"DG(43:2) DG(17:2_26:0)",736.6814,701.6443,453.4302,323.2581,249.2213,379.3934,231.2108,361.3829,305.2476,435.4197
"DG(36:0) DG(18:0_18:0)",642.6031,607.566,341.305,341.305,267.2682,267.2682,249.2577,249.2577,323.2945,323.2945
"DG(36:1) DG(18:0_18:1)",640.5875,605.5504,339.2894,341.305,267.2682,265.2526,249.2577,247.2421,323.2945,321.2789
"DG(36:2) DG(18:0_18:2)",638.5718,603.5347,337.2737,341.305,267.2682,263.2369,249.2577,245.2264,323.2945,319.2632
"DG(36:3) DG(18:0_18:3)",636.5562,601.5191,335.2581,341.305,267.2682,261.2213,249.2577,243.2108,323.2945,317.2476
"DG(36:4) DG(18:0_18:4)",634.5405,599.5034,333.2424,341.305,267.2682,259.2056,249.2577,241.1951,323.2945,315.2319
"DG(37:0) DG(18:0_19:0)",656.6188,621.5817,355.3207,341.305,267.2682,281.2839,249.2577,263.2734,323.2945,337.3102
"DG(38:0) DG(18:0_20:0)",670.6344,635.5973,369.3363,341.305,267.2682,295.2995,249.2577,277.289,323.2945,351.3258
"DG(38:1) DG(18:0_20:1)",668.6188,633.5817,367.3207,341.305,267.2682,293.2839,249.2577,275.2734,323.2945,349.3102
"DG(38:2) DG(18:0_20:2)",666.6031,631.566,365.305,341.305,267.2682,291.2682,249.2577,273.2577,323.2945,347.2945
"DG(38:3) DG(18:0_20:3)",664.5875,629.5504,363.2894,341.305,267.2682,289.2526,249.2577,271.2421,323.2945,345.2789
"DG(38:4) DG(18:0_20:4)",662.5718,627.5347,361.2737,341.305,267.2682,287.2369,249.2577,269.2264,323.2945,343.2632
"DG(38:5) DG(18:0_20:5)",660.5562,625.5191,359.2581,341.305,267.2682,285.2213,249.2577,267.2108,323.2945,341.2476
"DG(39:0) DG(18:0_21:0)",684.6501,649.613,383.352,341.305,267.2682,309.3152,249.2577,291.3047,323.2945,365.3415
"DG(40:0) DG(18:0_22:0)",698.6657,663.6286,397.3676,341.305,267.2682,323.3308,249.2577,305.3203,323.2945,379.3571
"DG(40:1) DG(18:0_22:1)",696.6501,661.613,395.352,341.305,267.2682,321.3152,249.2577,303.3047,323.2945,377.3415
"DG(40:2) DG(18:0_22:2)",694.6344,659.5973,393.3363,341.305,267.2682,319.2995,249.2577,301.289,323.2945,375.3258
"DG(40:3) DG(18:0_22:3)",692.6188,657.5817,391.3207,341.305,267.2682,317.2839,249.2577,299.2734,323.2945,373.3102
"DG(40:4) DG(18:0_22:4)",690.6031,655.566,389.305,341.305,267.2682,315.2682,249.2577,297.2577,323.2945,371.2945
"DG(40:5) DG(18:0_22:5)",688.5875,653.5504,387.2894,341.305,267.2682,313.2526,249.2577,295.2421,323.2945,369.2789
"DG(40:6) DG(18:0_22:6)",686.5718,651.5347,385.2737,341.305,267.2682,311.2369,249.2577,293.2264,323.2945,367.2632
"DG(41:0) DG(18:0_23:0)",712.6814,677.6443,411.3833,341.305,267.2682,337.3465,249.2577,319.336,323.2945,393.3728
"DG(42:0) DG(18:0_24:0)",726.697,691.6599,425.3989,341.305,267.2682,351.3621,249.2577,333.3516,323.2945,407.3884
"DG(42:1) DG(18:0_24:1)",724.6814,689.6443,423.3833,341.305,267.2682,349.3465,249.2577,331.336,323.2945,405.3728
"DG(43:0) DG(18:0_25:0)",740.7127,705.6756,439.4146,341.305,267.2682,365.3778,249.2577,347.3673,323.2945,421.4041
"DG(44:0) DG(18:0_26:0)",754.7283,719.6912,453.4302,341.305,267.2682,379.3934,249.2577,361.3829,323.2945,435.4197
"DG(36:2) DG(18:1_18:1)",638.5719,603.5348,339.2894,339.2894,265.2526,265.2526,247.2421,247.2421,321.2789,321.2789
"DG(36:3) DG(18:1_18:2)",636.5562,601.5191,337.2737,339.2894,265.2526,263.2369,247.2421,245.2264,321.2789,319.2632
"DG(36:4) DG(18:1_18:3)",634.5406,599.5035,335.2581,339.2894,265.2526,261.2213,247.2421,243.2108,321.2789,317.2476
"DG(36:5) DG(18:1_18:4)",632.5249,597.4878,333.2424,339.2894,265.2526,259.2056,247.2421,241.1951,321.2789,315.2319
"DG(37:1) DG(18:1_19:0)",654.6032,619.5661,355.3207,339.2894,265.2526,281.2839,247.2421,263.2734,321.2789,337.3102
"DG(38:1) DG(18:1_20:0)",668.6188,633.5817,369.3363,339.2894,265.2526,295.2995,247.2421,277.289,321.2789,351.3258
"DG(38:2) DG(18:1_20:1)",666.6032,631.5661,367.3207,339.2894,265.2526,293.2839,247.2421,275.2734,321.2789,349.3102
"DG(38:3) DG(18:1_20:2)",664.5875,629.5504,365.305,339.2894,265.2526,291.2682,247.2421,273.2577,321.2789,347.2945
"DG(38:4) DG(18:1_20:3)",662.5719,627.5348,363.2894,339.2894,265.2526,289.2526,247.2421,271.2421,321.2789,345.2789
"DG(38:5) DG(18:1_20:4)",660.5562,625.5191,361.2737,339.2894,265.2526,287.2369,247.2421,269.2264,321.2789,343.2632
"DG(38:6) DG(18:1_20:5)",658.5406,623.5035,359.2581,339.2894,265.2526,285.2213,247.2421,267.2108,321.2789,341.2476
"DG(39:1) DG(18:1_21:0)",682.6345,647.5974,383.352,339.2894,265.2526,309.3152,247.2421,291.3047,321.2789,365.3415
"DG(40:1) DG(18:1_22:0)",696.6501,661.613,397.3676,339.2894,265.2526,323.3308,247.2421,305.3203,321.2789,379.3571
"DG(40:2) DG(18:1_22:1)",694.6345,659.5974,395.352,339.2894,265.2526,321.3152,247.2421,303.3047,321.2789,377.3415
"DG(40:3) DG(18:1_22:2)",692.6188,657.5817,393.3363,339.2894,265.2526,319.2995,247.2421,301.289,321.2789,375.3258
"DG(40:4) DG(18:1_22:3)",690.6032,655.5661,391.3207,339.2894,265.2526,317.2839,247.2421,299.2734,321.2789,373.3102
"DG(40:5) DG(18:1_22:4)",688.5875,653.5504,389.305,339.2894,265.2526,315.2682,247.2421,297.2577,321.2789,371.2945
"DG(40:6) DG(18:1_22:5)",686.5719,651.5348,387.2894,339.2894,265.2526,313.2526,247.2421,295.2421,321.2789,369.2789
"DG(40:7) DG(18:1_22:6)",684.5562,649.5191,385.2737,339.2894,265.2526,311.2369,247.2421,293.2264,321.2789,367.2632
"DG(41:1) DG(18:1_23:0)",710.6658,675.6287,411.3833,339.2894,265.2526,337.3465,247.2421,319.336,321.2789,393.3728
"DG(42:1) DG(18:1_24:0)",724.6814,689.6443,425.3989,339.2894,265.2526,351.3621,247.2421,333.3516,321.2789,407.3884
"DG(42:2) DG(18:1_24:1)",722.6658,687.6287,423.3833,339.2894,265.2526,349.3465,247.2421,331.336,321.2789,405.3728
"DG(43:1) DG(18:1_25:0)",738.6971,703.66,439.4146,339.2894,265.2526,365.3778,247.2421,347.3673,321.2789,421.4041
"DG(44:1) DG(18:1_26:0)",752.7127,717.6756,453.4302,339.2894,265.2526,379.3934,247.2421,361.3829,321.2789,435.4197
"DG(36:4) DG(18:2_18:2)",634.5405,599.5034,337.2737,337.2737,263.2369,263.2369,245.2264,245.2264,319.2632,319.2632
"DG(36:5) DG(18:2_18:3)",632.5249,597.4878,335.2581,337.2737,263.2369,261.2213,245.2264,243.2108,319.2632,317.2476
"DG(36:6) DG(18:2_18:4)",630.5092,595.4721,333.2424,337.2737,263.2369,259.2056,245.2264,241.1951,319.2632,315.2319
"DG(37:2) DG(18:2_19:0)",652.5875,617.5504,355.3207,337.2737,263.2369,281.2839,245.2264,263.2734,319.2632,337.3102
"DG(38:2) DG(18:2_20:0)",666.6031,631.566,369.3363,337.2737,263.2369,295.2995,245.2264,277.289,319.2632,351.3258
"DG(38:3) DG(18:2_20:1)",664.5875,629.5504,367.3207,337.2737,263.2369,293.2839,245.2264,275.2734,319.2632,349.3102
"DG(38:4) DG(18:2_20:2)",662.5718,627.5347,365.305,337.2737,263.2369,291.2682,245.2264,273.2577,319.2632,347.2945
"DG(38:5) DG(18:2_20:3)",660.5562,625.5191,363.2894,337.2737,263.2369,289.2526,245.2264,271.2421,319.2632,345.2789
"DG(38:6) DG(18:2_20:4)",658.5405,623.5034,361.2737,337.2737,263.2369,287.2369,245.2264,269.2264,319.2632,343.2632
"DG(38:7) DG(18:2_20:5)",656.5249,621.4878,359.2581,337.2737,263.2369,285.2213,245.2264,267.2108,319.2632,341.2476
"DG(39:2) DG(18:2_21:0)",680.6188,645.5817,383.352,337.2737,263.2369,309.3152,245.2264,291.3047,319.2632,365.3415
"DG(40:2) DG(18:2_22:0)",694.6344,659.5973,397.3676,337.2737,263.2369,323.3308,245.2264,305.3203,319.2632,379.3571
"DG(40:3) DG(18:2_22:1)",692.6188,657.5817,395.352,337.2737,263.2369,321.3152,245.2264,303.3047,319.2632,377.3415
"DG(40:4) DG(18:2_22:2)",690.6031,655.566,393.3363,337.2737,263.2369,319.2995,245.2264,301.289,319.2632,375.3258
"DG(40:5) DG(18:2_22:3)",688.5875,653.5504,391.3207,337.2737,263.2369,317.2839,245.2264,299.2734,319.2632,373.3102
"DG(40:6) DG(18:2_22:4)",686.5718,651.5347,389.305,337.2737,263.2369,315.2682,245.2264,297.2577,319.2632,371.2945
"DG(40:7) DG(18:2_22:5)",684.5562,649.5191,387.2894,337.2737,263.2369,313.2526,245.2264,295.2421,319.2632,369.2789
"DG(40:8) DG(18:2_22:6)",682.5405,647.5034,385.2737,337.2737,263.2369,311.2369,245.2264,293.2264,319.2632,367.2632
"DG(41:2) DG(18:2_23:0)",708.6501,673.613,411.3833,337.2737,263.2369,337.3465,245.2264,319.336,319.2632,393.3728
"DG(42:2) DG(18:2_24:0)",722.6657,687.6286,425.3989,337.2737,263.2369,351.3621,245.2264,333.3516,319.2632,407.3884
"DG(42:3) DG(18:2_24:1)",720.6501,685.613,423.3833,337.2737,263.2369,349.3465,245.2264,331.336,319.2632,405.3728
"DG(43:2) DG(18:2_25:0)",736.6814,701.6443,439.4146,337.2737,263.2369,365.3778,245.2264,347.3673,319.2632,421.4041
"DG(44:2) DG(18:2_26:0)",750.697,715.6599,453.4302,337.2737,263.2369,379.3934,245.2264,361.3829,319.2632,435.4197
"DG(36:6) DG(18:3_18:3)",630.5093,595.4722,335.2581,335.2581,261.2213,261.2213,243.2108,243.2108,317.2476,317.2476
"DG(36:7) DG(18:3_18:4)",628.4936,593.4565,333.2424,335.2581,261.2213,259.2056,243.2108,241.1951,317.2476,315.2319
"DG(37:3) DG(18:3_19:0)",650.5719,615.5348,355.3207,335.2581,261.2213,281.2839,243.2108,263.2734,317.2476,337.3102
"DG(38:3) DG(18:3_20:0)",664.5875,629.5504,369.3363,335.2581,261.2213,295.2995,243.2108,277.289,317.2476,351.3258
"DG(38:4) DG(18:3_20:1)",662.5719,627.5348,367.3207,335.2581,261.2213,293.2839,243.2108,275.2734,317.2476,349.3102
"DG(38:5) DG(18:3_20:2)",660.5562,625.5191,365.305,335.2581,261.2213,291.2682,243.2108,273.2577,317.2476,347.2945
"DG(38:6) DG(18:3_20:3)",658.5406,623.5035,363.2894,335.2581,261.2213,289.2526,243.2108,271.2421,317.2476,345.2789
"DG(38:7) DG(18:3_20:4)",656.5249,621.4878,361.2737,335.2581,261.2213,287.2369,243.2108,269.2264,317.2476,343.2632
"DG(38:8) DG(18:3_20:5)",654.5093,619.4722,359.2581,335.2581,261.2213,285.2213,243.2108,267.2108,317.2476,341.2476
"DG(39:3) DG(18:3_21:0)",678.6032,643.5661,383.352,335.2581,261.2213,309.3152,243.2108,291.3047,317.2476,365.3415
"DG(40:3) DG(18:3_22:0)",692.6188,657.5817,397.3676,335.2581,261.2213,323.3308,243.2108,305.3203,317.2476,379.3571
"DG(40:4) DG(18:3_22:1)",690.6032,655.5661,395.352,335.2581,261.2213,321.3152,243.2108,303.3047,317.2476,377.3415
"DG(40:5) DG(18:3_22:2)",688.5875,653.5504,393.3363,335.2581,261.2213,319.2995,243.2108,301.289,317.2476,375.3258
"DG(40:6) DG(18:3_22:3)",686.5719,651.5348,391.3207,335.2581,261.2213,317.2839,243.2108,299.2734,317.2476,373.3102
"DG(40:7) DG(18:3_22:4)",684.5562,649.5191,389.305,335.2581,261.2213,315.2682,243.2108,297.2577,317.2476,371.2945
"DG(40:8) DG(18:3_22:5)",682.5406,647.5035,387.2894,335.2581,261.2213,313.2526,243.2108,295.2421,317.2476,369.2789
"DG(40:9) DG(18:3_22:6)",680.5249,645.4878,385.2737,335.2581,261.2213,311.2369,243.2108,293.2264,317.2476,367.2632
"DG(41:3) DG(18:3_23:0)",706.6345,671.5974,411.3833,335.2581,261.2213,337.3465,243.2108,319.336,317.2476,393.3728
"DG(42:3) DG(18:3_24:0)",720.6501,685.613,425.3989,335.2581,261.2213,351.3621,243.2108,333.3516,317.2476,407.3884
"DG(42:4) DG(18:3_24:1)",718.6345,683.5974,423.3833,335.2581,261.2213,349.3465,243.2108,331.336,317.2476,405.3728
"DG(43:3) DG(18:3_25:0)",734.6658,699.6287,439.4146,335.2581,261.2213,365.3778,243.2108,347.3673,317.2476,421.4041
"DG(44:3) DG(18:3_26:0)",748.6814,713.6443,453.4302,335.2581,261.2213,379.3934,243.2108,361.3829,317.2476,435.4197
"DG(36:8) DG(18:4_18:4)",626.4779,591.4408,333.2424,333.2424,259.2056,259.2056,241.1951,241.1951,315.2319,315.2319
"DG(37:4) DG(18:4_19:0)",648.5562,613.5191,355.3207,333.2424,259.2056,281.2839,241.1951,263.2734,315.2319,337.3102
"DG(38:4) DG(18:4_20:0)",662.5718,627.5347,369.3363,333.2424,259.2056,295.2995,241.1951,277.289,315.2319,351.3258
"DG(38:5) DG(18:4_20:1)",660.5562,625.5191,367.3207,333.2424,259.2056,293.2839,241.1951,275.2734,315.2319,349.3102
"DG(38:6) DG(18:4_20:2)",658.5405,623.5034,365.305,333.2424,259.2056,291.2682,241.1951,273.2577,315.2319,347.2945
"DG(38:7) DG(18:4_20:3)",656.5249,621.4878,363.2894,333.2424,259.2056,289.2526,241.1951,271.2421,315.2319,345.2789
"DG(38:8) DG(18:4_20:4)",654.5092,619.4721,361.2737,333.2424,259.2056,287.2369,241.1951,269.2264,315.2319,343.2632
"DG(38:9) DG(18:4_20:5)",652.4936,617.4565,359.2581,333.2424,259.2056,285.2213,241.1951,267.2108,315.2319,341.2476
"DG(39:4) DG(18:4_21:0)",676.5875,641.5504,383.352,333.2424,259.2056,309.3152,241.1951,291.3047,315.2319,365.3415
"DG(40:4) DG(18:4_22:0)",690.6031,655.566,397.3676,333.2424,259.2056,323.3308,241.1951,305.3203,315.2319,379.3571
"DG(40:5) DG(18:4_22:1)",688.5875,653.5504,395.352,333.2424,259.2056,321.3152,241.1951,303.3047,315.2319,377.3415
"DG(40:6) DG(18:4_22:2)",686.5718,651.5347,393.3363,333.2424,259.2056,319.2995,241.1951,301.289,315.2319,375.3258
"DG(40:7) DG(18:4_22:3)",684.5562,649.5191,391.3207,333.2424,259.2056,317.2839,241.1951,299.2734,315.2319,373.3102
"DG(40:8) DG(18:4_22:4)",682.5405,647.5034,389.305,333.2424,259.2056,315.2682,241.1951,297.2577,315.2319,371.2945
"DG(40:9) DG(18:4_22:5)",680.5249,645.4878,387.2894,333.2424,259.2056,313.2526,241.1951,295.2421,315.2319,369.2789
"DG(40:10) DG(18:4_22:6)",678.5092,643.4721,385.2737,333.2424,259.2056,311.2369,241.1951,293.2264,315.2319,367.2632
"DG(41:4) DG(18:4_23:0)",704.6188,669.5817,411.3833,333.2424,259.2056,337.3465,241.1951,319.336,315.2319,393.3728
"DG(42:4) DG(18:4_24:0)",718.6344,683.5973,425.3989,333.2424,259.2056,351.3621,241.1951,333.3516,315.2319,407.3884
"DG(42:5) DG(18:4_24:1)",716.6188,681.5817,423.3833,333.2424,259.2056,349.3465,241.1951,331.336,315.2319,405.3728
"DG(43:4) DG(18:4_25:0)",732.6501,697.613,439.4146,333.2424,259.2056,365.3778,241.1951,347.3673,315.2319,421.4041
"DG(44:4) DG(18:4_26:0)",746.6657,711.6286,453.4302,333.2424,259.2056,379.3934,241.1951,361.3829,315.2319,435.4197
"DG(38:0) DG(19:0_19:0)",670.6345,635.5974,355.3207,355.3207,281.2839,281.2839,263.2734,263.2734,337.3102,337.3102
"DG(39:0) DG(19:0_20:0)",684.6501,649.613,369.3363,355.3207,281.2839,295.2995,263.2734,277.289,337.3102,351.3258
"DG(39:1) DG(19:0_20:1)",682.6345,647.5974,367.3207,355.3207,281.2839,293.2839,263.2734,275.2734,337.3102,349.3102
"DG(39:2) DG(19:0_20:2)",680.6188,645.5817,365.305,355.3207,281.2839,291.2682,263.2734,273.2577,337.3102,347.2945
"DG(39:3) DG(19:0_20:3)",678.6032,643.5661,363.2894,355.3207,281.2839,289.2526,263.2734,271.2421,337.3102,345.2789
"DG(39:4) DG(19:0_20:4)",676.5875,641.5504,361.2737,355.3207,281.2839,287.2369,263.2734,269.2264,337.3102,343.2632
"DG(39:5) DG(19:0_20:5)",674.5719,639.5348,359.2581,355.3207,281.2839,285.2213,263.2734,267.2108,337.3102,341.2476
"DG(40:0) DG(19:0_21:0)",698.6658,663.6287,383.352,355.3207,281.2839,309.3152,263.2734,291.3047,337.3102,365.3415
"DG(41:0) DG(19:0_22:0)",712.6814,677.6443,397.3676,355.3207,281.2839,323.3308,263.2734,305.3203,337.3102,379.3571
"DG(41:1) DG(19:0_22:1)",710.6658,675.6287,395.352,355.3207,281.2839,321.3152,263.2734,303.3047,337.3102,377.3415
"DG(41:2) DG(19:0_22:2)",708.6501,673.613,393.3363,355.3207,281.2839,319.2995,263.2734,301.289,337.3102,375.3258
"DG(41:3) DG(19:0_22:3)",706.6345,671.5974,391.3207,355.3207,281.2839,317.2839,263.2734,299.2734,337.3102,373.3102
"DG(41:4) DG(19:0_22:4)",704.6188,669.5817,389.305,355.3207,281.2839,315.2682,263.2734,297.2577,337.3102,371.2945
"DG(41:5) DG(19:0_22:5)",702.6032,667.5661,387.2894,355.3207,281.2839,313.2526,263.2734,295.2421,337.3102,369.2789
"DG(41:6) DG(19:0_22:6)",700.5875,665.5504,385.2737,355.3207,281.2839,311.2369,263.2734,293.2264,337.3102,367.2632
"DG(42:0) DG(19:0_23:0)",726.6971,691.66,411.3833,355.3207,281.2839,337.3465,263.2734,319.336,337.3102,393.3728
"DG(43:0) DG(19:0_24:0)",740.7127,705.6756,425.3989,355.3207,281.2839,351.3621,263.2734,333.3516,337.3102,407.3884
"DG(43:1) DG(19:0_24:1)",738.6971,703.66,423.3833,355.3207,281.2839,349.3465,263.2734,331.336,337.3102,405.3728
"DG(44:0) DG(19:0_25:0)",754.7284,719.6913,439.4146,355.3207,281.2839,365.3778,263.2734,347.3673,337.3102,421.4041
"DG(45:0) DG(19:0_26:0)",768.744,733.7069,453.4302,355.3207,281.2839,379.3934,263.2734,361.3829,337.3102,435.4197
"DG(40:0) DG(20:0_20:0)",698.6657,663.6286,369.3363,369.3363,295.2995,295.2995,277.289,277.289,351.3258,351.3258
"DG(40:1) DG(20:0_20:1)",696.6501,661.613,367.3207,369.3363,295.2995,293.2839,277.289,275.2734,351.3258,349.3102
"DG(40:2) DG(20:0_20:2)",694.6344,659.5973,365.305,369.3363,295.2995,291.2682,277.289,273.2577,351.3258,347.2945
"DG(40:3) DG(20:0_20:3)",692.6188,657.5817,363.2894,369.3363,295.2995,289.2526,277.289,271.2421,351.3258,345.2789
"DG(40:4) DG(20:0_20:4)",690.6031,655.566,361.2737,369.3363,295.2995,287.2369,277.289,269.2264,351.3258,343.2632
"DG(40:5) DG(20:0_20:5)",688.5875,653.5504,359.2581,369.3363,295.2995,285.2213,277.289,267.2108,351.3258,341.2476
"DG(41:0) DG(20:0_21:0)",712.6814,677.6443,383.352,369.3363,295.2995,309.3152,277.289,291.3047,351.3258,365.3415
"DG(42:0) DG(20:0_22:0)",726.697,691.6599,397.3676,369.3363,295.2995,323.3308,277.289,305.3203,351.3258,379.3571
"DG(42:1) DG(20:0_22:1)",724.6814,689.6443,395.352,369.3363,295.2995,321.3152,277.289,303.3047,351.3258,377.3415
"DG(42:2) DG(20:0_22:2)",722.6657,687.6286,393.3363,369.3363,295.2995,319.2995,277.289,301.289,351.3258,375.3258
"DG(42:3) DG(20:0_22:3)",720.6501,685.613,391.3207,369.3363,295.2995,317.2839,277.289,299.2734,351.3258,373.3102
"DG(42:4) DG(20:0_22:4)",718.6344,683.5973,389.305,369.3363,295.2995,315.2682,277.289,297.2577,351.3258,371.2945
"DG(42:5) DG(20:0_22:5)",716.6188,681.5817,387.2894,369.3363,295.2995,313.2526,277.289,295.2421,351.3258,369.2789
"DG(42:6) DG(20:0_22:6)",714.6031,679.566,385.2737,369.3363,295.2995,311.2369,277.289,293.2264,351.3258,367.2632
"DG(43:0) DG(20:0_23:0)",740.7127,705.6756,411.3833,369.3363,295.2995,337.3465,277.289,319.336,351.3258,393.3728
"DG(44:0) DG(20:0_24:0)",754.7283,719.6912,425.3989,369.3363,295.2995,351.3621,277.289,333.3516,351.3258,407.3884
"DG(44:1) DG(20:0_24:1)",752.7127,717.6756,423.3833,369.3363,295.2995,349.3465,277.289,331.336,351.3258,405.3728
"DG(45:0) DG(20:0_25:0)",768.744,733.7069,439.4146,369.3363,295.2995,365.3778,277.289,347.3673,351.3258,421.4041
"DG(46:0) DG(20:0_26:0)",782.7596,747.7225,453.4302,369.3363,295.2995,379.3934,277.289,361.3829,351.3258,435.4197
"DG(40:2) DG(20:1_20:1)",694.6345,659.5974,367.3207,367.3207,293.2839,293.2839,275.2734,275.2734,349.3102,349.3102
"DG(40:3) DG(20:1_20:2)",692.6188,657.5817,365.305,367.3207,293.2839,291.2682,275.2734,273.2577,349.3102,347.2945
"DG(40:4) DG(20:1_20:3)",690.6032,655.5661,363.2894,367.3207,293.2839,289.2526,275.2734,271.2421,349.3102,345.2789
"DG(40:5) DG(20:1_20:4)",688.5875,653.5504,361.2737,367.3207,293.2839,287.2369,275.2734,269.2264,349.3102,343.2632
"DG(40:6) DG(20:1_20:5)",686.5719,651.5348,359.2581,367.3207,293.2839,285.2213,275.2734,267.2108,349.3102,341.2476
"DG(41:1) DG(20:1_21:0)",710.6658,675.6287,383.352,367.3207,293.2839,309.3152,275.2734,291.3047,349.3102,365.3415
"DG(42:1) DG(20:1_22:0)",724.6814,689.6443,397.3676,367.3207,293.2839,323.3308,275.2734,305.3203,349.3102,379.3571
"DG(42:2) DG(20:1_22:1)",722.6658,687.6287,395.352,367.3207,293.2839,321.3152,275.2734,303.3047,349.3102,377.3415
"DG(42:3) DG(20:1_22:2)",720.6501,685.613,393.3363,367.3207,293.2839,319.2995,275.2734,301.289,349.3102,375.3258
"DG(42:4) DG(20:1_22:3)",718.6345,683.5974,391.3207,367.3207,293.2839,317.2839,275.2734,299.2734,349.3102,373.3102
"DG(42:5) DG(20:1_22:4)",716.6188,681.5817,389.305,367.3207,293.2839,315.2682,275.2734,297.2577,349.3102,371.2945
"DG(42:6) DG(20:1_22:5)",714.6032,679.5661,387.2894,367.3207,293.2839,313.2526,275.2734,295.2421,349.3102,369.2789
"DG(42:7) DG(20:1_22:6)",712.5875,677.5504,385.2737,367.3207,293.2839,311.2369,275.2734,293.2264,349.3102,367.2632
"DG(43:1) DG(20:1_23:0)",738.6971,703.66,411.3833,367.3207,293.2839,337.3465,275.2734,319.336,349.3102,393.3728
"DG(44:1) DG(20:1_24:0)",752.7127,717.6756,425.3989,367.3207,293.2839,351.3621,275.2734,333.3516,349.3102,407.3884
"DG(44:2) DG(20:1_24:1)",750.6971,715.66,423.3833,367.3207,293.2839,349.3465,275.2734,331.336,349.3102,405.3728
"DG(45:1) DG(20:1_25:0)",766.7284,731.6913,439.4146,367.3207,293.2839,365.3778,275.2734,347.3673,349.3102,421.4041
"DG(46:1) DG(20:1_26:0)",780.744,745.7069,453.4302,367.3207,293.2839,379.3934,275.2734,361.3829,349.3102,435.4197
"DG(40:4) DG(20:2_20:2)",690.6031,655.566,365.305,365.305,291.2682,291.2682,273.2577,273.2577,347.2945,347.2945
"DG(40:5) DG(20:2_20:3)",688.5875,653.5504,363.2894,365.305,291.2682,289.2526,273.2577,271.2421,347.2945,345.2789
"DG(40:6) DG(20:2_20:4)",686.5718,651.5347,361.2737,365.305,291.2682,287.2369,273.2577,269.2264,347.2945,343.2632
"DG(40:7) DG(20:2_20:5)",684.5562,649.5191,359.2581,365.305,291.2682,285.2213,273.2577,267.2108,347.2945,341.2476
"DG(41:2) DG(20:2_21:0)",708.6501,673.613,383.352,365.305,291.2682,309.3152,273.2577,291.3047,347.2945,365.3415
"DG(42:2) DG(20:2_22:0)",722.6657,687.6286,397.3676,365.305,291.2682,323.3308,273.2577,305.3203,347.2945,379.3571
"DG(42:3) DG(20:2_22:1)",720.6501,685.613,395.352,365.305,291.2682,321.3152,273.2577,303.3047,347.2945,377.3415
"DG(42:4) DG(20:2_22:2)",718.6344,683.5973,393.3363,365.305,291.2682,319.2995,273.2577,301.289,347.2945,375.3258
"DG(42:5) DG(20:2_22:3)",716.6188,681.5817,391.3207,365.305,291.2682,317.2839,273.2577,299.2734,347.2945,373.3102
"DG(42:6) DG(20:2_22:4)",714.6031,679.566,389.305,365.305,291.2682,315.2682,273.2577,297.2577,347.2945,371.2945
"DG(42:7) DG(20:2_22:5)",712.5875,677.5504,387.2894,365.305,291.2682,313.2526,273.2577,295.2421,347.2945,369.2789
"DG(42:8) DG(20:2_22:6)",710.5718,675.5347,385.2737,365.305,291.2682,311.2369,273.2577,293.2264,347.2945,367.2632
"DG(43:2) DG(20:2_23:0)",736.6814,701.6443,411.3833,365.305,291.2682,337.3465,273.2577,319.336,347.2945,393.3728
"DG(44:2) DG(20:2_24:0)",750.697,715.6599,425.3989,365.305,291.2682,351.3621,273.2577,333.3516,347.2945,407.3884
"DG(44:3) DG(20:2_24:1)",748.6814,713.6443,423.3833,365.305,291.2682,349.3465,273.2577,331.336,347.2945,405.3728
"DG(45:2) DG(20:2_25:0)",764.7127,729.6756,439.4146,365.305,291.2682,365.3778,273.2577,347.3673,347.2945,421.4041
"DG(46:2) DG(20:2_26:0)",778.7283,743.6912,453.4302,365.305,291.2682,379.3934,273.2577,361.3829,347.2945,435.4197
"DG(40:6) DG(20:3_20:3)",686.5719,651.5348,363.2894,363.2894,289.2526,289.2526,271.2421,271.2421,345.2789,345.2789
"DG(40:7) DG(20:3_20:4)",684.5562,649.5191,361.2737,363.2894,289.2526,287.2369,271.2421,269.2264,345.2789,343.2632
"DG(40:8) DG(20:3_20:5)",682.5406,647.5035,359.2581,363.2894,289.2526,285.2213,271.2421,267.2108,345.2789,341.2476
"DG(41:3) DG(20:3_21:0)",706.6345,671.5974,383.352,363.2894,289.2526,309.3152,271.2421,291.3047,345.2789,365.3415
"DG(42:3) DG(20:3_22:0)",720.6501,685.613,397.3676,363.2894,289.2526,323.3308,271.2421,305.3203,345.2789,379.3571
"DG(42:4) DG(20:3_22:1)",718.6345,683.5974,395.352,363.2894,289.2526,321.3152,271.2421,303.3047,345.2789,377.3415
"DG(42:5) DG(20:3_22:2)",716.6188,681.5817,393.3363,363.2894,289.2526,319.2995,271.2421,301.289,345.2789,375.3258
"DG(42:6) DG(20:3_22:3)",714.6032,679.5661,391.3207,363.2894,289.2526,317.2839,271.2421,299.2734,345.2789,373.3102
"DG(42:7) DG(20:3_22:4)",712.5875,677.5504,389.305,363.2894,289.2526,315.2682,271.2421,297.2577,345.2789,371.2945
"DG(42:8) DG(20:3_22:5)",710.5719,675.5348,387.2894,363.2894,289.2526,313.2526,271.2421,295.2421,345.2789,369.2789
"DG(42:9) DG(20:3_22:6)",708.5562,673.5191,385.2737,363.2894,289.2526,311.2369,271.2421,293.2264,345.2789,367.2632
"DG(43:3) DG(20:3_23:0)",734.6658,699.6287,411.3833,363.2894,289.2526,337.3465,271.2421,319.336,345.2789,393.3728
"DG(44:3) DG(20:3_24:0)",748.6814,713.6443,425.3989,363.2894,289.2526,351.3621,271.2421,333.3516,345.2789,407.3884
"DG(44:4) DG(20:3_24:1)",746.6658,711.6287,423.3833,363.2894,289.2526,349.3465,271.2421,331.336,345.2789,405.3728
"DG(45:3) DG(20:3_25:0)",762.6971,727.66,439.4146,363.2894,289.2526,365.3778,271.2421,347.3673,345.2789,421.4041
"DG(46:3) DG(20:3_26:0)",776.7127,741.6756,453.4302,363.2894,289.2526,379.3934,271.2421,361.3829,345.2789,435.4197
"DG(40:8) DG(20:4_20:4)",682.5405,647.5034,361.2737,361.2737,287.2369,287.2369,269.2264,269.2264,343.2632,343.2632
"DG(40:9) DG(20:4_20:5)",680.5249,645.4878,359.2581,361.2737,287.2369,285.2213,269.2264,267.2108,343.2632,341.2476
"DG(41:4) DG(20:4_21:0)",704.6188,669.5817,383.352,361.2737,287.2369,309.3152,269.2264,291.3047,343.2632,365.3415
"DG(42:4) DG(20:4_22:0)",718.6344,683.5973,397.3676,361.2737,287.2369,323.3308,269.2264,305.3203,343.2632,379.3571
"DG(42:5) DG(20:4_22:1)",716.6188,681.5817,395.352,361.2737,287.2369,321.3152,269.2264,303.3047,343.2632,377.3415
"DG(42:6) DG(20:4_22:2)",714.6031,679.566,393.3363,361.2737,287.2369,319.2995,269.2264,301.289,343.2632,375.3258
"DG(42:7) DG(20:4_22:3)",712.5875,677.5504,391.3207,361.2737,287.2369,317.2839,269.2264,299.2734,343.2632,373.3102
"DG(42:8) DG(20:4_22:4)",710.5718,675.5347,389.305,361.2737,287.2369,315.2682,269.2264,297.2577,343.2632,371.2945
"DG(42:9) DG(20:4_22:5)",708.5562,673.5191,387.2894,361.2737,287.2369,313.2526,269.2264,295.2421,343.2632,369.2789
"DG(42:10) DG(20:4_22:6)",706.5405,671.5034,385.2737,361.2737,287.2369,311.2369,269.2264,293.2264,343.2632,367.2632
"DG(43:4) DG(20:4_23:0)",732.6501,697.613,411.3833,361.2737,287.2369,337.3465,269.2264,319.336,343.2632,393.3728
"DG(44:4) DG(20:4_24:0)",746.6657,711.6286,425.3989,361.2737,287.2369,351.3621,269.2264,333.3516,343.2632,407.3884
"DG(44:5) DG(20:4_24:1)",744.6501,709.613,423.3833,361.2737,287.2369,349.3465,269.2264,331.336,343.2632,405.3728
"DG(45:4) DG(20:4_25:0)",760.6814,725.6443,439.4146,361.2737,287.2369,365.3778,269.2264,347.3673,343.2632,421.4041
"DG(46:4) DG(20:4_26:0)",774.697,739.6599,453.4302,361.2737,287.2369,379.3934,269.2264,361.3829,343.2632,435.4197
"DG(40:10) DG(20:5_20:5)",678.5093,643.4722,359.2581,359.2581,285.2213,285.2213,267.2108,267.2108,341.2476,341.2476
"DG(41:5) DG(20:5_21:0)",702.6032,667.5661,383.352,359.2581,285.2213,309.3152,267.2108,291.3047,341.2476,365.3415
"DG(42:5) DG(20:5_22:0)",716.6188,681.5817,397.3676,359.2581,285.2213,323.3308,267.2108,305.3203,341.2476,379.3571
"DG(42:6) DG(20:5_22:1)",714.6032,679.5661,395.352,359.2581,285.2213,321.3152,267.2108,303.3047,341.2476,377.3415
"DG(42:7) DG(20:5_22:2)",712.5875,677.5504,393.3363,359.2581,285.2213,319.2995,267.2108,301.289,341.2476,375.3258
"DG(42:8) DG(20:5_22:3)",710.5719,675.5348,391.3207,359.2581,285.2213,317.2839,267.2108,299.2734,341.2476,373.3102
"DG(42:9) DG(20:5_22:4)",708.5562,673.5191,389.305,359.2581,285.2213,315.2682,267.2108,297.2577,341.2476,371.2945
"DG(42:10) DG(20:5_22:5)",706.5406,671.5035,387.2894,359.2581,285.2213,313.2526,267.2108,295.2421,341.2476,369.2789
"DG(42:11) DG(20:5_22:6)",704.5249,669.4878,385.2737,359.2581,285.2213,311.2369,267.2108,293.2264,341.2476,367.2632
"DG(43:5) DG(20:5_23:0)",730.6345,695.5974,411.3833,359.2581,285.2213,337.3465,267.2108,319.336,341.2476,393.3728
"DG(44:5) DG(20:5_24:0)",744.6501,709.613,425.3989,359.2581,285.2213,351.3621,267.2108,333.3516,341.2476,407.3884
"DG(44:6) DG(20:5_24:1)",742.6345,707.5974,423.3833,359.2581,285.2213,349.3465,267.2108,331.336,341.2476,405.3728
"DG(45:5) DG(20:5_25:0)",758.6658,723.6287,439.4146,359.2581,285.2213,365.3778,267.2108,347.3673,341.2476,421.4041
"DG(46:5) DG(20:5_26:0)",772.6814,737.6443,453.4302,359.2581,285.2213,379.3934,267.2108,361.3829,341.2476,435.4197
"DG(42:0) DG(21:0_21:0)",726.6971,691.66,383.352,383.352,309.3152,309.3152,291.3047,291.3047,365.3415,365.3415
"DG(43:0) DG(21:0_22:0)",740.7127,705.6756,397.3676,383.352,309.3152,323.3308,291.3047,305.3203,365.3415,379.3571
"DG(43:1) DG(21:0_22:1)",738.6971,703.66,395.352,383.352,309.3152,321.3152,291.3047,303.3047,365.3415,377.3415
"DG(43:2) DG(21:0_22:2)",736.6814,701.6443,393.3363,383.352,309.3152,319.2995,291.3047,301.289,365.3415,375.3258
"DG(43:3) DG(21:0_22:3)",734.6658,699.6287,391.3207,383.352,309.3152,317.2839,291.3047,299.2734,365.3415,373.3102
"DG(43:4) DG(21:0_22:4)",732.6501,697.613,389.305,383.352,309.3152,315.2682,291.3047,297.2577,365.3415,371.2945
"DG(43:5) DG(21:0_22:5)",730.6345,695.5974,387.2894,383.352,309.3152,313.2526,291.3047,295.2421,365.3415,369.2789
"DG(43:6) DG(21:0_22:6)",728.6188,693.5817,385.2737,383.352,309.3152,311.2369,291.3047,293.2264,365.3415,367.2632
"DG(44:0) DG(21:0_23:0)",754.7284,719.6913,411.3833,383.352,309.3152,337.3465,291.3047,319.336,365.3415,393.3728
"DG(45:0) DG(21:0_24:0)",768.744,733.7069,425.3989,383.352,309.3152,351.3621,291.3047,333.3516,365.3415,407.3884
"DG(45:1) DG(21:0_24:1)",766.7284,731.6913,423.3833,383.352,309.3152,349.3465,291.3047,331.336,365.3415,405.3728
"DG(46:0) DG(21:0_25:0)",782.7597,747.7226,439.4146,383.352,309.3152,365.3778,291.3047,347.3673,365.3415,421.4041
"DG(47:0) DG(21:0_26:0)",796.7753,761.7382,453.4302,383.352,309.3152,379.3934,291.3047,361.3829,365.3415,435.4197
"DG(44:0) DG(22:0_22:0)",754.7283,719.6912,397.3676,397.3676,323.3308,323.3308,305.3203,305.3203,379.3571,379.3571
"DG(44:1) DG(22:0_22:1)",752.7127,717.6756,395.352,397.3676,323.3308,321.3152,305.3203,303.3047,379.3571,377.3415
"DG(44:2) DG(22:0_22:2)",750.697,715.6599,393.3363,397.3676,323.3308,319.2995,305.3203,301.289,379.3571,375.3258
"DG(44:3) DG(22:0_22:3)",748.6814,713.6443,391.3207,397.3676,323.3308,317.2839,305.3203,299.2734,379.3571,373.3102
"DG(44:4) DG(22:0_22:4)",746.6657,711.6286,389.305,397.3676,323.3308,315.2682,305.3203,297.2577,379.3571,371.2945
"DG(44:5) DG(22:0_22:5)",744.6501,709.613,387.2894,397.3676,323.3308,313.2526,305.3203,295.2421,379.3571,369.2789
"DG(44:6) DG(22:0_22:6)",742.6344,707.5973,385.2737,397.3676,323.3308,311.2369,305.3203,293.2264,379.3571,367.2632
"DG(45:0) DG(22:0_23:0)",768.744,733.7069,411.3833,397.3676,323.3308,337.3465,305.3203,319.336,379.3571,393.3728
"DG(46:0) DG(22:0_24:0)",782.7596,747.7225,425.3989,397.3676,323.3308,351.3621,305.3203,333.3516,379.3571,407.3884
"DG(46:1) DG(22:0_24:1)",780.744,745.7069,423.3833,397.3676,323.3308,349.3465,305.3203,331.336,379.3571,405.3728
"DG(47:0) DG(22:0_25:0)",796.7753,761.7382,439.4146,397.3676,323.3308,365.3778,305.3203,347.3673,379.3571,421.4041
"DG(48:0) DG(22:0_26:0)",810.7909,775.7538,453.4302,397.3676,323.3308,379.3934,305.3203,361.3829,379.3571,435.4197
"DG(44:2) DG(22:1_22:1)",750.6971,715.66,395.352,395.352,321.3152,321.3152,303.3047,303.3047,377.3415,377.3415
"DG(44:3) DG(22:1_22:2)",748.6814,713.6443,393.3363,395.352,321.3152,319.2995,303.3047,301.289,377.3415,375.3258
"DG(44:4) DG(22:1_22:3)",746.6658,711.6287,391.3207,395.352,321.3152,317.2839,303.3047,299.2734,377.3415,373.3102
"DG(44:5) DG(22:1_22:4)",744.6501,709.613,389.305,395.352,321.3152,315.2682,303.3047,297.2577,377.3415,371.2945
"DG(44:6) DG(22:1_22:5)",742.6345,707.5974,387.2894,395.352,321.3152,313.2526,303.3047,295.2421,377.3415,369.2789
"DG(44:7) DG(22:1_22:6)",740.6188,705.5817,385.2737,395.352,321.3152,311.2369,303.3047,293.2264,377.3415,367.2632
"DG(45:1) DG(22:1_23:0)",766.7284,731.6913,411.3833,395.352,321.3152,337.3465,303.3047,319.336,377.3415,393.3728
"DG(46:1) DG(22:1_24:0)",780.744,745.7069,425.3989,395.352,321.3152,351.3621,303.3047,333.3516,377.3415,407.3884
"DG(46:2) DG(22:1_24:1)",778.7284,743.6913,423.3833,395.352,321.3152,349.3465,303.3047,331.336,377.3415,405.3728
"DG(47:1) DG(22:1_25:0)",794.7597,759.7226,439.4146,395.352,321.3152,365.3778,303.3047,347.3673,377.3415,421.4041
"DG(48:1) DG(22:1_26:0)",808.7753,773.7382,453.4302,395.352,321.3152,379.3934,303.3047,361.3829,377.3415,435.4197
"DG(44:4) DG(22:2_22:2)",746.6657,711.6286,393.3363,393.3363,319.2995,319.2995,301.289,301.289,375.3258,375.3258
"DG(44:5) DG(22:2_22:3)",744.6501,709.613,391.3207,393.3363,319.2995,317.2839,301.289,299.2734,375.3258,373.3102
"DG(44:6) DG(22:2_22:4)",742.6344,707.5973,389.305,393.3363,319.2995,315.2682,301.289,297.2577,375.3258,371.2945
"DG(44:7) DG(22:2_22:5)",740.6188,705.5817,387.2894,393.3363,319.2995,313.2526,301.289,295.2421,375.3258,369.2789
"DG(44:8) DG(22:2_22:6)",738.6031,703.566,385.2737,393.3363,319.2995,311.2369,301.289,293.2264,375.3258,367.2632
"DG(45:2) DG(22:2_23:0)",764.7127,729.6756,411.3833,393.3363,319.2995,337.3465,301.289,319.336,375.3258,393.3728
"DG(46:2) DG(22:2_24:0)",778.7283,743.6912,425.3989,393.3363,319.2995,351.3621,301.289,333.3516,375.3258,407.3884
"DG(46:3) DG(22:2_24:1)",776.7127,741.6756,423.3833,393.3363,319.2995,349.3465,301.289,331.336,375.3258,405.3728
"DG(47:2) DG(22:2_25:0)",792.744,757.7069,439.4146,393.3363,319.2995,365.3778,301.289,347.3673,375.3258,421.4041
"DG(48:2) DG(22:2_26:0)",806.7596,771.7225,453.4302,393.3363,319.2995,379.3934,301.289,361.3829,375.3258,435.4197
"DG(44:6) DG(22:3_22:3)",742.6345,707.5974,391.3207,391.3207,317.2839,317.2839,299.2734,299.2734,373.3102,373.3102
"DG(44:7) DG(22:3_22:4)",740.6188,705.5817,389.305,391.3207,317.2839,315.2682,299.2734,297.2577,373.3102,371.2945
"DG(44:8) DG(22:3_22:5)",738.6032,703.5661,387.2894,391.3207,317.2839,313.2526,299.2734,295.2421,373.3102,369.2789
"DG(44:9) DG(22:3_22:6)",736.5875,701.5504,385.2737,391.3207,317.2839,311.2369,299.2734,293.2264,373.3102,367.2632
"DG(45:3) DG(22:3_23:0)",762.6971,727.66,411.3833,391.3207,317.2839,337.3465,299.2734,319.336,373.3102,393.3728
"DG(46:3) DG(22:3_24:0)",776.7127,741.6756,425.3989,391.3207,317.2839,351.3621,299.2734,333.3516,373.3102,407.3884
"DG(46:4) DG(22:3_24:1)",774.6971,739.66,423.3833,391.3207,317.2839,349.3465,299.2734,331.336,373.3102,405.3728
"DG(47:3) DG(22:3_25:0)",790.7284,755.6913,439.4146,391.3207,317.2839,365.3778,299.2734,347.3673,373.3102,421.4041
"DG(48:3) DG(22:3_26:0)",804.744,769.7069,453.4302,391.3207,317.2839,379.3934,299.2734,361.3829,373.3102,435.4197
"DG(44:8) DG(22:4_22:4)",738.6031,703.566,389.305,389.305,315.2682,315.2682,297.2577,297.2577,371.2945,371.2945
"DG(44:9) DG(22:4_22:5)",736.5875,701.5504,387.2894,389.305,315.2682,313.2526,297.2577,295.2421,371.2945,369.2789
"DG(44:10) DG(22:4_22:6)",734.5718,699.5347,385.2737,389.305,315.2682,311.2369,297.2577,293.2264,371.2945,367.2632
"DG(45:4) DG(22:4_23:0)",760.6814,725.6443,411.3833,389.305,315.2682,337.3465,297.2577,319.336,371.2945,393.3728
"DG(46:4) DG(22:4_24:0)",774.697,739.6599,425.3989,389.305,315.2682,351.3621,297.2577,333.3516,371.2945,407.3884
"DG(46:5) DG(22:4_24:1)",772.6814,737.6443,423.3833,389.305,315.2682,349.3465,297.2577,331.336,371.2945,405.3728
"DG(47:4) DG(22:4_25:0)",788.7127,753.6756,439.4146,389.305,315.2682,365.3778,297.2577,347.3673,371.2945,421.4041
"DG(48:4) DG(22:4_26:0)",802.7283,767.6912,453.4302,389.305,315.2682,379.3934,297.2577,361.3829,371.2945,435.4197
"DG(44:10) DG(22:5_22:5)",734.5719,699.5348,387.2894,387.2894,313.2526,313.2526,295.2421,295.2421,369.2789,369.2789
"DG(44:11) DG(22:5_22:6)",732.5562,697.5191,385.2737,387.2894,313.2526,311.2369,295.2421,293.2264,369.2789,367.2632
"DG(45:5) DG(22:5_23:0)",758.6658,723.6287,411.3833,387.2894,313.2526,337.3465,295.2421,319.336,369.2789,393.3728
"DG(46:5) DG(22:5_24:0)",772.6814,737.6443,425.3989,387.2894,313.2526,351.3621,295.2421,333.3516,369.2789,407.3884
"DG(46:6) DG(22:5_24:1)",770.6658,735.6287,423.3833,387.2894,313.2526,349.3465,295.2421,331.336,369.2789,405.3728
"DG(47:5) DG(22:5_25:0)",786.6971,751.66,439.4146,387.2894,313.2526,365.3778,295.2421,347.3673,369.2789,421.4041
"DG(48:5) DG(22:5_26:0)",800.7127,765.6756,453.4302,387.2894,313.2526,379.3934,295.2421,361.3829,369.2789,435.4197
"DG(44:12) DG(22:6_22:6)",730.5405,695.5034,385.2737,385.2737,311.2369,311.2369,293.2264,293.2264,367.2632,367.2632
"DG(45:6) DG(22:6_23:0)",756.6501,721.613,411.3833,385.2737,311.2369,337.3465,293.2264,319.336,367.2632,393.3728
"DG(46:6) DG(22:6_24:0)",770.6657,735.6286,425.3989,385.2737,311.2369,351.3621,293.2264,333.3516,367.2632,407.3884
"DG(46:7) DG(22:6_24:1)",768.6501,733.613,423.3833,385.2737,311.2369,349.3465,293.2264,331.336,367.2632,405.3728
"DG(47:6) DG(22:6_25:0)",784.6814,749.6443,439.4146,385.2737,311.2369,365.3778,293.2264,347.3673,367.2632,421.4041
"DG(48:6) DG(22:6_26:0)",798.697,763.6599,453.4302,385.2737,311.2369,379.3934,293.2264,361.3829,367.2632,435.4197
"DG(46:0) DG(23:0_23:0)",782.7597,747.7226,411.3833,411.3833,337.3465,337.3465,319.336,319.336,393.3728,393.3728
"DG(47:0) DG(23:0_24:0)",796.7753,761.7382,425.3989,411.3833,337.3465,351.3621,319.336,333.3516,393.3728,407.3884
"DG(47:1) DG(23:0_24:1)",794.7597,759.7226,423.3833,411.3833,337.3465,349.3465,319.336,331.336,393.3728,405.3728
"DG(48:0) DG(23:0_25:0)",810.791,775.7539,439.4146,411.3833,337.3465,365.3778,319.336,347.3673,393.3728,421.4041
"DG(49:0) DG(23:0_26:0)",824.8066,789.7695,453.4302,411.3833,337.3465,379.3934,319.336,361.3829,393.3728,435.4197
"DG(48:0) DG(24:0_24:0)",810.7909,775.7538,425.3989,425.3989,351.3621,351.3621,333.3516,333.3516,407.3884,407.3884
"DG(48:1) DG(24:0_24:1)",808.7753,773.7382,423.3833,425.3989,351.3621,349.3465,333.3516,331.336,407.3884,405.3728
"DG(49:0) DG(24:0_25:0)",824.8066,789.7695,439.4146,425.3989,351.3621,365.3778,333.3516,347.3673,407.3884,421.4041
"DG(50:0) DG(24:0_26:0)",838.8222,803.7851,453.4302,425.3989,351.3621,379.3934,333.3516,361.3829,407.3884,435.4197
"DG(48:2) DG(24:1_24:1)",806.7597,771.7226,423.3833,423.3833,349.3465,349.3465,331.336,331.336,405.3728,405.3728
"DG(49:1) DG(24:1_25:0)",822.791,787.7539,439.4146,423.3833,349.3465,365.3778,331.336,347.3673,405.3728,421.4041
"DG(50:1) DG(24:1_26:0)",836.8066,801.7695,453.4302,423.3833,349.3465,379.3934,331.336,361.3829,405.3728,435.4197
"DG(50:0) DG(25:0_25:0)",838.8223,803.7852,439.4146,439.4146,365.3778,365.3778,347.3673,347.3673,421.4041,421.4041
"DG(51:0) DG(25:0_26:0)",852.8379,817.8008,453.4302,439.4146,365.3778,379.3934,347.3673,361.3829,421.4041,435.4197
"DG(52:0) DG(26:0_26:0)",866.8535,831.8164,453.4302,453.4302,379.3934,379.3934,361.3829,361.3829,435.4197,435.4197
"scores",0.0125,0.45,0.45,0.0125,0.0125,0.0125,0.0125,0.0125,0.0125,0.0125
