"DG","[M+Na]+","[M+H-H2O]+","[M+H-R1-2H2O]+","[M+H-R2-2H2O]+","[R1CO]+","[R2CO]+","[R1CO-H2O]+","[R2CO-H2O]+"
"DG(16:0) DG(8:0_8:0)",367.2455,327.253,201.1485,201.1485,127.1117,127.1117,109.1012,109.1012
"DG(18:0) DG(8:0_10:0)",395.2768,355.2843,229.1798,201.1485,127.1117,155.143,109.1012,137.1325
"DG(20:0) DG(8:0_12:0)",423.3081,383.3156,257.2111,201.1485,127.1117,183.1743,109.1012,165.1638
"DG(21:0) DG(8:0_13:0)",437.3238,397.3313,271.2268,201.1485,127.1117,197.19,109.1012,179.1795
"DG(22:0) DG(8:0_14:0)",451.3394,411.3469,285.2424,201.1485,127.1117,211.2056,109.1012,193.1951
"DG(22:1) DG(8:0_14:1)",449.3238,409.3313,283.2268,201.1485,127.1117,209.19,109.1012,191.1795
"DG(23:0) DG(8:0_15:0)",465.3551,425.3626,299.2581,201.1485,127.1117,225.2213,109.1012,207.2108
"DG(23:1) DG(8:0_15:1)",463.3394,423.3469,297.2424,201.1485,127.1117,223.2056,109.1012,205.1951
"DG(24:0) DG(8:0_16:0)",479.3707,439.3782,313.2737,201.1485,127.1117,239.2369,109.1012,221.2264
"DG(24:1) DG(8:0_16:1)",477.3551,437.3626,311.2581,201.1485,127.1117,237.2213,109.1012,219.2108
"DG(25:0) DG(8:0_17:0)",493.3864,453.3939,327.2894,201.1485,127.1117,253.2526,109.1012,235.2421
"DG(25:1) DG(8:0_17:1)",491.3707,451.3782,325.2737,201.1485,127.1117,251.2369,109.1012,233.2264
"DG(25:2) DG(8:0_17:2)",489.3551,449.3626,323.2581,201.1485,127.1117,249.2213,109.1012,231.2108
"DG(26:0) DG(8:0_18:0)",507.402,467.4095,341.305,201.1485,127.1117,267.2682,109.1012,249.2577
"DG(26:1) DG(8:0_18:1)",505.3864,465.3939,339.2894,201.1485,127.1117,265.2526,109.1012,247.2421
"DG(26:2) DG(8:0_18:2)",503.3707,463.3782,337.2737,201.1485,127.1117,263.2369,109.1012,245.2264
"DG(26:3) DG(8:0_18:3)",501.3551,461.3626,335.2581,201.1485,127.1117,261.2213,109.1012,243.2108
"DG(26:4) DG(8:0_18:4)",499.3394,459.3469,333.2424,201.1485,127.1117,259.2056,109.1012,241.1951
"DG(27:0) DG(8:0_19:0)",521.4177,481.4252,355.3207,201.1485,127.1117,281.2839,109.1012,263.2734
"DG(28:0) DG(8:0_20:0)",535.4333,495.4408,369.3363,201.1485,127.1117,295.2995,109.1012,277.289
"DG(28:1) DG(8:0_20:1)",533.4177,493.4252,367.3207,201.1485,127.1117,293.2839,109.1012,275.2734
"DG(28:2) DG(8:0_20:2)",531.402,491.4095,365.305,201.1485,127.1117,291.2682,109.1012,273.2577
"DG(28:3) DG(8:0_20:3)",529.3864,489.3939,363.2894,201.1485,127.1117,289.2526,109.1012,271.2421
"DG(28:4) DG(8:0_20:4)",527.3707,487.3782,361.2737,201.1485,127.1117,287.2369,109.1012,269.2264
"DG(28:5) DG(8:0_20:5)",525.3551,485.3626,359.2581,201.1485,127.1117,285.2213,109.1012,267.2108
"DG(29:0) DG(8:0_21:0)",549.449,509.4565,383.352,201.1485,127.1117,309.3152,109.1012,291.3047
"DG(30:0) DG(8:0_22:0)",563.4646,523.4721,397.3676,201.1485,127.1117,323.3308,109.1012,305.3203
"DG(30:1) DG(8:0_22:1)",561.449,521.4565,395.352,201.1485,127.1117,321.3152,109.1012,303.3047
"DG(30:2) DG(8:0_22:2)",559.4333,519.4408,393.3363,201.1485,127.1117,319.2995,109.1012,301.289
"DG(30:3) DG(8:0_22:3)",557.4177,517.4252,391.3207,201.1485,127.1117,317.2839,109.1012,299.2734
"DG(30:4) DG(8:0_22:4)",555.402,515.4095,389.305,201.1485,127.1117,315.2682,109.1012,297.2577
"DG(30:5) DG(8:0_22:5)",553.3864,513.3939,387.2894,201.1485,127.1117,313.2526,109.1012,295.2421
"DG(30:6) DG(8:0_22:6)",551.3707,511.3782,385.2737,201.1485,127.1117,311.2369,109.1012,293.2264
"DG(31:0) DG(8:0_23:0)",577.4803,537.4878,411.3833,201.1485,127.1117,337.3465,109.1012,319.336
"DG(32:0) DG(8:0_24:0)",591.4959,551.5034,425.3989,201.1485,127.1117,351.3621,109.1012,333.3516
"DG(32:1) DG(8:0_24:1)",589.4803,549.4878,423.3833,201.1485,127.1117,349.3465,109.1012,331.336
"DG(33:0) DG(8:0_25:0)",605.5116,565.5191,439.4146,201.1485,127.1117,365.3778,109.1012,347.3673
"DG(34:0) DG(8:0_26:0)",619.5272,579.5347,453.4302,201.1485,127.1117,379.3934,109.1012,361.3829
"DG(20:0) DG(10:0_10:0)",423.3081,383.3156,229.1798,229.1798,155.143,155.143,137.1325,137.1325
"DG(22:0) DG(10:0_12:0)",451.3394,411.3469,257.2111,229.1798,155.143,183.1743,137.1325,165.1638
"DG(23:0) DG(10:0_13:0)",465.3551,425.3626,271.2268,229.1798,155.143,197.19,137.1325,179.1795
"DG(24:0) DG(10:0_14:0)",479.3707,439.3782,285.2424,229.1798,155.143,211.2056,137.1325,193.1951
"DG(24:1) DG(10:0_14:1)",477.3551,437.3626,283.2268,229.1798,155.143,209.19,137.1325,191.1795
"DG(25:0) DG(10:0_15:0)",493.3864,453.3939,299.2581,229.1798,155.143,225.2213,137.1325,207.2108
"DG(25:1) DG(10:0_15:1)",491.3707,451.3782,297.2424,229.1798,155.143,223.2056,137.1325,205.1951
"DG(26:0) DG(10:0_16:0)",507.402,467.4095,313.2737,229.1798,155.143,239.2369,137.1325,221.2264
"DG(26:1) DG(10:0_16:1)",505.3864,465.3939,311.2581,229.1798,155.143,237.2213,137.1325,219.2108
"DG(27:0) DG(10:0_17:0)",521.4177,481.4252,327.2894,229.1798,155.143,253.2526,137.1325,235.2421
"DG(27:1) DG(10:0_17:1)",519.402,479.4095,325.2737,229.1798,155.143,251.2369,137.1325,233.2264
"DG(27:2) DG(10:0_17:2)",517.3864,477.3939,323.2581,229.1798,155.143,249.2213,137.1325,231.2108
"DG(28:0) DG(10:0_18:0)",535.4333,495.4408,341.305,229.1798,155.143,267.2682,137.1325,249.2577
"DG(28:1) DG(10:0_18:1)",533.4177,493.4252,339.2894,229.1798,155.143,265.2526,137.1325,247.2421
"DG(28:2) DG(10:0_18:2)",531.402,491.4095,337.2737,229.1798,155.143,263.2369,137.1325,245.2264
"DG(28:3) DG(10:0_18:3)",529.3864,489.3939,335.2581,229.1798,155.143,261.2213,137.1325,243.2108
"DG(28:4) DG(10:0_18:4)",527.3707,487.3782,333.2424,229.1798,155.143,259.2056,137.1325,241.1951
"DG(29:0) DG(10:0_19:0)",549.449,509.4565,355.3207,229.1798,155.143,281.2839,137.1325,263.2734
"DG(30:0) DG(10:0_20:0)",563.4646,523.4721,369.3363,229.1798,155.143,295.2995,137.1325,277.289
"DG(30:1) DG(10:0_20:1)",561.449,521.4565,367.3207,229.1798,155.143,293.2839,137.1325,275.2734
"DG(30:2) DG(10:0_20:2)",559.4333,519.4408,365.305,229.1798,155.143,291.2682,137.1325,273.2577
"DG(30:3) DG(10:0_20:3)",557.4177,517.4252,363.2894,229.1798,155.143,289.2526,137.1325,271.2421
"DG(30:4) DG(10:0_20:4)",555.402,515.4095,361.2737,229.1798,155.143,287.2369,137.1325,269.2264
"DG(30:5) DG(10:0_20:5)",553.3864,513.3939,359.2581,229.1798,155.143,285.2213,137.1325,267.2108
"DG(31:0) DG(10:0_21:0)",577.4803,537.4878,383.352,229.1798,155.143,309.3152,137.1325,291.3047
"DG(32:0) DG(10:0_22:0)",591.4959,551.5034,397.3676,229.1798,155.143,323.3308,137.1325,305.3203
"DG(32:1) DG(10:0_22:1)",589.4803,549.4878,395.352,229.1798,155.143,321.3152,137.1325,303.3047
"DG(32:2) DG(10:0_22:2)",587.4646,547.4721,393.3363,229.1798,155.143,319.2995,137.1325,301.289
"DG(32:3) DG(10:0_22:3)",585.449,545.4565,391.3207,229.1798,155.143,317.2839,137.1325,299.2734
"DG(32:4) DG(10:0_22:4)",583.4333,543.4408,389.305,229.1798,155.143,315.2682,137.1325,297.2577
"DG(32:5) DG(10:0_22:5)",581.4177,541.4252,387.2894,229.1798,155.143,313.2526,137.1325,295.2421
"DG(32:6) DG(10:0_22:6)",579.402,539.4095,385.2737,229.1798,155.143,311.2369,137.1325,293.2264
"DG(33:0) DG(10:0_23:0)",605.5116,565.5191,411.3833,229.1798,155.143,337.3465,137.1325,319.336
"DG(34:0) DG(10:0_24:0)",619.5272,579.5347,425.3989,229.1798,155.143,351.3621,137.1325,333.3516
"DG(34:1) DG(10:0_24:1)",617.5116,577.5191,423.3833,229.1798,155.143,349.3465,137.1325,331.336
"DG(35:0) DG(10:0_25:0)",633.5429,593.5504,439.4146,229.1798,155.143,365.3778,137.1325,347.3673
"DG(36:0) DG(10:0_26:0)",647.5585,607.566,453.4302,229.1798,155.143,379.3934,137.1325,361.3829
"DG(24:0) DG(12:0_12:0)",479.3707,439.3782,257.2111,257.2111,183.1743,183.1743,165.1638,165.1638
"DG(25:0) DG(12:0_13:0)",493.3864,453.3939,271.2268,257.2111,183.1743,197.19,165.1638,179.1795
"DG(26:0) DG(12:0_14:0)",507.402,467.4095,285.2424,257.2111,183.1743,211.2056,165.1638,193.1951
"DG(26:1) DG(12:0_14:1)",505.3864,465.3939,283.2268,257.2111,183.1743,209.19,165.1638,191.1795
"DG(27:0) DG(12:0_15:0)",521.4177,481.4252,299.2581,257.2111,183.1743,225.2213,165.1638,207.2108
"DG(27:1) DG(12:0_15:1)",519.402,479.4095,297.2424,257.2111,183.1743,223.2056,165.1638,205.1951
"DG(28:0) DG(12:0_16:0)",535.4333,495.4408,313.2737,257.2111,183.1743,239.2369,165.1638,221.2264
"DG(28:1) DG(12:0_16:1)",533.4177,493.4252,311.2581,257.2111,183.1743,237.2213,165.1638,219.2108
"DG(29:0) DG(12:0_17:0)",549.449,509.4565,327.2894,257.2111,183.1743,253.2526,165.1638,235.2421
"DG(29:1) DG(12:0_17:1)",547.4333,507.4408,325.2737,257.2111,183.1743,251.2369,165.1638,233.2264
"DG(29:2) DG(12:0_17:2)",545.4177,505.4252,323.2581,257.2111,183.1743,249.2213,165.1638,231.2108
"DG(30:0) DG(12:0_18:0)",563.4646,523.4721,341.305,257.2111,183.1743,267.2682,165.1638,249.2577
"DG(30:1) DG(12:0_18:1)",561.449,521.4565,339.2894,257.2111,183.1743,265.2526,165.1638,247.2421
"DG(30:2) DG(12:0_18:2)",559.4333,519.4408,337.2737,257.2111,183.1743,263.2369,165.1638,245.2264
"DG(30:3) DG(12:0_18:3)",557.4177,517.4252,335.2581,257.2111,183.1743,261.2213,165.1638,243.2108
"DG(30:4) DG(12:0_18:4)",555.402,515.4095,333.2424,257.2111,183.1743,259.2056,165.1638,241.1951
"DG(31:0) DG(12:0_19:0)",577.4803,537.4878,355.3207,257.2111,183.1743,281.2839,165.1638,263.2734
"DG(32:0) DG(12:0_20:0)",591.4959,551.5034,369.3363,257.2111,183.1743,295.2995,165.1638,277.289
"DG(32:1) DG(12:0_20:1)",589.4803,549.4878,367.3207,257.2111,183.1743,293.2839,165.1638,275.2734
"DG(32:2) DG(12:0_20:2)",587.4646,547.4721,365.305,257.2111,183.1743,291.2682,165.1638,273.2577
"DG(32:3) DG(12:0_20:3)",585.449,545.4565,363.2894,257.2111,183.1743,289.2526,165.1638,271.2421
"DG(32:4) DG(12:0_20:4)",583.4333,543.4408,361.2737,257.2111,183.1743,287.2369,165.1638,269.2264
"DG(32:5) DG(12:0_20:5)",581.4177,541.4252,359.2581,257.2111,183.1743,285.2213,165.1638,267.2108
"DG(33:0) DG(12:0_21:0)",605.5116,565.5191,383.352,257.2111,183.1743,309.3152,165.1638,291.3047
"DG(34:0) DG(12:0_22:0)",619.5272,579.5347,397.3676,257.2111,183.1743,323.3308,165.1638,305.3203
"DG(34:1) DG(12:0_22:1)",617.5116,577.5191,395.352,257.2111,183.1743,321.3152,165.1638,303.3047
"DG(34:2) DG(12:0_22:2)",615.4959,575.5034,393.3363,257.2111,183.1743,319.2995,165.1638,301.289
"DG(34:3) DG(12:0_22:3)",613.4803,573.4878,391.3207,257.2111,183.1743,317.2839,165.1638,299.2734
"DG(34:4) DG(12:0_22:4)",611.4646,571.4721,389.305,257.2111,183.1743,315.2682,165.1638,297.2577
"DG(34:5) DG(12:0_22:5)",609.449,569.4565,387.2894,257.2111,183.1743,313.2526,165.1638,295.2421
"DG(34:6) DG(12:0_22:6)",607.4333,567.4408,385.2737,257.2111,183.1743,311.2369,165.1638,293.2264
"DG(35:0) DG(12:0_23:0)",633.5429,593.5504,411.3833,257.2111,183.1743,337.3465,165.1638,319.336
"DG(36:0) DG(12:0_24:0)",647.5585,607.566,425.3989,257.2111,183.1743,351.3621,165.1638,333.3516
"DG(36:1) DG(12:0_24:1)",645.5429,605.5504,423.3833,257.2111,183.1743,349.3465,165.1638,331.336
"DG(37:0) DG(12:0_25:0)",661.5742,621.5817,439.4146,257.2111,183.1743,365.3778,165.1638,347.3673
"DG(38:0) DG(12:0_26:0)",675.5898,635.5973,453.4302,257.2111,183.1743,379.3934,165.1638,361.3829
"DG(26:0) DG(13:0_13:0)",507.4021,467.4096,271.2268,271.2268,197.19,197.19,179.1795,179.1795
"DG(27:0) DG(13:0_14:0)",521.4177,481.4252,285.2424,271.2268,197.19,211.2056,179.1795,193.1951
"DG(27:1) DG(13:0_14:1)",519.4021,479.4096,283.2268,271.2268,197.19,209.19,179.1795,191.1795
"DG(28:0) DG(13:0_15:0)",535.4334,495.4409,299.2581,271.2268,197.19,225.2213,179.1795,207.2108
"DG(28:1) DG(13:0_15:1)",533.4177,493.4252,297.2424,271.2268,197.19,223.2056,179.1795,205.1951
"DG(29:0) DG(13:0_16:0)",549.449,509.4565,313.2737,271.2268,197.19,239.2369,179.1795,221.2264
"DG(29:1) DG(13:0_16:1)",547.4334,507.4409,311.2581,271.2268,197.19,237.2213,179.1795,219.2108
"DG(30:0) DG(13:0_17:0)",563.4647,523.4722,327.2894,271.2268,197.19,253.2526,179.1795,235.2421
"DG(30:1) DG(13:0_17:1)",561.449,521.4565,325.2737,271.2268,197.19,251.2369,179.1795,233.2264
"DG(30:2) DG(13:0_17:2)",559.4334,519.4409,323.2581,271.2268,197.19,249.2213,179.1795,231.2108
"DG(31:0) DG(13:0_18:0)",577.4803,537.4878,341.305,271.2268,197.19,267.2682,179.1795,249.2577
"DG(31:1) DG(13:0_18:1)",575.4647,535.4722,339.2894,271.2268,197.19,265.2526,179.1795,247.2421
"DG(31:2) DG(13:0_18:2)",573.449,533.4565,337.2737,271.2268,197.19,263.2369,179.1795,245.2264
"DG(31:3) DG(13:0_18:3)",571.4334,531.4409,335.2581,271.2268,197.19,261.2213,179.1795,243.2108
"DG(31:4) DG(13:0_18:4)",569.4177,529.4252,333.2424,271.2268,197.19,259.2056,179.1795,241.1951
"DG(32:0) DG(13:0_19:0)",591.496,551.5035,355.3207,271.2268,197.19,281.2839,179.1795,263.2734
"DG(33:0) DG(13:0_20:0)",605.5116,565.5191,369.3363,271.2268,197.19,295.2995,179.1795,277.289
"DG(33:1) DG(13:0_20:1)",603.496,563.5035,367.3207,271.2268,197.19,293.2839,179.1795,275.2734
"DG(33:2) DG(13:0_20:2)",601.4803,561.4878,365.305,271.2268,197.19,291.2682,179.1795,273.2577
"DG(33:3) DG(13:0_20:3)",599.4647,559.4722,363.2894,271.2268,197.19,289.2526,179.1795,271.2421
"DG(33:4) DG(13:0_20:4)",597.449,557.4565,361.2737,271.2268,197.19,287.2369,179.1795,269.2264
"DG(33:5) DG(13:0_20:5)",595.4334,555.4409,359.2581,271.2268,197.19,285.2213,179.1795,267.2108
"DG(34:0) DG(13:0_21:0)",619.5273,579.5348,383.352,271.2268,197.19,309.3152,179.1795,291.3047
"DG(35:0) DG(13:0_22:0)",633.5429,593.5504,397.3676,271.2268,197.19,323.3308,179.1795,305.3203
"DG(35:1) DG(13:0_22:1)",631.5273,591.5348,395.352,271.2268,197.19,321.3152,179.1795,303.3047
"DG(35:2) DG(13:0_22:2)",629.5116,589.5191,393.3363,271.2268,197.19,319.2995,179.1795,301.289
"DG(35:3) DG(13:0_22:3)",627.496,587.5035,391.3207,271.2268,197.19,317.2839,179.1795,299.2734
"DG(35:4) DG(13:0_22:4)",625.4803,585.4878,389.305,271.2268,197.19,315.2682,179.1795,297.2577
"DG(35:5) DG(13:0_22:5)",623.4647,583.4722,387.2894,271.2268,197.19,313.2526,179.1795,295.2421
"DG(35:6) DG(13:0_22:6)",621.449,581.4565,385.2737,271.2268,197.19,311.2369,179.1795,293.2264
"DG(36:0) DG(13:0_23:0)",647.5586,607.5661,411.3833,271.2268,197.19,337.3465,179.1795,319.336
"DG(37:0) DG(13:0_24:0)",661.5742,621.5817,425.3989,271.2268,197.19,351.3621,179.1795,333.3516
"DG(37:1) DG(13:0_24:1)",659.5586,619.5661,423.3833,271.2268,197.19,349.3465,179.1795,331.336
"DG(38:0) DG(13:0_25:0)",675.5899,635.5974,439.4146,271.2268,197.19,365.3778,179.1795,347.3673
"DG(39:0) DG(13:0_26:0)",689.6055,649.613,453.4302,271.2268,197.19,379.3934,179.1795,361.3829
"DG(28:0) DG(14:0_14:0)",535.4333,495.4408,285.2424,285.2424,211.2056,211.2056,193.1951,193.1951
"DG(28:1) DG(14:0_14:1)",533.4177,493.4252,283.2268,285.2424,211.2056,209.19,193.1951,191.1795
"DG(29:0) DG(14:0_15:0)",549.449,509.4565,299.2581,285.2424,211.2056,225.2213,193.1951,207.2108
"DG(29:1) DG(14:0_15:1)",547.4333,507.4408,297.2424,285.2424,211.2056,223.2056,193.1951,205.1951
"DG(30:0) DG(14:0_16:0)",563.4646,523.4721,313.2737,285.2424,211.2056,239.2369,193.1951,221.2264
"DG(30:1) DG(14:0_16:1)",561.449,521.4565,311.2581,285.2424,211.2056,237.2213,193.1951,219.2108
"DG(31:0) DG(14:0_17:0)",577.4803,537.4878,327.2894,285.2424,211.2056,253.2526,193.1951,235.2421
"DG(31:1) DG(14:0_17:1)",575.4646,535.4721,325.2737,285.2424,211.2056,251.2369,193.1951,233.2264
"DG(31:2) DG(14:0_17:2)",573.449,533.4565,323.2581,285.2424,211.2056,249.2213,193.1951,231.2108
"DG(32:0) DG(14:0_18:0)",591.4959,551.5034,341.305,285.2424,211.2056,267.2682,193.1951,249.2577
"DG(32:1) DG(14:0_18:1)",589.4803,549.4878,339.2894,285.2424,211.2056,265.2526,193.1951,247.2421
"DG(32:2) DG(14:0_18:2)",587.4646,547.4721,337.2737,285.2424,211.2056,263.2369,193.1951,245.2264
"DG(32:3) DG(14:0_18:3)",585.449,545.4565,335.2581,285.2424,211.2056,261.2213,193.1951,243.2108
"DG(32:4) DG(14:0_18:4)",583.4333,543.4408,333.2424,285.2424,211.2056,259.2056,193.1951,241.1951
"DG(33:0) DG(14:0_19:0)",605.5116,565.5191,355.3207,285.2424,211.2056,281.2839,193.1951,263.2734
"DG(34:0) DG(14:0_20:0)",619.5272,579.5347,369.3363,285.2424,211.2056,295.2995,193.1951,277.289
"DG(34:1) DG(14:0_20:1)",617.5116,577.5191,367.3207,285.2424,211.2056,293.2839,193.1951,275.2734
"DG(34:2) DG(14:0_20:2)",615.4959,575.5034,365.305,285.2424,211.2056,291.2682,193.1951,273.2577
"DG(34:3) DG(14:0_20:3)",613.4803,573.4878,363.2894,285.2424,211.2056,289.2526,193.1951,271.2421
"DG(34:4) DG(14:0_20:4)",611.4646,571.4721,361.2737,285.2424,211.2056,287.2369,193.1951,269.2264
"DG(34:5) DG(14:0_20:5)",609.449,569.4565,359.2581,285.2424,211.2056,285.2213,193.1951,267.2108
"DG(35:0) DG(14:0_21:0)",633.5429,593.5504,383.352,285.2424,211.2056,309.3152,193.1951,291.3047
"DG(36:0) DG(14:0_22:0)",647.5585,607.566,397.3676,285.2424,211.2056,323.3308,193.1951,305.3203
"DG(36:1) DG(14:0_22:1)",645.5429,605.5504,395.352,285.2424,211.2056,321.3152,193.1951,303.3047
"DG(36:2) DG(14:0_22:2)",643.5272,603.5347,393.3363,285.2424,211.2056,319.2995,193.1951,301.289
"DG(36:3) DG(14:0_22:3)",641.5116,601.5191,391.3207,285.2424,211.2056,317.2839,193.1951,299.2734
"DG(36:4) DG(14:0_22:4)",639.4959,599.5034,389.305,285.2424,211.2056,315.2682,193.1951,297.2577
"DG(36:5) DG(14:0_22:5)",637.4803,597.4878,387.2894,285.2424,211.2056,313.2526,193.1951,295.2421
"DG(36:6) DG(14:0_22:6)",635.4646,595.4721,385.2737,285.2424,211.2056,311.2369,193.1951,293.2264
"DG(37:0) DG(14:0_23:0)",661.5742,621.5817,411.3833,285.2424,211.2056,337.3465,193.1951,319.336
"DG(38:0) DG(14:0_24:0)",675.5898,635.5973,425.3989,285.2424,211.2056,351.3621,193.1951,333.3516
"DG(38:1) DG(14:0_24:1)",673.5742,633.5817,423.3833,285.2424,211.2056,349.3465,193.1951,331.336
"DG(39:0) DG(14:0_25:0)",689.6055,649.613,439.4146,285.2424,211.2056,365.3778,193.1951,347.3673
"DG(40:0) DG(14:0_26:0)",703.6211,663.6286,453.4302,285.2424,211.2056,379.3934,193.1951,361.3829
"DG(28:2) DG(14:1_14:1)",531.4021,491.4096,283.2268,283.2268,209.19,209.19,191.1795,191.1795
"DG(29:1) DG(14:1_15:0)",547.4334,507.4409,299.2581,283.2268,209.19,225.2213,191.1795,207.2108
"DG(29:2) DG(14:1_15:1)",545.4177,505.4252,297.2424,283.2268,209.19,223.2056,191.1795,205.1951
"DG(30:1) DG(14:1_16:0)",561.449,521.4565,313.2737,283.2268,209.19,239.2369,191.1795,221.2264
"DG(30:2) DG(14:1_16:1)",559.4334,519.4409,311.2581,283.2268,209.19,237.2213,191.1795,219.2108
"DG(31:1) DG(14:1_17:0)",575.4647,535.4722,327.2894,283.2268,209.19,253.2526,191.1795,235.2421
"DG(31:2) DG(14:1_17:1)",573.449,533.4565,325.2737,283.2268,209.19,251.2369,191.1795,233.2264
"DG(31:3) DG(14:1_17:2)",571.4334,531.4409,323.2581,283.2268,209.19,249.2213,191.1795,231.2108
"DG(32:1) DG(14:1_18:0)",589.4803,549.4878,341.305,283.2268,209.19,267.2682,191.1795,249.2577
"DG(32:2) DG(14:1_18:1)",587.4647,547.4722,339.2894,283.2268,209.19,265.2526,191.1795,247.2421
"DG(32:3) DG(14:1_18:2)",585.449,545.4565,337.2737,283.2268,209.19,263.2369,191.1795,245.2264
"DG(32:4) DG(14:1_18:3)",583.4334,543.4409,335.2581,283.2268,209.19,261.2213,191.1795,243.2108
"DG(32:5) DG(14:1_18:4)",581.4177,541.4252,333.2424,283.2268,209.19,259.2056,191.1795,241.1951
"DG(33:1) DG(14:1_19:0)",603.496,563.5035,355.3207,283.2268,209.19,281.2839,191.1795,263.2734
"DG(34:1) DG(14:1_20:0)",617.5116,577.5191,369.3363,283.2268,209.19,295.2995,191.1795,277.289
"DG(34:2) DG(14:1_20:1)",615.496,575.5035,367.3207,283.2268,209.19,293.2839,191.1795,275.2734
"DG(34:3) DG(14:1_20:2)",613.4803,573.4878,365.305,283.2268,209.19,291.2682,191.1795,273.2577
"DG(34:4) DG(14:1_20:3)",611.4647,571.4722,363.2894,283.2268,209.19,289.2526,191.1795,271.2421
"DG(34:5) DG(14:1_20:4)",609.449,569.4565,361.2737,283.2268,209.19,287.2369,191.1795,269.2264
"DG(34:6) DG(14:1_20:5)",607.4334,567.4409,359.2581,283.2268,209.19,285.2213,191.1795,267.2108
"DG(35:1) DG(14:1_21:0)",631.5273,591.5348,383.352,283.2268,209.19,309.3152,191.1795,291.3047
"DG(36:1) DG(14:1_22:0)",645.5429,605.5504,397.3676,283.2268,209.19,323.3308,191.1795,305.3203
"DG(36:2) DG(14:1_22:1)",643.5273,603.5348,395.352,283.2268,209.19,321.3152,191.1795,303.3047
"DG(36:3) DG(14:1_22:2)",641.5116,601.5191,393.3363,283.2268,209.19,319.2995,191.1795,301.289
"DG(36:4) DG(14:1_22:3)",639.496,599.5035,391.3207,283.2268,209.19,317.2839,191.1795,299.2734
"DG(36:5) DG(14:1_22:4)",637.4803,597.4878,389.305,283.2268,209.19,315.2682,191.1795,297.2577
"DG(36:6) DG(14:1_22:5)",635.4647,595.4722,387.2894,283.2268,209.19,313.2526,191.1795,295.2421
"DG(36:7) DG(14:1_22:6)",633.449,593.4565,385.2737,283.2268,209.19,311.2369,191.1795,293.2264
"DG(37:1) DG(14:1_23:0)",659.5586,619.5661,411.3833,283.2268,209.19,337.3465,191.1795,319.336
"DG(38:1) DG(14:1_24:0)",673.5742,633.5817,425.3989,283.2268,209.19,351.3621,191.1795,333.3516
"DG(38:2) DG(14:1_24:1)",671.5586,631.5661,423.3833,283.2268,209.19,349.3465,191.1795,331.336
"DG(39:1) DG(14:1_25:0)",687.5899,647.5974,439.4146,283.2268,209.19,365.3778,191.1795,347.3673
"DG(40:1) DG(14:1_26:0)",701.6055,661.613,453.4302,283.2268,209.19,379.3934,191.1795,361.3829
"DG(30:0) DG(15:0_15:0)",563.4647,523.4722,299.2581,299.2581,225.2213,225.2213,207.2108,207.2108
"DG(30:1) DG(15:0_15:1)",561.449,521.4565,297.2424,299.2581,225.2213,223.2056,207.2108,205.1951
"DG(31:0) DG(15:0_16:0)",577.4803,537.4878,313.2737,299.2581,225.2213,239.2369,207.2108,221.2264
"DG(31:1) DG(15:0_16:1)",575.4647,535.4722,311.2581,299.2581,225.2213,237.2213,207.2108,219.2108
"DG(32:0) DG(15:0_17:0)",591.496,551.5035,327.2894,299.2581,225.2213,253.2526,207.2108,235.2421
"DG(32:1) DG(15:0_17:1)",589.4803,549.4878,325.2737,299.2581,225.2213,251.2369,207.2108,233.2264
"DG(32:2) DG(15:0_17:2)",587.4647,547.4722,323.2581,299.2581,225.2213,249.2213,207.2108,231.2108
"DG(33:0) DG(15:0_18:0)",605.5116,565.5191,341.305,299.2581,225.2213,267.2682,207.2108,249.2577
"DG(33:1) DG(15:0_18:1)",603.496,563.5035,339.2894,299.2581,225.2213,265.2526,207.2108,247.2421
"DG(33:2) DG(15:0_18:2)",601.4803,561.4878,337.2737,299.2581,225.2213,263.2369,207.2108,245.2264
"DG(33:3) DG(15:0_18:3)",599.4647,559.4722,335.2581,299.2581,225.2213,261.2213,207.2108,243.2108
"DG(33:4) DG(15:0_18:4)",597.449,557.4565,333.2424,299.2581,225.2213,259.2056,207.2108,241.1951
"DG(34:0) DG(15:0_19:0)",619.5273,579.5348,355.3207,299.2581,225.2213,281.2839,207.2108,263.2734
"DG(35:0) DG(15:0_20:0)",633.5429,593.5504,369.3363,299.2581,225.2213,295.2995,207.2108,277.289
"DG(35:1) DG(15:0_20:1)",631.5273,591.5348,367.3207,299.2581,225.2213,293.2839,207.2108,275.2734
"DG(35:2) DG(15:0_20:2)",629.5116,589.5191,365.305,299.2581,225.2213,291.2682,207.2108,273.2577
"DG(35:3) DG(15:0_20:3)",627.496,587.5035,363.2894,299.2581,225.2213,289.2526,207.2108,271.2421
"DG(35:4) DG(15:0_20:4)",625.4803,585.4878,361.2737,299.2581,225.2213,287.2369,207.2108,269.2264
"DG(35:5) DG(15:0_20:5)",623.4647,583.4722,359.2581,299.2581,225.2213,285.2213,207.2108,267.2108
"DG(36:0) DG(15:0_21:0)",647.5586,607.5661,383.352,299.2581,225.2213,309.3152,207.2108,291.3047
"DG(37:0) DG(15:0_22:0)",661.5742,621.5817,397.3676,299.2581,225.2213,323.3308,207.2108,305.3203
"DG(37:1) DG(15:0_22:1)",659.5586,619.5661,395.352,299.2581,225.2213,321.3152,207.2108,303.3047
"DG(37:2) DG(15:0_22:2)",657.5429,617.5504,393.3363,299.2581,225.2213,319.2995,207.2108,301.289
"DG(37:3) DG(15:0_22:3)",655.5273,615.5348,391.3207,299.2581,225.2213,317.2839,207.2108,299.2734
"DG(37:4) DG(15:0_22:4)",653.5116,613.5191,389.305,299.2581,225.2213,315.2682,207.2108,297.2577
"DG(37:5) DG(15:0_22:5)",651.496,611.5035,387.2894,299.2581,225.2213,313.2526,207.2108,295.2421
"DG(37:6) DG(15:0_22:6)",649.4803,609.4878,385.2737,299.2581,225.2213,311.2369,207.2108,293.2264
"DG(38:0) DG(15:0_23:0)",675.5899,635.5974,411.3833,299.2581,225.2213,337.3465,207.2108,319.336
"DG(39:0) DG(15:0_24:0)",689.6055,649.613,425.3989,299.2581,225.2213,351.3621,207.2108,333.3516
"DG(39:1) DG(15:0_24:1)",687.5899,647.5974,423.3833,299.2581,225.2213,349.3465,207.2108,331.336
"DG(40:0) DG(15:0_25:0)",703.6212,663.6287,439.4146,299.2581,225.2213,365.3778,207.2108,347.3673
"DG(41:0) DG(15:0_26:0)",717.6368,677.6443,453.4302,299.2581,225.2213,379.3934,207.2108,361.3829
"DG(30:2) DG(15:1_15:1)",559.4333,519.4408,297.2424,297.2424,223.2056,223.2056,205.1951,205.1951
"DG(31:1) DG(15:1_16:0)",575.4646,535.4721,313.2737,297.2424,223.2056,239.2369,205.1951,221.2264
"DG(31:2) DG(15:1_16:1)",573.449,533.4565,311.2581,297.2424,223.2056,237.2213,205.1951,219.2108
"DG(32:1) DG(15:1_17:0)",589.4803,549.4878,327.2894,297.2424,223.2056,253.2526,205.1951,235.2421
"DG(32:2) DG(15:1_17:1)",587.4646,547.4721,325.2737,297.2424,223.2056,251.2369,205.1951,233.2264
"DG(32:3) DG(15:1_17:2)",585.449,545.4565,323.2581,297.2424,223.2056,249.2213,205.1951,231.2108
"DG(33:1) DG(15:1_18:0)",603.4959,563.5034,341.305,297.2424,223.2056,267.2682,205.1951,249.2577
"DG(33:2) DG(15:1_18:1)",601.4803,561.4878,339.2894,297.2424,223.2056,265.2526,205.1951,247.2421
"DG(33:3) DG(15:1_18:2)",599.4646,559.4721,337.2737,297.2424,223.2056,263.2369,205.1951,245.2264
"DG(33:4) DG(15:1_18:3)",597.449,557.4565,335.2581,297.2424,223.2056,261.2213,205.1951,243.2108
"DG(33:5) DG(15:1_18:4)",595.4333,555.4408,333.2424,297.2424,223.2056,259.2056,205.1951,241.1951
"DG(34:1) DG(15:1_19:0)",617.5116,577.5191,355.3207,297.2424,223.2056,281.2839,205.1951,263.2734
"DG(35:1) DG(15:1_20:0)",631.5272,591.5347,369.3363,297.2424,223.2056,295.2995,205.1951,277.289
"DG(35:2) DG(15:1_20:1)",629.5116,589.5191,367.3207,297.2424,223.2056,293.2839,205.1951,275.2734
"DG(35:3) DG(15:1_20:2)",627.4959,587.5034,365.305,297.2424,223.2056,291.2682,205.1951,273.2577
"DG(35:4) DG(15:1_20:3)",625.4803,585.4878,363.2894,297.2424,223.2056,289.2526,205.1951,271.2421
"DG(35:5) DG(15:1_20:4)",623.4646,583.4721,361.2737,297.2424,223.2056,287.2369,205.1951,269.2264
"DG(35:6) DG(15:1_20:5)",621.449,581.4565,359.2581,297.2424,223.2056,285.2213,205.1951,267.2108
"DG(36:1) DG(15:1_21:0)",645.5429,605.5504,383.352,297.2424,223.2056,309.3152,205.1951,291.3047
"DG(37:1) DG(15:1_22:0)",659.5585,619.566,397.3676,297.2424,223.2056,323.3308,205.1951,305.3203
"DG(37:2) DG(15:1_22:1)",657.5429,617.5504,395.352,297.2424,223.2056,321.3152,205.1951,303.3047
"DG(37:3) DG(15:1_22:2)",655.5272,615.5347,393.3363,297.2424,223.2056,319.2995,205.1951,301.289
"DG(37:4) DG(15:1_22:3)",653.5116,613.5191,391.3207,297.2424,223.2056,317.2839,205.1951,299.2734
"DG(37:5) DG(15:1_22:4)",651.4959,611.5034,389.305,297.2424,223.2056,315.2682,205.1951,297.2577
"DG(37:6) DG(15:1_22:5)",649.4803,609.4878,387.2894,297.2424,223.2056,313.2526,205.1951,295.2421
"DG(37:7) DG(15:1_22:6)",647.4646,607.4721,385.2737,297.2424,223.2056,311.2369,205.1951,293.2264
"DG(38:1) DG(15:1_23:0)",673.5742,633.5817,411.3833,297.2424,223.2056,337.3465,205.1951,319.336
"DG(39:1) DG(15:1_24:0)",687.5898,647.5973,425.3989,297.2424,223.2056,351.3621,205.1951,333.3516
"DG(39:2) DG(15:1_24:1)",685.5742,645.5817,423.3833,297.2424,223.2056,349.3465,205.1951,331.336
"DG(40:1) DG(15:1_25:0)",701.6055,661.613,439.4146,297.2424,223.2056,365.3778,205.1951,347.3673
"DG(41:1) DG(15:1_26:0)",715.6211,675.6286,453.4302,297.2424,223.2056,379.3934,205.1951,361.3829
"DG(32:0) DG(16:0_16:0)",591.4959,551.5034,313.2737,313.2737,239.2369,239.2369,221.2264,221.2264
"DG(32:1) DG(16:0_16:1)",589.4803,549.4878,311.2581,313.2737,239.2369,237.2213,221.2264,219.2108
"DG(33:0) DG(16:0_17:0)",605.5116,565.5191,327.2894,313.2737,239.2369,253.2526,221.2264,235.2421
"DG(33:1) DG(16:0_17:1)",603.4959,563.5034,325.2737,313.2737,239.2369,251.2369,221.2264,233.2264
"DG(33:2) DG(16:0_17:2)",601.4803,561.4878,323.2581,313.2737,239.2369,249.2213,221.2264,231.2108
"DG(34:0) DG(16:0_18:0)",619.5272,579.5347,341.305,313.2737,239.2369,267.2682,221.2264,249.2577
"DG(34:1) DG(16:0_18:1)",617.5116,577.5191,339.2894,313.2737,239.2369,265.2526,221.2264,247.2421
"DG(34:2) DG(16:0_18:2)",615.4959,575.5034,337.2737,313.2737,239.2369,263.2369,221.2264,245.2264
"DG(34:3) DG(16:0_18:3)",613.4803,573.4878,335.2581,313.2737,239.2369,261.2213,221.2264,243.2108
"DG(34:4) DG(16:0_18:4)",611.4646,571.4721,333.2424,313.2737,239.2369,259.2056,221.2264,241.1951
"DG(35:0) DG(16:0_19:0)",633.5429,593.5504,355.3207,313.2737,239.2369,281.2839,221.2264,263.2734
"DG(36:0) DG(16:0_20:0)",647.5585,607.566,369.3363,313.2737,239.2369,295.2995,221.2264,277.289
"DG(36:1) DG(16:0_20:1)",645.5429,605.5504,367.3207,313.2737,239.2369,293.2839,221.2264,275.2734
"DG(36:2) DG(16:0_20:2)",643.5272,603.5347,365.305,313.2737,239.2369,291.2682,221.2264,273.2577
"DG(36:3) DG(16:0_20:3)",641.5116,601.5191,363.2894,313.2737,239.2369,289.2526,221.2264,271.2421
"DG(36:4) DG(16:0_20:4)",639.4959,599.5034,361.2737,313.2737,239.2369,287.2369,221.2264,269.2264
"DG(36:5) DG(16:0_20:5)",637.4803,597.4878,359.2581,313.2737,239.2369,285.2213,221.2264,267.2108
"DG(37:0) DG(16:0_21:0)",661.5742,621.5817,383.352,313.2737,239.2369,309.3152,221.2264,291.3047
"DG(38:0) DG(16:0_22:0)",675.5898,635.5973,397.3676,313.2737,239.2369,323.3308,221.2264,305.3203
"DG(38:1) DG(16:0_22:1)",673.5742,633.5817,395.352,313.2737,239.2369,321.3152,221.2264,303.3047
"DG(38:2) DG(16:0_22:2)",671.5585,631.566,393.3363,313.2737,239.2369,319.2995,221.2264,301.289
"DG(38:3) DG(16:0_22:3)",669.5429,629.5504,391.3207,313.2737,239.2369,317.2839,221.2264,299.2734
"DG(38:4) DG(16:0_22:4)",667.5272,627.5347,389.305,313.2737,239.2369,315.2682,221.2264,297.2577
"DG(38:5) DG(16:0_22:5)",665.5116,625.5191,387.2894,313.2737,239.2369,313.2526,221.2264,295.2421
"DG(38:6) DG(16:0_22:6)",663.4959,623.5034,385.2737,313.2737,239.2369,311.2369,221.2264,293.2264
"DG(39:0) DG(16:0_23:0)",689.6055,649.613,411.3833,313.2737,239.2369,337.3465,221.2264,319.336
"DG(40:0) DG(16:0_24:0)",703.6211,663.6286,425.3989,313.2737,239.2369,351.3621,221.2264,333.3516
"DG(40:1) DG(16:0_24:1)",701.6055,661.613,423.3833,313.2737,239.2369,349.3465,221.2264,331.336
"DG(41:0) DG(16:0_25:0)",717.6368,677.6443,439.4146,313.2737,239.2369,365.3778,221.2264,347.3673
"DG(42:0) DG(16:0_26:0)",731.6524,691.6599,453.4302,313.2737,239.2369,379.3934,221.2264,361.3829
"DG(32:2) DG(16:1_16:1)",587.4647,547.4722,311.2581,311.2581,237.2213,237.2213,219.2108,219.2108
"DG(33:1) DG(16:1_17:0)",603.496,563.5035,327.2894,311.2581,237.2213,253.2526,219.2108,235.2421
"DG(33:2) DG(16:1_17:1)",601.4803,561.4878,325.2737,311.2581,237.2213,251.2369,219.2108,233.2264
"DG(33:3) DG(16:1_17:2)",599.4647,559.4722,323.2581,311.2581,237.2213,249.2213,219.2108,231.2108
"DG(34:1) DG(16:1_18:0)",617.5116,577.5191,341.305,311.2581,237.2213,267.2682,219.2108,249.2577
"DG(34:2) DG(16:1_18:1)",615.496,575.5035,339.2894,311.2581,237.2213,265.2526,219.2108,247.2421
"DG(34:3) DG(16:1_18:2)",613.4803,573.4878,337.2737,311.2581,237.2213,263.2369,219.2108,245.2264
"DG(34:4) DG(16:1_18:3)",611.4647,571.4722,335.2581,311.2581,237.2213,261.2213,219.2108,243.2108
"DG(34:5) DG(16:1_18:4)",609.449,569.4565,333.2424,311.2581,237.2213,259.2056,219.2108,241.1951
"DG(35:1) DG(16:1_19:0)",631.5273,591.5348,355.3207,311.2581,237.2213,281.2839,219.2108,263.2734
"DG(36:1) DG(16:1_20:0)",645.5429,605.5504,369.3363,311.2581,237.2213,295.2995,219.2108,277.289
"DG(36:2) DG(16:1_20:1)",643.5273,603.5348,367.3207,311.2581,237.2213,293.2839,219.2108,275.2734
"DG(36:3) DG(16:1_20:2)",641.5116,601.5191,365.305,311.2581,237.2213,291.2682,219.2108,273.2577
"DG(36:4) DG(16:1_20:3)",639.496,599.5035,363.2894,311.2581,237.2213,289.2526,219.2108,271.2421
"DG(36:5) DG(16:1_20:4)",637.4803,597.4878,361.2737,311.2581,237.2213,287.2369,219.2108,269.2264
"DG(36:6) DG(16:1_20:5)",635.4647,595.4722,359.2581,311.2581,237.2213,285.2213,219.2108,267.2108
"DG(37:1) DG(16:1_21:0)",659.5586,619.5661,383.352,311.2581,237.2213,309.3152,219.2108,291.3047
"DG(38:1) DG(16:1_22:0)",673.5742,633.5817,397.3676,311.2581,237.2213,323.3308,219.2108,305.3203
"DG(38:2) DG(16:1_22:1)",671.5586,631.5661,395.352,311.2581,237.2213,321.3152,219.2108,303.3047
"DG(38:3) DG(16:1_22:2)",669.5429,629.5504,393.3363,311.2581,237.2213,319.2995,219.2108,301.289
"DG(38:4) DG(16:1_22:3)",667.5273,627.5348,391.3207,311.2581,237.2213,317.2839,219.2108,299.2734
"DG(38:5) DG(16:1_22:4)",665.5116,625.5191,389.305,311.2581,237.2213,315.2682,219.2108,297.2577
"DG(38:6) DG(16:1_22:5)",663.496,623.5035,387.2894,311.2581,237.2213,313.2526,219.2108,295.2421
"DG(38:7) DG(16:1_22:6)",661.4803,621.4878,385.2737,311.2581,237.2213,311.2369,219.2108,293.2264
"DG(39:1) DG(16:1_23:0)",687.5899,647.5974,411.3833,311.2581,237.2213,337.3465,219.2108,319.336
"DG(40:1) DG(16:1_24:0)",701.6055,661.613,425.3989,311.2581,237.2213,351.3621,219.2108,333.3516
"DG(40:2) DG(16:1_24:1)",699.5899,659.5974,423.3833,311.2581,237.2213,349.3465,219.2108,331.336
"DG(41:1) DG(16:1_25:0)",715.6212,675.6287,439.4146,311.2581,237.2213,365.3778,219.2108,347.3673
"DG(42:1) DG(16:1_26:0)",729.6368,689.6443,453.4302,311.2581,237.2213,379.3934,219.2108,361.3829
"DG(34:0) DG(17:0_17:0)",619.5273,579.5348,327.2894,327.2894,253.2526,253.2526,235.2421,235.2421
"DG(34:1) DG(17:0_17:1)",617.5116,577.5191,325.2737,327.2894,253.2526,251.2369,235.2421,233.2264
"DG(34:2) DG(17:0_17:2)",615.496,575.5035,323.2581,327.2894,253.2526,249.2213,235.2421,231.2108
"DG(35:0) DG(17:0_18:0)",633.5429,593.5504,341.305,327.2894,253.2526,267.2682,235.2421,249.2577
"DG(35:1) DG(17:0_18:1)",631.5273,591.5348,339.2894,327.2894,253.2526,265.2526,235.2421,247.2421
"DG(35:2) DG(17:0_18:2)",629.5116,589.5191,337.2737,327.2894,253.2526,263.2369,235.2421,245.2264
"DG(35:3) DG(17:0_18:3)",627.496,587.5035,335.2581,327.2894,253.2526,261.2213,235.2421,243.2108
"DG(35:4) DG(17:0_18:4)",625.4803,585.4878,333.2424,327.2894,253.2526,259.2056,235.2421,241.1951
"DG(36:0) DG(17:0_19:0)",647.5586,607.5661,355.3207,327.2894,253.2526,281.2839,235.2421,263.2734
"DG(37:0) DG(17:0_20:0)",661.5742,621.5817,369.3363,327.2894,253.2526,295.2995,235.2421,277.289
"DG(37:1) DG(17:0_20:1)",659.5586,619.5661,367.3207,327.2894,253.2526,293.2839,235.2421,275.2734
"DG(37:2) DG(17:0_20:2)",657.5429,617.5504,365.305,327.2894,253.2526,291.2682,235.2421,273.2577
"DG(37:3) DG(17:0_20:3)",655.5273,615.5348,363.2894,327.2894,253.2526,289.2526,235.2421,271.2421
"DG(37:4) DG(17:0_20:4)",653.5116,613.5191,361.2737,327.2894,253.2526,287.2369,235.2421,269.2264
"DG(37:5) DG(17:0_20:5)",651.496,611.5035,359.2581,327.2894,253.2526,285.2213,235.2421,267.2108
"DG(38:0) DG(17:0_21:0)",675.5899,635.5974,383.352,327.2894,253.2526,309.3152,235.2421,291.3047
"DG(39:0) DG(17:0_22:0)",689.6055,649.613,397.3676,327.2894,253.2526,323.3308,235.2421,305.3203
"DG(39:1) DG(17:0_22:1)",687.5899,647.5974,395.352,327.2894,253.2526,321.3152,235.2421,303.3047
"DG(39:2) DG(17:0_22:2)",685.5742,645.5817,393.3363,327.2894,253.2526,319.2995,235.2421,301.289
"DG(39:3) DG(17:0_22:3)",683.5586,643.5661,391.3207,327.2894,253.2526,317.2839,235.2421,299.2734
"DG(39:4) DG(17:0_22:4)",681.5429,641.5504,389.305,327.2894,253.2526,315.2682,235.2421,297.2577
"DG(39:5) DG(17:0_22:5)",679.5273,639.5348,387.2894,327.2894,253.2526,313.2526,235.2421,295.2421
"DG(39:6) DG(17:0_22:6)",677.5116,637.5191,385.2737,327.2894,253.2526,311.2369,235.2421,293.2264
"DG(40:0) DG(17:0_23:0)",703.6212,663.6287,411.3833,327.2894,253.2526,337.3465,235.2421,319.336
"DG(41:0) DG(17:0_24:0)",717.6368,677.6443,425.3989,327.2894,253.2526,351.3621,235.2421,333.3516
"DG(41:1) DG(17:0_24:1)",715.6212,675.6287,423.3833,327.2894,253.2526,349.3465,235.2421,331.336
"DG(42:0) DG(17:0_25:0)",731.6525,691.66,439.4146,327.2894,253.2526,365.3778,235.2421,347.3673
"DG(43:0) DG(17:0_26:0)",745.6681,705.6756,453.4302,327.2894,253.2526,379.3934,235.2421,361.3829
"DG(34:2) DG(17:1_17:1)",615.4959,575.5034,325.2737,325.2737,251.2369,251.2369,233.2264,233.2264
"DG(34:3) DG(17:1_17:2)",613.4803,573.4878,323.2581,325.2737,251.2369,249.2213,233.2264,231.2108
"DG(35:1) DG(17:1_18:0)",631.5272,591.5347,341.305,325.2737,251.2369,267.2682,233.2264,249.2577
"DG(35:2) DG(17:1_18:1)",629.5116,589.5191,339.2894,325.2737,251.2369,265.2526,233.2264,247.2421
"DG(35:3) DG(17:1_18:2)",627.4959,587.5034,337.2737,325.2737,251.2369,263.2369,233.2264,245.2264
"DG(35:4) DG(17:1_18:3)",625.4803,585.4878,335.2581,325.2737,251.2369,261.2213,233.2264,243.2108
"DG(35:5) DG(17:1_18:4)",623.4646,583.4721,333.2424,325.2737,251.2369,259.2056,233.2264,241.1951
"DG(36:1) DG(17:1_19:0)",645.5429,605.5504,355.3207,325.2737,251.2369,281.2839,233.2264,263.2734
"DG(37:1) DG(17:1_20:0)",659.5585,619.566,369.3363,325.2737,251.2369,295.2995,233.2264,277.289
"DG(37:2) DG(17:1_20:1)",657.5429,617.5504,367.3207,325.2737,251.2369,293.2839,233.2264,275.2734
"DG(37:3) DG(17:1_20:2)",655.5272,615.5347,365.305,325.2737,251.2369,291.2682,233.2264,273.2577
"DG(37:4) DG(17:1_20:3)",653.5116,613.5191,363.2894,325.2737,251.2369,289.2526,233.2264,271.2421
"DG(37:5) DG(17:1_20:4)",651.4959,611.5034,361.2737,325.2737,251.2369,287.2369,233.2264,269.2264
"DG(37:6) DG(17:1_20:5)",649.4803,609.4878,359.2581,325.2737,251.2369,285.2213,233.2264,267.2108
"DG(38:1) DG(17:1_21:0)",673.5742,633.5817,383.352,325.2737,251.2369,309.3152,233.2264,291.3047
"DG(39:1) DG(17:1_22:0)",687.5898,647.5973,397.3676,325.2737,251.2369,323.3308,233.2264,305.3203
"DG(39:2) DG(17:1_22:1)",685.5742,645.5817,395.352,325.2737,251.2369,321.3152,233.2264,303.3047
"DG(39:3) DG(17:1_22:2)",683.5585,643.566,393.3363,325.2737,251.2369,319.2995,233.2264,301.289
"DG(39:4) DG(17:1_22:3)",681.5429,641.5504,391.3207,325.2737,251.2369,317.2839,233.2264,299.2734
"DG(39:5) DG(17:1_22:4)",679.5272,639.5347,389.305,325.2737,251.2369,315.2682,233.2264,297.2577
"DG(39:6) DG(17:1_22:5)",677.5116,637.5191,387.2894,325.2737,251.2369,313.2526,233.2264,295.2421
"DG(39:7) DG(17:1_22:6)",675.4959,635.5034,385.2737,325.2737,251.2369,311.2369,233.2264,293.2264
"DG(40:1) DG(17:1_23:0)",701.6055,661.613,411.3833,325.2737,251.2369,337.3465,233.2264,319.336
"DG(41:1) DG(17:1_24:0)",715.6211,675.6286,425.3989,325.2737,251.2369,351.3621,233.2264,333.3516
"DG(41:2) DG(17:1_24:1)",713.6055,673.613,423.3833,325.2737,251.2369,349.3465,233.2264,331.336
"DG(42:1) DG(17:1_25:0)",729.6368,689.6443,439.4146,325.2737,251.2369,365.3778,233.2264,347.3673
"DG(43:1) DG(17:1_26:0)",743.6524,703.6599,453.4302,325.2737,251.2369,379.3934,233.2264,361.3829
"DG(34:4) DG(17:2_17:2)",611.4647,571.4722,323.2581,323.2581,249.2213,249.2213,231.2108,231.2108
"DG(35:2) DG(17:2_18:0)",629.5116,589.5191,341.305,323.2581,249.2213,267.2682,231.2108,249.2577
"DG(35:3) DG(17:2_18:1)",627.496,587.5035,339.2894,323.2581,249.2213,265.2526,231.2108,247.2421
"DG(35:4) DG(17:2_18:2)",625.4803,585.4878,337.2737,323.2581,249.2213,263.2369,231.2108,245.2264
"DG(35:5) DG(17:2_18:3)",623.4647,583.4722,335.2581,323.2581,249.2213,261.2213,231.2108,243.2108
"DG(35:6) DG(17:2_18:4)",621.449,581.4565,333.2424,323.2581,249.2213,259.2056,231.2108,241.1951
"DG(36:2) DG(17:2_19:0)",643.5273,603.5348,355.3207,323.2581,249.2213,281.2839,231.2108,263.2734
"DG(37:2) DG(17:2_20:0)",657.5429,617.5504,369.3363,323.2581,249.2213,295.2995,231.2108,277.289
"DG(37:3) DG(17:2_20:1)",655.5273,615.5348,367.3207,323.2581,249.2213,293.2839,231.2108,275.2734
"DG(37:4) DG(17:2_20:2)",653.5116,613.5191,365.305,323.2581,249.2213,291.2682,231.2108,273.2577
"DG(37:5) DG(17:2_20:3)",651.496,611.5035,363.2894,323.2581,249.2213,289.2526,231.2108,271.2421
"DG(37:6) DG(17:2_20:4)",649.4803,609.4878,361.2737,323.2581,249.2213,287.2369,231.2108,269.2264
"DG(37:7) DG(17:2_20:5)",647.4647,607.4722,359.2581,323.2581,249.2213,285.2213,231.2108,267.2108
"DG(38:2) DG(17:2_21:0)",671.5586,631.5661,383.352,323.2581,249.2213,309.3152,231.2108,291.3047
"DG(39:2) DG(17:2_22:0)",685.5742,645.5817,397.3676,323.2581,249.2213,323.3308,231.2108,305.3203
"DG(39:3) DG(17:2_22:1)",683.5586,643.5661,395.352,323.2581,249.2213,321.3152,231.2108,303.3047
"DG(39:4) DG(17:2_22:2)",681.5429,641.5504,393.3363,323.2581,249.2213,319.2995,231.2108,301.289
"DG(39:5) DG(17:2_22:3)",679.5273,639.5348,391.3207,323.2581,249.2213,317.2839,231.2108,299.2734
"DG(39:6) DG(17:2_22:4)",677.5116,637.5191,389.305,323.2581,249.2213,315.2682,231.2108,297.2577
"DG(39:7) DG(17:2_22:5)",675.496,635.5035,387.2894,323.2581,249.2213,313.2526,231.2108,295.2421
"DG(39:8) DG(17:2_22:6)",673.4803,633.4878,385.2737,323.2581,249.2213,311.2369,231.2108,293.2264
"DG(40:2) DG(17:2_23:0)",699.5899,659.5974,411.3833,323.2581,249.2213,337.3465,231.2108,319.336
"DG(41:2) DG(17:2_24:0)",713.6055,673.613,425.3989,323.2581,249.2213,351.3621,231.2108,333.3516
"DG(41:3) DG(17:2_24:1)",711.5899,671.5974,423.3833,323.2581,249.2213,349.3465,231.2108,331.336
"DG(42:2) DG(17:2_25:0)",727.6212,687.6287,439.4146,323.2581,249.2213,365.3778,231.2108,347.3673
"DG(43:2) DG(17:2_26:0)",741.6368,701.6443,453.4302,323.2581,249.2213,379.3934,231.2108,361.3829
"DG(36:0) DG(18:0_18:0)",647.5585,607.566,341.305,341.305,267.2682,267.2682,249.2577,249.2577
"DG(36:1) DG(18:0_18:1)",645.5429,605.5504,339.2894,341.305,267.2682,265.2526,249.2577,247.2421
"DG(36:2) DG(18:0_18:2)",643.5272,603.5347,337.2737,341.305,267.2682,263.2369,249.2577,245.2264
"DG(36:3) DG(18:0_18:3)",641.5116,601.5191,335.2581,341.305,267.2682,261.2213,249.2577,243.2108
"DG(36:4) DG(18:0_18:4)",639.4959,599.5034,333.2424,341.305,267.2682,259.2056,249.2577,241.1951
"DG(37:0) DG(18:0_19:0)",661.5742,621.5817,355.3207,341.305,267.2682,281.2839,249.2577,263.2734
"DG(38:0) DG(18:0_20:0)",675.5898,635.5973,369.3363,341.305,267.2682,295.2995,249.2577,277.289
"DG(38:1) DG(18:0_20:1)",673.5742,633.5817,367.3207,341.305,267.2682,293.2839,249.2577,275.2734
"DG(38:2) DG(18:0_20:2)",671.5585,631.566,365.305,341.305,267.2682,291.2682,249.2577,273.2577
"DG(38:3) DG(18:0_20:3)",669.5429,629.5504,363.2894,341.305,267.2682,289.2526,249.2577,271.2421
"DG(38:4) DG(18:0_20:4)",667.5272,627.5347,361.2737,341.305,267.2682,287.2369,249.2577,269.2264
"DG(38:5) DG(18:0_20:5)",665.5116,625.5191,359.2581,341.305,267.2682,285.2213,249.2577,267.2108
"DG(39:0) DG(18:0_21:0)",689.6055,649.613,383.352,341.305,267.2682,309.3152,249.2577,291.3047
"DG(40:0) DG(18:0_22:0)",703.6211,663.6286,397.3676,341.305,267.2682,323.3308,249.2577,305.3203
"DG(40:1) DG(18:0_22:1)",701.6055,661.613,395.352,341.305,267.2682,321.3152,249.2577,303.3047
"DG(40:2) DG(18:0_22:2)",699.5898,659.5973,393.3363,341.305,267.2682,319.2995,249.2577,301.289
"DG(40:3) DG(18:0_22:3)",697.5742,657.5817,391.3207,341.305,267.2682,317.2839,249.2577,299.2734
"DG(40:4) DG(18:0_22:4)",695.5585,655.566,389.305,341.305,267.2682,315.2682,249.2577,297.2577
"DG(40:5) DG(18:0_22:5)",693.5429,653.5504,387.2894,341.305,267.2682,313.2526,249.2577,295.2421
"DG(40:6) DG(18:0_22:6)",691.5272,651.5347,385.2737,341.305,267.2682,311.2369,249.2577,293.2264
"DG(41:0) DG(18:0_23:0)",717.6368,677.6443,411.3833,341.305,267.2682,337.3465,249.2577,319.336
"DG(42:0) DG(18:0_24:0)",731.6524,691.6599,425.3989,341.305,267.2682,351.3621,249.2577,333.3516
"DG(42:1) DG(18:0_24:1)",729.6368,689.6443,423.3833,341.305,267.2682,349.3465,249.2577,331.336
"DG(43:0) DG(18:0_25:0)",745.6681,705.6756,439.4146,341.305,267.2682,365.3778,249.2577,347.3673
"DG(44:0) DG(18:0_26:0)",759.6837,719.6912,453.4302,341.305,267.2682,379.3934,249.2577,361.3829
"DG(36:2) DG(18:1_18:1)",643.5273,603.5348,339.2894,339.2894,265.2526,265.2526,247.2421,247.2421
"DG(36:3) DG(18:1_18:2)",641.5116,601.5191,337.2737,339.2894,265.2526,263.2369,247.2421,245.2264
"DG(36:4) DG(18:1_18:3)",639.496,599.5035,335.2581,339.2894,265.2526,261.2213,247.2421,243.2108
"DG(36:5) DG(18:1_18:4)",637.4803,597.4878,333.2424,339.2894,265.2526,259.2056,247.2421,241.1951
"DG(37:1) DG(18:1_19:0)",659.5586,619.5661,355.3207,339.2894,265.2526,281.2839,247.2421,263.2734
"DG(38:1) DG(18:1_20:0)",673.5742,633.5817,369.3363,339.2894,265.2526,295.2995,247.2421,277.289
"DG(38:2) DG(18:1_20:1)",671.5586,631.5661,367.3207,339.2894,265.2526,293.2839,247.2421,275.2734
"DG(38:3) DG(18:1_20:2)",669.5429,629.5504,365.305,339.2894,265.2526,291.2682,247.2421,273.2577
"DG(38:4) DG(18:1_20:3)",667.5273,627.5348,363.2894,339.2894,265.2526,289.2526,247.2421,271.2421
"DG(38:5) DG(18:1_20:4)",665.5116,625.5191,361.2737,339.2894,265.2526,287.2369,247.2421,269.2264
"DG(38:6) DG(18:1_20:5)",663.496,623.5035,359.2581,339.2894,265.2526,285.2213,247.2421,267.2108
"DG(39:1) DG(18:1_21:0)",687.5899,647.5974,383.352,339.2894,265.2526,309.3152,247.2421,291.3047
"DG(40:1) DG(18:1_22:0)",701.6055,661.613,397.3676,339.2894,265.2526,323.3308,247.2421,305.3203
"DG(40:2) DG(18:1_22:1)",699.5899,659.5974,395.352,339.2894,265.2526,321.3152,247.2421,303.3047
"DG(40:3) DG(18:1_22:2)",697.5742,657.5817,393.3363,339.2894,265.2526,319.2995,247.2421,301.289
"DG(40:4) DG(18:1_22:3)",695.5586,655.5661,391.3207,339.2894,265.2526,317.2839,247.2421,299.2734
"DG(40:5) DG(18:1_22:4)",693.5429,653.5504,389.305,339.2894,265.2526,315.2682,247.2421,297.2577
"DG(40:6) DG(18:1_22:5)",691.5273,651.5348,387.2894,339.2894,265.2526,313.2526,247.2421,295.2421
"DG(40:7) DG(18:1_22:6)",689.5116,649.5191,385.2737,339.2894,265.2526,311.2369,247.2421,293.2264
"DG(41:1) DG(18:1_23:0)",715.6212,675.6287,411.3833,339.2894,265.2526,337.3465,247.2421,319.336
"DG(42:1) DG(18:1_24:0)",729.6368,689.6443,425.3989,339.2894,265.2526,351.3621,247.2421,333.3516
"DG(42:2) DG(18:1_24:1)",727.6212,687.6287,423.3833,339.2894,265.2526,349.3465,247.2421,331.336
"DG(43:1) DG(18:1_25:0)",743.6525,703.66,439.4146,339.2894,265.2526,365.3778,247.2421,347.3673
"DG(44:1) DG(18:1_26:0)",757.6681,717.6756,453.4302,339.2894,265.2526,379.3934,247.2421,361.3829
"DG(36:4) DG(18:2_18:2)",639.4959,599.5034,337.2737,337.2737,263.2369,263.2369,245.2264,245.2264
"DG(36:5) DG(18:2_18:3)",637.4803,597.4878,335.2581,337.2737,263.2369,261.2213,245.2264,243.2108
"DG(36:6) DG(18:2_18:4)",635.4646,595.4721,333.2424,337.2737,263.2369,259.2056,245.2264,241.1951
"DG(37:2) DG(18:2_19:0)",657.5429,617.5504,355.3207,337.2737,263.2369,281.2839,245.2264,263.2734
"DG(38:2) DG(18:2_20:0)",671.5585,631.566,369.3363,337.2737,263.2369,295.2995,245.2264,277.289
"DG(38:3) DG(18:2_20:1)",669.5429,629.5504,367.3207,337.2737,263.2369,293.2839,245.2264,275.2734
"DG(38:4) DG(18:2_20:2)",667.5272,627.5347,365.305,337.2737,263.2369,291.2682,245.2264,273.2577
"DG(38:5) DG(18:2_20:3)",665.5116,625.5191,363.2894,337.2737,263.2369,289.2526,245.2264,271.2421
"DG(38:6) DG(18:2_20:4)",663.4959,623.5034,361.2737,337.2737,263.2369,287.2369,245.2264,269.2264
"DG(38:7) DG(18:2_20:5)",661.4803,621.4878,359.2581,337.2737,263.2369,285.2213,245.2264,267.2108
"DG(39:2) DG(18:2_21:0)",685.5742,645.5817,383.352,337.2737,263.2369,309.3152,245.2264,291.3047
"DG(40:2) DG(18:2_22:0)",699.5898,659.5973,397.3676,337.2737,263.2369,323.3308,245.2264,305.3203
"DG(40:3) DG(18:2_22:1)",697.5742,657.5817,395.352,337.2737,263.2369,321.3152,245.2264,303.3047
"DG(40:4) DG(18:2_22:2)",695.5585,655.566,393.3363,337.2737,263.2369,319.2995,245.2264,301.289
"DG(40:5) DG(18:2_22:3)",693.5429,653.5504,391.3207,337.2737,263.2369,317.2839,245.2264,299.2734
"DG(40:6) DG(18:2_22:4)",691.5272,651.5347,389.305,337.2737,263.2369,315.2682,245.2264,297.2577
"DG(40:7) DG(18:2_22:5)",689.5116,649.5191,387.2894,337.2737,263.2369,313.2526,245.2264,295.2421
"DG(40:8) DG(18:2_22:6)",687.4959,647.5034,385.2737,337.2737,263.2369,311.2369,245.2264,293.2264
"DG(41:2) DG(18:2_23:0)",713.6055,673.613,411.3833,337.2737,263.2369,337.3465,245.2264,319.336
"DG(42:2) DG(18:2_24:0)",727.6211,687.6286,425.3989,337.2737,263.2369,351.3621,245.2264,333.3516
"DG(42:3) DG(18:2_24:1)",725.6055,685.613,423.3833,337.2737,263.2369,349.3465,245.2264,331.336
"DG(43:2) DG(18:2_25:0)",741.6368,701.6443,439.4146,337.2737,263.2369,365.3778,245.2264,347.3673
"DG(44:2) DG(18:2_26:0)",755.6524,715.6599,453.4302,337.2737,263.2369,379.3934,245.2264,361.3829
"DG(36:6) DG(18:3_18:3)",635.4647,595.4722,335.2581,335.2581,261.2213,261.2213,243.2108,243.2108
"DG(36:7) DG(18:3_18:4)",633.449,593.4565,333.2424,335.2581,261.2213,259.2056,243.2108,241.1951
"DG(37:3) DG(18:3_19:0)",655.5273,615.5348,355.3207,335.2581,261.2213,281.2839,243.2108,263.2734
"DG(38:3) DG(18:3_20:0)",669.5429,629.5504,369.3363,335.2581,261.2213,295.2995,243.2108,277.289
"DG(38:4) DG(18:3_20:1)",667.5273,627.5348,367.3207,335.2581,261.2213,293.2839,243.2108,275.2734
"DG(38:5) DG(18:3_20:2)",665.5116,625.5191,365.305,335.2581,261.2213,291.2682,243.2108,273.2577
"DG(38:6) DG(18:3_20:3)",663.496,623.5035,363.2894,335.2581,261.2213,289.2526,243.2108,271.2421
"DG(38:7) DG(18:3_20:4)",661.4803,621.4878,361.2737,335.2581,261.2213,287.2369,243.2108,269.2264
"DG(38:8) DG(18:3_20:5)",659.4647,619.4722,359.2581,335.2581,261.2213,285.2213,243.2108,267.2108
"DG(39:3) DG(18:3_21:0)",683.5586,643.5661,383.352,335.2581,261.2213,309.3152,243.2108,291.3047
"DG(40:3) DG(18:3_22:0)",697.5742,657.5817,397.3676,335.2581,261.2213,323.3308,243.2108,305.3203
"DG(40:4) DG(18:3_22:1)",695.5586,655.5661,395.352,335.2581,261.2213,321.3152,243.2108,303.3047
"DG(40:5) DG(18:3_22:2)",693.5429,653.5504,393.3363,335.2581,261.2213,319.2995,243.2108,301.289
"DG(40:6) DG(18:3_22:3)",691.5273,651.5348,391.3207,335.2581,261.2213,317.2839,243.2108,299.2734
"DG(40:7) DG(18:3_22:4)",689.5116,649.5191,389.305,335.2581,261.2213,315.2682,243.2108,297.2577
"DG(40:8) DG(18:3_22:5)",687.496,647.5035,387.2894,335.2581,261.2213,313.2526,243.2108,295.2421
"DG(40:9) DG(18:3_22:6)",685.4803,645.4878,385.2737,335.2581,261.2213,311.2369,243.2108,293.2264
"DG(41:3) DG(18:3_23:0)",711.5899,671.5974,411.3833,335.2581,261.2213,337.3465,243.2108,319.336
"DG(42:3) DG(18:3_24:0)",725.6055,685.613,425.3989,335.2581,261.2213,351.3621,243.2108,333.3516
"DG(42:4) DG(18:3_24:1)",723.5899,683.5974,423.3833,335.2581,261.2213,349.3465,243.2108,331.336
"DG(43:3) DG(18:3_25:0)",739.6212,699.6287,439.4146,335.2581,261.2213,365.3778,243.2108,347.3673
"DG(44:3) DG(18:3_26:0)",753.6368,713.6443,453.4302,335.2581,261.2213,379.3934,243.2108,361.3829
"DG(36:8) DG(18:4_18:4)",631.4333,591.4408,333.2424,333.2424,259.2056,259.2056,241.1951,241.1951
"DG(37:4) DG(18:4_19:0)",653.5116,613.5191,355.3207,333.2424,259.2056,281.2839,241.1951,263.2734
"DG(38:4) DG(18:4_20:0)",667.5272,627.5347,369.3363,333.2424,259.2056,295.2995,241.1951,277.289
"DG(38:5) DG(18:4_20:1)",665.5116,625.5191,367.3207,333.2424,259.2056,293.2839,241.1951,275.2734
"DG(38:6) DG(18:4_20:2)",663.4959,623.5034,365.305,333.2424,259.2056,291.2682,241.1951,273.2577
"DG(38:7) DG(18:4_20:3)",661.4803,621.4878,363.2894,333.2424,259.2056,289.2526,241.1951,271.2421
"DG(38:8) DG(18:4_20:4)",659.4646,619.4721,361.2737,333.2424,259.2056,287.2369,241.1951,269.2264
"DG(38:9) DG(18:4_20:5)",657.449,617.4565,359.2581,333.2424,259.2056,285.2213,241.1951,267.2108
"DG(39:4) DG(18:4_21:0)",681.5429,641.5504,383.352,333.2424,259.2056,309.3152,241.1951,291.3047
"DG(40:4) DG(18:4_22:0)",695.5585,655.566,397.3676,333.2424,259.2056,323.3308,241.1951,305.3203
"DG(40:5) DG(18:4_22:1)",693.5429,653.5504,395.352,333.2424,259.2056,321.3152,241.1951,303.3047
"DG(40:6) DG(18:4_22:2)",691.5272,651.5347,393.3363,333.2424,259.2056,319.2995,241.1951,301.289
"DG(40:7) DG(18:4_22:3)",689.5116,649.5191,391.3207,333.2424,259.2056,317.2839,241.1951,299.2734
"DG(40:8) DG(18:4_22:4)",687.4959,647.5034,389.305,333.2424,259.2056,315.2682,241.1951,297.2577
"DG(40:9) DG(18:4_22:5)",685.4803,645.4878,387.2894,333.2424,259.2056,313.2526,241.1951,295.2421
"DG(40:10) DG(18:4_22:6)",683.4646,643.4721,385.2737,333.2424,259.2056,311.2369,241.1951,293.2264
"DG(41:4) DG(18:4_23:0)",709.5742,669.5817,411.3833,333.2424,259.2056,337.3465,241.1951,319.336
"DG(42:4) DG(18:4_24:0)",723.5898,683.5973,425.3989,333.2424,259.2056,351.3621,241.1951,333.3516
"DG(42:5) DG(18:4_24:1)",721.5742,681.5817,423.3833,333.2424,259.2056,349.3465,241.1951,331.336
"DG(43:4) DG(18:4_25:0)",737.6055,697.613,439.4146,333.2424,259.2056,365.3778,241.1951,347.3673
"DG(44:4) DG(18:4_26:0)",751.6211,711.6286,453.4302,333.2424,259.2056,379.3934,241.1951,361.3829
"DG(38:0) DG(19:0_19:0)",675.5899,635.5974,355.3207,355.3207,281.2839,281.2839,263.2734,263.2734
"DG(39:0) DG(19:0_20:0)",689.6055,649.613,369.3363,355.3207,281.2839,295.2995,263.2734,277.289
"DG(39:1) DG(19:0_20:1)",687.5899,647.5974,367.3207,355.3207,281.2839,293.2839,263.2734,275.2734
"DG(39:2) DG(19:0_20:2)",685.5742,645.5817,365.305,355.3207,281.2839,291.2682,263.2734,273.2577
"DG(39:3) DG(19:0_20:3)",683.5586,643.5661,363.2894,355.3207,281.2839,289.2526,263.2734,271.2421
"DG(39:4) DG(19:0_20:4)",681.5429,641.5504,361.2737,355.3207,281.2839,287.2369,263.2734,269.2264
"DG(39:5) DG(19:0_20:5)",679.5273,639.5348,359.2581,355.3207,281.2839,285.2213,263.2734,267.2108
"DG(40:0) DG(19:0_21:0)",703.6212,663.6287,383.352,355.3207,281.2839,309.3152,263.2734,291.3047
"DG(41:0) DG(19:0_22:0)",717.6368,677.6443,397.3676,355.3207,281.2839,323.3308,263.2734,305.3203
"DG(41:1) DG(19:0_22:1)",715.6212,675.6287,395.352,355.3207,281.2839,321.3152,263.2734,303.3047
"DG(41:2) DG(19:0_22:2)",713.6055,673.613,393.3363,355.3207,281.2839,319.2995,263.2734,301.289
"DG(41:3) DG(19:0_22:3)",711.5899,671.5974,391.3207,355.3207,281.2839,317.2839,263.2734,299.2734
"DG(41:4) DG(19:0_22:4)",709.5742,669.5817,389.305,355.3207,281.2839,315.2682,263.2734,297.2577
"DG(41:5) DG(19:0_22:5)",707.5586,667.5661,387.2894,355.3207,281.2839,313.2526,263.2734,295.2421
"DG(41:6) DG(19:0_22:6)",705.5429,665.5504,385.2737,355.3207,281.2839,311.2369,263.2734,293.2264
"DG(42:0) DG(19:0_23:0)",731.6525,691.66,411.3833,355.3207,281.2839,337.3465,263.2734,319.336
"DG(43:0) DG(19:0_24:0)",745.6681,705.6756,425.3989,355.3207,281.2839,351.3621,263.2734,333.3516
"DG(43:1) DG(19:0_24:1)",743.6525,703.66,423.3833,355.3207,281.2839,349.3465,263.2734,331.336
"DG(44:0) DG(19:0_25:0)",759.6838,719.6913,439.4146,355.3207,281.2839,365.3778,263.2734,347.3673
"DG(45:0) DG(19:0_26:0)",773.6994,733.7069,453.4302,355.3207,281.2839,379.3934,263.2734,361.3829
"DG(40:0) DG(20:0_20:0)",703.6211,663.6286,369.3363,369.3363,295.2995,295.2995,277.289,277.289
"DG(40:1) DG(20:0_20:1)",701.6055,661.613,367.3207,369.3363,295.2995,293.2839,277.289,275.2734
"DG(40:2) DG(20:0_20:2)",699.5898,659.5973,365.305,369.3363,295.2995,291.2682,277.289,273.2577
"DG(40:3) DG(20:0_20:3)",697.5742,657.5817,363.2894,369.3363,295.2995,289.2526,277.289,271.2421
"DG(40:4) DG(20:0_20:4)",695.5585,655.566,361.2737,369.3363,295.2995,287.2369,277.289,269.2264
"DG(40:5) DG(20:0_20:5)",693.5429,653.5504,359.2581,369.3363,295.2995,285.2213,277.289,267.2108
"DG(41:0) DG(20:0_21:0)",717.6368,677.6443,383.352,369.3363,295.2995,309.3152,277.289,291.3047
"DG(42:0) DG(20:0_22:0)",731.6524,691.6599,397.3676,369.3363,295.2995,323.3308,277.289,305.3203
"DG(42:1) DG(20:0_22:1)",729.6368,689.6443,395.352,369.3363,295.2995,321.3152,277.289,303.3047
"DG(42:2) DG(20:0_22:2)",727.6211,687.6286,393.3363,369.3363,295.2995,319.2995,277.289,301.289
"DG(42:3) DG(20:0_22:3)",725.6055,685.613,391.3207,369.3363,295.2995,317.2839,277.289,299.2734
"DG(42:4) DG(20:0_22:4)",723.5898,683.5973,389.305,369.3363,295.2995,315.2682,277.289,297.2577
"DG(42:5) DG(20:0_22:5)",721.5742,681.5817,387.2894,369.3363,295.2995,313.2526,277.289,295.2421
"DG(42:6) DG(20:0_22:6)",719.5585,679.566,385.2737,369.3363,295.2995,311.2369,277.289,293.2264
"DG(43:0) DG(20:0_23:0)",745.6681,705.6756,411.3833,369.3363,295.2995,337.3465,277.289,319.336
"DG(44:0) DG(20:0_24:0)",759.6837,719.6912,425.3989,369.3363,295.2995,351.3621,277.289,333.3516
"DG(44:1) DG(20:0_24:1)",757.6681,717.6756,423.3833,369.3363,295.2995,349.3465,277.289,331.336
"DG(45:0) DG(20:0_25:0)",773.6994,733.7069,439.4146,369.3363,295.2995,365.3778,277.289,347.3673
"DG(46:0) DG(20:0_26:0)",787.715,747.7225,453.4302,369.3363,295.2995,379.3934,277.289,361.3829
"DG(40:2) DG(20:1_20:1)",699.5899,659.5974,367.3207,367.3207,293.2839,293.2839,275.2734,275.2734
"DG(40:3) DG(20:1_20:2)",697.5742,657.5817,365.305,367.3207,293.2839,291.2682,275.2734,273.2577
"DG(40:4) DG(20:1_20:3)",695.5586,655.5661,363.2894,367.3207,293.2839,289.2526,275.2734,271.2421
"DG(40:5) DG(20:1_20:4)",693.5429,653.5504,361.2737,367.3207,293.2839,287.2369,275.2734,269.2264
"DG(40:6) DG(20:1_20:5)",691.5273,651.5348,359.2581,367.3207,293.2839,285.2213,275.2734,267.2108
"DG(41:1) DG(20:1_21:0)",715.6212,675.6287,383.352,367.3207,293.2839,309.3152,275.2734,291.3047
"DG(42:1) DG(20:1_22:0)",729.6368,689.6443,397.3676,367.3207,293.2839,323.3308,275.2734,305.3203
"DG(42:2) DG(20:1_22:1)",727.6212,687.6287,395.352,367.3207,293.2839,321.3152,275.2734,303.3047
"DG(42:3) DG(20:1_22:2)",725.6055,685.613,393.3363,367.3207,293.2839,319.2995,275.2734,301.289
"DG(42:4) DG(20:1_22:3)",723.5899,683.5974,391.3207,367.3207,293.2839,317.2839,275.2734,299.2734
"DG(42:5) DG(20:1_22:4)",721.5742,681.5817,389.305,367.3207,293.2839,315.2682,275.2734,297.2577
"DG(42:6) DG(20:1_22:5)",719.5586,679.5661,387.2894,367.3207,293.2839,313.2526,275.2734,295.2421
"DG(42:7) DG(20:1_22:6)",717.5429,677.5504,385.2737,367.3207,293.2839,311.2369,275.2734,293.2264
"DG(43:1) DG(20:1_23:0)",743.6525,703.66,411.3833,367.3207,293.2839,337.3465,275.2734,319.336
"DG(44:1) DG(20:1_24:0)",757.6681,717.6756,425.3989,367.3207,293.2839,351.3621,275.2734,333.3516
"DG(44:2) DG(20:1_24:1)",755.6525,715.66,423.3833,367.3207,293.2839,349.3465,275.2734,331.336
"DG(45:1) DG(20:1_25:0)",771.6838,731.6913,439.4146,367.3207,293.2839,365.3778,275.2734,347.3673
"DG(46:1) DG(20:1_26:0)",785.6994,745.7069,453.4302,367.3207,293.2839,379.3934,275.2734,361.3829
"DG(40:4) DG(20:2_20:2)",695.5585,655.566,365.305,365.305,291.2682,291.2682,273.2577,273.2577
"DG(40:5) DG(20:2_20:3)",693.5429,653.5504,363.2894,365.305,291.2682,289.2526,273.2577,271.2421
"DG(40:6) DG(20:2_20:4)",691.5272,651.5347,361.2737,365.305,291.2682,287.2369,273.2577,269.2264
"DG(40:7) DG(20:2_20:5)",689.5116,649.5191,359.2581,365.305,291.2682,285.2213,273.2577,267.2108
"DG(41:2) DG(20:2_21:0)",713.6055,673.613,383.352,365.305,291.2682,309.3152,273.2577,291.3047
"DG(42:2) DG(20:2_22:0)",727.6211,687.6286,397.3676,365.305,291.2682,323.3308,273.2577,305.3203
"DG(42:3) DG(20:2_22:1)",725.6055,685.613,395.352,365.305,291.2682,321.3152,273.2577,303.3047
"DG(42:4) DG(20:2_22:2)",723.5898,683.5973,393.3363,365.305,291.2682,319.2995,273.2577,301.289
"DG(42:5) DG(20:2_22:3)",721.5742,681.5817,391.3207,365.305,291.2682,317.2839,273.2577,299.2734
"DG(42:6) DG(20:2_22:4)",719.5585,679.566,389.305,365.305,291.2682,315.2682,273.2577,297.2577
"DG(42:7) DG(20:2_22:5)",717.5429,677.5504,387.2894,365.305,291.2682,313.2526,273.2577,295.2421
"DG(42:8) DG(20:2_22:6)",715.5272,675.5347,385.2737,365.305,291.2682,311.2369,273.2577,293.2264
"DG(43:2) DG(20:2_23:0)",741.6368,701.6443,411.3833,365.305,291.2682,337.3465,273.2577,319.336
"DG(44:2) DG(20:2_24:0)",755.6524,715.6599,425.3989,365.305,291.2682,351.3621,273.2577,333.3516
"DG(44:3) DG(20:2_24:1)",753.6368,713.6443,423.3833,365.305,291.2682,349.3465,273.2577,331.336
"DG(45:2) DG(20:2_25:0)",769.6681,729.6756,439.4146,365.305,291.2682,365.3778,273.2577,347.3673
"DG(46:2) DG(20:2_26:0)",783.6837,743.6912,453.4302,365.305,291.2682,379.3934,273.2577,361.3829
"DG(40:6) DG(20:3_20:3)",691.5273,651.5348,363.2894,363.2894,289.2526,289.2526,271.2421,271.2421
"DG(40:7) DG(20:3_20:4)",689.5116,649.5191,361.2737,363.2894,289.2526,287.2369,271.2421,269.2264
"DG(40:8) DG(20:3_20:5)",687.496,647.5035,359.2581,363.2894,289.2526,285.2213,271.2421,267.2108
"DG(41:3) DG(20:3_21:0)",711.5899,671.5974,383.352,363.2894,289.2526,309.3152,271.2421,291.3047
"DG(42:3) DG(20:3_22:0)",725.6055,685.613,397.3676,363.2894,289.2526,323.3308,271.2421,305.3203
"DG(42:4) DG(20:3_22:1)",723.5899,683.5974,395.352,363.2894,289.2526,321.3152,271.2421,303.3047
"DG(42:5) DG(20:3_22:2)",721.5742,681.5817,393.3363,363.2894,289.2526,319.2995,271.2421,301.289
"DG(42:6) DG(20:3_22:3)",719.5586,679.5661,391.3207,363.2894,289.2526,317.2839,271.2421,299.2734
"DG(42:7) DG(20:3_22:4)",717.5429,677.5504,389.305,363.2894,289.2526,315.2682,271.2421,297.2577
"DG(42:8) DG(20:3_22:5)",715.5273,675.5348,387.2894,363.2894,289.2526,313.2526,271.2421,295.2421
"DG(42:9) DG(20:3_22:6)",713.5116,673.5191,385.2737,363.2894,289.2526,311.2369,271.2421,293.2264
"DG(43:3) DG(20:3_23:0)",739.6212,699.6287,411.3833,363.2894,289.2526,337.3465,271.2421,319.336
"DG(44:3) DG(20:3_24:0)",753.6368,713.6443,425.3989,363.2894,289.2526,351.3621,271.2421,333.3516
"DG(44:4) DG(20:3_24:1)",751.6212,711.6287,423.3833,363.2894,289.2526,349.3465,271.2421,331.336
"DG(45:3) DG(20:3_25:0)",767.6525,727.66,439.4146,363.2894,289.2526,365.3778,271.2421,347.3673
"DG(46:3) DG(20:3_26:0)",781.6681,741.6756,453.4302,363.2894,289.2526,379.3934,271.2421,361.3829
"DG(40:8) DG(20:4_20:4)",687.4959,647.5034,361.2737,361.2737,287.2369,287.2369,269.2264,269.2264
"DG(40:9) DG(20:4_20:5)",685.4803,645.4878,359.2581,361.2737,287.2369,285.2213,269.2264,267.2108
"DG(41:4) DG(20:4_21:0)",709.5742,669.5817,383.352,361.2737,287.2369,309.3152,269.2264,291.3047
"DG(42:4) DG(20:4_22:0)",723.5898,683.5973,397.3676,361.2737,287.2369,323.3308,269.2264,305.3203
"DG(42:5) DG(20:4_22:1)",721.5742,681.5817,395.352,361.2737,287.2369,321.3152,269.2264,303.3047
"DG(42:6) DG(20:4_22:2)",719.5585,679.566,393.3363,361.2737,287.2369,319.2995,269.2264,301.289
"DG(42:7) DG(20:4_22:3)",717.5429,677.5504,391.3207,361.2737,287.2369,317.2839,269.2264,299.2734
"DG(42:8) DG(20:4_22:4)",715.5272,675.5347,389.305,361.2737,287.2369,315.2682,269.2264,297.2577
"DG(42:9) DG(20:4_22:5)",713.5116,673.5191,387.2894,361.2737,287.2369,313.2526,269.2264,295.2421
"DG(42:10) DG(20:4_22:6)",711.4959,671.5034,385.2737,361.2737,287.2369,311.2369,269.2264,293.2264
"DG(43:4) DG(20:4_23:0)",737.6055,697.613,411.3833,361.2737,287.2369,337.3465,269.2264,319.336
"DG(44:4) DG(20:4_24:0)",751.6211,711.6286,425.3989,361.2737,287.2369,351.3621,269.2264,333.3516
"DG(44:5) DG(20:4_24:1)",749.6055,709.613,423.3833,361.2737,287.2369,349.3465,269.2264,331.336
"DG(45:4) DG(20:4_25:0)",765.6368,725.6443,439.4146,361.2737,287.2369,365.3778,269.2264,347.3673
"DG(46:4) DG(20:4_26:0)",779.6524,739.6599,453.4302,361.2737,287.2369,379.3934,269.2264,361.3829
"DG(40:10) DG(20:5_20:5)",683.4647,643.4722,359.2581,359.2581,285.2213,285.2213,267.2108,267.2108
"DG(41:5) DG(20:5_21:0)",707.5586,667.5661,383.352,359.2581,285.2213,309.3152,267.2108,291.3047
"DG(42:5) DG(20:5_22:0)",721.5742,681.5817,397.3676,359.2581,285.2213,323.3308,267.2108,305.3203
"DG(42:6) DG(20:5_22:1)",719.5586,679.5661,395.352,359.2581,285.2213,321.3152,267.2108,303.3047
"DG(42:7) DG(20:5_22:2)",717.5429,677.5504,393.3363,359.2581,285.2213,319.2995,267.2108,301.289
"DG(42:8) DG(20:5_22:3)",715.5273,675.5348,391.3207,359.2581,285.2213,317.2839,267.2108,299.2734
"DG(42:9) DG(20:5_22:4)",713.5116,673.5191,389.305,359.2581,285.2213,315.2682,267.2108,297.2577
"DG(42:10) DG(20:5_22:5)",711.496,671.5035,387.2894,359.2581,285.2213,313.2526,267.2108,295.2421
"DG(42:11) DG(20:5_22:6)",709.4803,669.4878,385.2737,359.2581,285.2213,311.2369,267.2108,293.2264
"DG(43:5) DG(20:5_23:0)",735.5899,695.5974,411.3833,359.2581,285.2213,337.3465,267.2108,319.336
"DG(44:5) DG(20:5_24:0)",749.6055,709.613,425.3989,359.2581,285.2213,351.3621,267.2108,333.3516
"DG(44:6) DG(20:5_24:1)",747.5899,707.5974,423.3833,359.2581,285.2213,349.3465,267.2108,331.336
"DG(45:5) DG(20:5_25:0)",763.6212,723.6287,439.4146,359.2581,285.2213,365.3778,267.2108,347.3673
"DG(46:5) DG(20:5_26:0)",777.6368,737.6443,453.4302,359.2581,285.2213,379.3934,267.2108,361.3829
"DG(42:0) DG(21:0_21:0)",731.6525,691.66,383.352,383.352,309.3152,309.3152,291.3047,291.3047
"DG(43:0) DG(21:0_22:0)",745.6681,705.6756,397.3676,383.352,309.3152,323.3308,291.3047,305.3203
"DG(43:1) DG(21:0_22:1)",743.6525,703.66,395.352,383.352,309.3152,321.3152,291.3047,303.3047
"DG(43:2) DG(21:0_22:2)",741.6368,701.6443,393.3363,383.352,309.3152,319.2995,291.3047,301.289
"DG(43:3) DG(21:0_22:3)",739.6212,699.6287,391.3207,383.352,309.3152,317.2839,291.3047,299.2734
"DG(43:4) DG(21:0_22:4)",737.6055,697.613,389.305,383.352,309.3152,315.2682,291.3047,297.2577
"DG(43:5) DG(21:0_22:5)",735.5899,695.5974,387.2894,383.352,309.3152,313.2526,291.3047,295.2421
"DG(43:6) DG(21:0_22:6)",733.5742,693.5817,385.2737,383.352,309.3152,311.2369,291.3047,293.2264
"DG(44:0) DG(21:0_23:0)",759.6838,719.6913,411.3833,383.352,309.3152,337.3465,291.3047,319.336
"DG(45:0) DG(21:0_24:0)",773.6994,733.7069,425.3989,383.352,309.3152,351.3621,291.3047,333.3516
"DG(45:1) DG(21:0_24:1)",771.6838,731.6913,423.3833,383.352,309.3152,349.3465,291.3047,331.336
"DG(46:0) DG(21:0_25:0)",787.7151,747.7226,439.4146,383.352,309.3152,365.3778,291.3047,347.3673
"DG(47:0) DG(21:0_26:0)",801.7307,761.7382,453.4302,383.352,309.3152,379.3934,291.3047,361.3829
"DG(44:0) DG(22:0_22:0)",759.6837,719.6912,397.3676,397.3676,323.3308,323.3308,305.3203,305.3203
"DG(44:1) DG(22:0_22:1)",757.6681,717.6756,395.352,397.3676,323.3308,321.3152,305.3203,303.3047
"DG(44:2) DG(22:0_22:2)",755.6524,715.6599,393.3363,397.3676,323.3308,319.2995,305.3203,301.289
"DG(44:3) DG(22:0_22:3)",753.6368,713.6443,391.3207,397.3676,323.3308,317.2839,305.3203,299.2734
"DG(44:4) DG(22:0_22:4)",751.6211,711.6286,389.305,397.3676,323.3308,315.2682,305.3203,297.2577
"DG(44:5) DG(22:0_22:5)",749.6055,709.613,387.2894,397.3676,323.3308,313.2526,305.3203,295.2421
"DG(44:6) DG(22:0_22:6)",747.5898,707.5973,385.2737,397.3676,323.3308,311.2369,305.3203,293.2264
"DG(45:0) DG(22:0_23:0)",773.6994,733.7069,411.3833,397.3676,323.3308,337.3465,305.3203,319.336
"DG(46:0) DG(22:0_24:0)",787.715,747.7225,425.3989,397.3676,323.3308,351.3621,305.3203,333.3516
"DG(46:1) DG(22:0_24:1)",785.6994,745.7069,423.3833,397.3676,323.3308,349.3465,305.3203,331.336
"DG(47:0) DG(22:0_25:0)",801.7307,761.7382,439.4146,397.3676,323.3308,365.3778,305.3203,347.3673
"DG(48:0) DG(22:0_26:0)",815.7463,775.7538,453.4302,397.3676,323.3308,379.3934,305.3203,361.3829
"DG(44:2) DG(22:1_22:1)",755.6525,715.66,395.352,395.352,321.3152,321.3152,303.3047,303.3047
"DG(44:3) DG(22:1_22:2)",753.6368,713.6443,393.3363,395.352,321.3152,319.2995,303.3047,301.289
"DG(44:4) DG(22:1_22:3)",751.6212,711.6287,391.3207,395.352,321.3152,317.2839,303.3047,299.2734
"DG(44:5) DG(22:1_22:4)",749.6055,709.613,389.305,395.352,321.3152,315.2682,303.3047,297.2577
"DG(44:6) DG(22:1_22:5)",747.5899,707.5974,387.2894,395.352,321.3152,313.2526,303.3047,295.2421
"DG(44:7) DG(22:1_22:6)",745.5742,705.5817,385.2737,395.352,321.3152,311.2369,303.3047,293.2264
"DG(45:1) DG(22:1_23:0)",771.6838,731.6913,411.3833,395.352,321.3152,337.3465,303.3047,319.336
"DG(46:1) DG(22:1_24:0)",785.6994,745.7069,425.3989,395.352,321.3152,351.3621,303.3047,333.3516
"DG(46:2) DG(22:1_24:1)",783.6838,743.6913,423.3833,395.352,321.3152,349.3465,303.3047,331.336
"DG(47:1) DG(22:1_25:0)",799.7151,759.7226,439.4146,395.352,321.3152,365.3778,303.3047,347.3673
"DG(48:1) DG(22:1_26:0)",813.7307,773.7382,453.4302,395.352,321.3152,379.3934,303.3047,361.3829
"DG(44:4) DG(22:2_22:2)",751.6211,711.6286,393.3363,393.3363,319.2995,319.2995,301.289,301.289
"DG(44:5) DG(22:2_22:3)",749.6055,709.613,391.3207,393.3363,319.2995,317.2839,301.289,299.2734
"DG(44:6) DG(22:2_22:4)",747.5898,707.5973,389.305,393.3363,319.2995,315.2682,301.289,297.2577
"DG(44:7) DG(22:2_22:5)",745.5742,705.5817,387.2894,393.3363,319.2995,313.2526,301.289,295.2421
"DG(44:8) DG(22:2_22:6)",743.5585,703.566,385.2737,393.3363,319.2995,311.2369,301.289,293.2264
"DG(45:2) DG(22:2_23:0)",769.6681,729.6756,411.3833,393.3363,319.2995,337.3465,301.289,319.336
"DG(46:2) DG(22:2_24:0)",783.6837,743.6912,425.3989,393.3363,319.2995,351.3621,301.289,333.3516
"DG(46:3) DG(22:2_24:1)",781.6681,741.6756,423.3833,393.3363,319.2995,349.3465,301.289,331.336
"DG(47:2) DG(22:2_25:0)",797.6994,757.7069,439.4146,393.3363,319.2995,365.3778,301.289,347.3673
"DG(48:2) DG(22:2_26:0)",811.715,771.7225,453.4302,393.3363,319.2995,379.3934,301.289,361.3829
"DG(44:6) DG(22:3_22:3)",747.5899,707.5974,391.3207,391.3207,317.2839,317.2839,299.2734,299.2734
"DG(44:7) DG(22:3_22:4)",745.5742,705.5817,389.305,391.3207,317.2839,315.2682,299.2734,297.2577
"DG(44:8) DG(22:3_22:5)",743.5586,703.5661,387.2894,391.3207,317.2839,313.2526,299.2734,295.2421
"DG(44:9) DG(22:3_22:6)",741.5429,701.5504,385.2737,391.3207,317.2839,311.2369,299.2734,293.2264
"DG(45:3) DG(22:3_23:0)",767.6525,727.66,411.3833,391.3207,317.2839,337.3465,299.2734,319.336
"DG(46:3) DG(22:3_24:0)",781.6681,741.6756,425.3989,391.3207,317.2839,351.3621,299.2734,333.3516
"DG(46:4) DG(22:3_24:1)",779.6525,739.66,423.3833,391.3207,317.2839,349.3465,299.2734,331.336
"DG(47:3) DG(22:3_25:0)",795.6838,755.6913,439.4146,391.3207,317.2839,365.3778,299.2734,347.3673
"DG(48:3) DG(22:3_26:0)",809.6994,769.7069,453.4302,391.3207,317.2839,379.3934,299.2734,361.3829
"DG(44:8) DG(22:4_22:4)",743.5585,703.566,389.305,389.305,315.2682,315.2682,297.2577,297.2577
"DG(44:9) DG(22:4_22:5)",741.5429,701.5504,387.2894,389.305,315.2682,313.2526,297.2577,295.2421
"DG(44:10) DG(22:4_22:6)",739.5272,699.5347,385.2737,389.305,315.2682,311.2369,297.2577,293.2264
"DG(45:4) DG(22:4_23:0)",765.6368,725.6443,411.3833,389.305,315.2682,337.3465,297.2577,319.336
"DG(46:4) DG(22:4_24:0)",779.6524,739.6599,425.3989,389.305,315.2682,351.3621,297.2577,333.3516
"DG(46:5) DG(22:4_24:1)",777.6368,737.6443,423.3833,389.305,315.2682,349.3465,297.2577,331.336
"DG(47:4) DG(22:4_25:0)",793.6681,753.6756,439.4146,389.305,315.2682,365.3778,297.2577,347.3673
"DG(48:4) DG(22:4_26:0)",807.6837,767.6912,453.4302,389.305,315.2682,379.3934,297.2577,361.3829
"DG(44:10) DG(22:5_22:5)",739.5273,699.5348,387.2894,387.2894,313.2526,313.2526,295.2421,295.2421
"DG(44:11) DG(22:5_22:6)",737.5116,697.5191,385.2737,387.2894,313.2526,311.2369,295.2421,293.2264
"DG(45:5) DG(22:5_23:0)",763.6212,723.6287,411.3833,387.2894,313.2526,337.3465,295.2421,319.336
"DG(46:5) DG(22:5_24:0)",777.6368,737.6443,425.3989,387.2894,313.2526,351.3621,295.2421,333.3516
"DG(46:6) DG(22:5_24:1)",775.6212,735.6287,423.3833,387.2894,313.2526,349.3465,295.2421,331.336
"DG(47:5) DG(22:5_25:0)",791.6525,751.66,439.4146,387.2894,313.2526,365.3778,295.2421,347.3673
"DG(48:5) DG(22:5_26:0)",805.6681,765.6756,453.4302,387.2894,313.2526,379.3934,295.2421,361.3829
"DG(44:12) DG(22:6_22:6)",735.4959,695.5034,385.2737,385.2737,311.2369,311.2369,293.2264,293.2264
"DG(45:6) DG(22:6_23:0)",761.6055,721.613,411.3833,385.2737,311.2369,337.3465,293.2264,319.336
"DG(46:6) DG(22:6_24:0)",775.6211,735.6286,425.3989,385.2737,311.2369,351.3621,293.2264,333.3516
"DG(46:7) DG(22:6_24:1)",773.6055,733.613,423.3833,385.2737,311.2369,349.3465,293.2264,331.336
"DG(47:6) DG(22:6_25:0)",789.6368,749.6443,439.4146,385.2737,311.2369,365.3778,293.2264,347.3673
"DG(48:6) DG(22:6_26:0)",803.6524,763.6599,453.4302,385.2737,311.2369,379.3934,293.2264,361.3829
"DG(46:0) DG(23:0_23:0)",787.7151,747.7226,411.3833,411.3833,337.3465,337.3465,319.336,319.336
"DG(47:0) DG(23:0_24:0)",801.7307,761.7382,425.3989,411.3833,337.3465,351.3621,319.336,333.3516
"DG(47:1) DG(23:0_24:1)",799.7151,759.7226,423.3833,411.3833,337.3465,349.3465,319.336,331.336
"DG(48:0) DG(23:0_25:0)",815.7464,775.7539,439.4146,411.3833,337.3465,365.3778,319.336,347.3673
"DG(49:0) DG(23:0_26:0)",829.762,789.7695,453.4302,411.3833,337.3465,379.3934,319.336,361.3829
"DG(48:0) DG(24:0_24:0)",815.7463,775.7538,425.3989,425.3989,351.3621,351.3621,333.3516,333.3516
"DG(48:1) DG(24:0_24:1)",813.7307,773.7382,423.3833,425.3989,351.3621,349.3465,333.3516,331.336
"DG(49:0) DG(24:0_25:0)",829.762,789.7695,439.4146,425.3989,351.3621,365.3778,333.3516,347.3673
"DG(50:0) DG(24:0_26:0)",843.7776,803.7851,453.4302,425.3989,351.3621,379.3934,333.3516,361.3829
"DG(48:2) DG(24:1_24:1)",811.7151,771.7226,423.3833,423.3833,349.3465,349.3465,331.336,331.336
"DG(49:1) DG(24:1_25:0)",827.7464,787.7539,439.4146,423.3833,349.3465,365.3778,331.336,347.3673
"DG(50:1) DG(24:1_26:0)",841.762,801.7695,453.4302,423.3833,349.3465,379.3934,331.336,361.3829
"DG(50:0) DG(25:0_25:0)",843.7777,803.7852,439.4146,439.4146,365.3778,365.3778,347.3673,347.3673
"DG(51:0) DG(25:0_26:0)",857.7933,817.8008,453.4302,439.4146,365.3778,379.3934,347.3673,361.3829
"DG(52:0) DG(26:0_26:0)",871.8089,831.8164,453.4302,453.4302,379.3934,379.3934,361.3829,361.3829
"scores",0.016666667,0.45,0.45,0.016666667,0.016666667,0.016666667,0.016666667,0.016666667
