"PA","[M+H]+","[M+H-96]+","[M+H-96-acyl-sn1]+","[M+H-96-acyl-sn2]+","[acyl-sn1-RCO]+","[acyl-sn2-RCO]+"
"PA(16:0) PA(8:0_8:0)",425.2299,327.25299,201.14854,201.14854,127.11175,127.11175
"PA(18:0) PA(8:0_10:0)",453.2612,355.28429,229.17984,201.14854,127.11175,155.14305
"PA(20:0) PA(8:0_12:0)",481.2925,383.31559,257.21114,201.14854,127.11175,183.17435
"PA(21:0) PA(8:0_13:0)",495.3082,397.33129,271.22684,201.14854,127.11175,197.19005
"PA(22:0) PA(8:0_14:0)",509.3238,411.34689,285.24244,201.14854,127.11175,211.20565
"PA(22:1) PA(8:0_14:1)",507.3082,409.33129,283.22684,201.14854,127.11175,209.19005
"PA(23:0) PA(8:0_15:0)",523.3395,425.36259,299.25814,201.14854,127.11175,225.22135
"PA(23:1) PA(8:0_15:1)",521.3238,423.34689,297.24244,201.14854,127.11175,223.20565
"PA(24:0) PA(8:0_16:0)",537.3551,439.37819,313.27374,201.14854,127.11175,239.23695
"PA(24:1) PA(8:0_16:1)",535.3395,437.36259,311.25814,201.14854,127.11175,237.22135
"PA(25:0) PA(8:0_17:0)",551.3708,453.39389,327.28944,201.14854,127.11175,253.25265
"PA(25:1) PA(8:0_17:1)",549.3551,451.37819,325.27374,201.14854,127.11175,251.23695
"PA(25:2) PA(8:0_17:2)",547.3395,449.36259,323.25814,201.14854,127.11175,249.22135
"PA(26:0) PA(8:0_18:0)",565.3864,467.40949,341.30504,201.14854,127.11175,267.26825
"PA(26:1) PA(8:0_18:1)",563.3708,465.39389,339.28944,201.14854,127.11175,265.25265
"PA(26:2) PA(8:0_18:2)",561.3551,463.37819,337.27374,201.14854,127.11175,263.23695
"PA(26:3) PA(8:0_18:3)",559.3395,461.36259,335.25814,201.14854,127.11175,261.22135
"PA(26:4) PA(8:0_18:4)",557.3238,459.34689,333.24244,201.14854,127.11175,259.20565
"PA(27:0) PA(8:0_19:0)",579.4021,481.42519,355.32074,201.14854,127.11175,281.28395
"PA(28:0) PA(8:0_20:0)",593.4177,495.44079,369.33634,201.14854,127.11175,295.29955
"PA(28:1) PA(8:0_20:1)",591.4021,493.42519,367.32074,201.14854,127.11175,293.28395
"PA(28:2) PA(8:0_20:2)",589.3864,491.40949,365.30504,201.14854,127.11175,291.26825
"PA(28:3) PA(8:0_20:3)",587.3708,489.39389,363.28944,201.14854,127.11175,289.25265
"PA(28:4) PA(8:0_20:4)",585.3551,487.37819,361.27374,201.14854,127.11175,287.23695
"PA(28:5) PA(8:0_20:5)",583.3395,485.36259,359.25814,201.14854,127.11175,285.22135
"PA(29:0) PA(8:0_21:0)",607.4334,509.45649,383.35204,201.14854,127.11175,309.31525
"PA(30:0) PA(8:0_22:0)",621.449,523.47209,397.36764,201.14854,127.11175,323.33085
"PA(30:1) PA(8:0_22:1)",619.4334,521.45649,395.35204,201.14854,127.11175,321.31525
"PA(30:2) PA(8:0_22:2)",617.4177,519.44079,393.33634,201.14854,127.11175,319.29955
"PA(30:3) PA(8:0_22:3)",615.4021,517.42519,391.32074,201.14854,127.11175,317.28395
"PA(30:4) PA(8:0_22:4)",613.3864,515.40949,389.30504,201.14854,127.11175,315.26825
"PA(30:5) PA(8:0_22:5)",611.3708,513.39389,387.28944,201.14854,127.11175,313.25265
"PA(30:6) PA(8:0_22:6)",609.3551,511.37819,385.27374,201.14854,127.11175,311.23695
"PA(31:0) PA(8:0_23:0)",635.4647,537.48779,411.38334,201.14854,127.11175,337.34655
"PA(32:0) PA(8:0_24:0)",649.4803,551.50339,425.39894,201.14854,127.11175,351.36215
"PA(32:1) PA(8:0_24:1)",647.4647,549.48779,423.38334,201.14854,127.11175,349.34655
"PA(33:0) PA(8:0_25:0)",663.496,565.51909,439.41464,201.14854,127.11175,365.37785
"PA(34:0) PA(8:0_26:0)",677.5116,579.53469,453.43024,201.14854,127.11175,379.39345
"PA(20:0) PA(10:0_10:0)",481.2925,383.31559,229.17984,229.17984,155.14305,155.14305
"PA(22:0) PA(10:0_12:0)",509.3238,411.34689,257.21114,229.17984,155.14305,183.17435
"PA(23:0) PA(10:0_13:0)",523.3395,425.36259,271.22684,229.17984,155.14305,197.19005
"PA(24:0) PA(10:0_14:0)",537.3551,439.37819,285.24244,229.17984,155.14305,211.20565
"PA(24:1) PA(10:0_14:1)",535.3395,437.36259,283.22684,229.17984,155.14305,209.19005
"PA(25:0) PA(10:0_15:0)",551.3708,453.39389,299.25814,229.17984,155.14305,225.22135
"PA(25:1) PA(10:0_15:1)",549.3551,451.37819,297.24244,229.17984,155.14305,223.20565
"PA(26:0) PA(10:0_16:0)",565.3864,467.40949,313.27374,229.17984,155.14305,239.23695
"PA(26:1) PA(10:0_16:1)",563.3708,465.39389,311.25814,229.17984,155.14305,237.22135
"PA(27:0) PA(10:0_17:0)",579.4021,481.42519,327.28944,229.17984,155.14305,253.25265
"PA(27:1) PA(10:0_17:1)",577.3864,479.40949,325.27374,229.17984,155.14305,251.23695
"PA(27:2) PA(10:0_17:2)",575.3708,477.39389,323.25814,229.17984,155.14305,249.22135
"PA(28:0) PA(10:0_18:0)",593.4177,495.44079,341.30504,229.17984,155.14305,267.26825
"PA(28:1) PA(10:0_18:1)",591.4021,493.42519,339.28944,229.17984,155.14305,265.25265
"PA(28:2) PA(10:0_18:2)",589.3864,491.40949,337.27374,229.17984,155.14305,263.23695
"PA(28:3) PA(10:0_18:3)",587.3708,489.39389,335.25814,229.17984,155.14305,261.22135
"PA(28:4) PA(10:0_18:4)",585.3551,487.37819,333.24244,229.17984,155.14305,259.20565
"PA(29:0) PA(10:0_19:0)",607.4334,509.45649,355.32074,229.17984,155.14305,281.28395
"PA(30:0) PA(10:0_20:0)",621.449,523.47209,369.33634,229.17984,155.14305,295.29955
"PA(30:1) PA(10:0_20:1)",619.4334,521.45649,367.32074,229.17984,155.14305,293.28395
"PA(30:2) PA(10:0_20:2)",617.4177,519.44079,365.30504,229.17984,155.14305,291.26825
"PA(30:3) PA(10:0_20:3)",615.4021,517.42519,363.28944,229.17984,155.14305,289.25265
"PA(30:4) PA(10:0_20:4)",613.3864,515.40949,361.27374,229.17984,155.14305,287.23695
"PA(30:5) PA(10:0_20:5)",611.3708,513.39389,359.25814,229.17984,155.14305,285.22135
"PA(31:0) PA(10:0_21:0)",635.4647,537.48779,383.35204,229.17984,155.14305,309.31525
"PA(32:0) PA(10:0_22:0)",649.4803,551.50339,397.36764,229.17984,155.14305,323.33085
"PA(32:1) PA(10:0_22:1)",647.4647,549.48779,395.35204,229.17984,155.14305,321.31525
"PA(32:2) PA(10:0_22:2)",645.449,547.47209,393.33634,229.17984,155.14305,319.29955
"PA(32:3) PA(10:0_22:3)",643.4334,545.45649,391.32074,229.17984,155.14305,317.28395
"PA(32:4) PA(10:0_22:4)",641.4177,543.44079,389.30504,229.17984,155.14305,315.26825
"PA(32:5) PA(10:0_22:5)",639.4021,541.42519,387.28944,229.17984,155.14305,313.25265
"PA(32:6) PA(10:0_22:6)",637.3864,539.40949,385.27374,229.17984,155.14305,311.23695
"PA(33:0) PA(10:0_23:0)",663.496,565.51909,411.38334,229.17984,155.14305,337.34655
"PA(34:0) PA(10:0_24:0)",677.5116,579.53469,425.39894,229.17984,155.14305,351.36215
"PA(34:1) PA(10:0_24:1)",675.496,577.51909,423.38334,229.17984,155.14305,349.34655
"PA(35:0) PA(10:0_25:0)",691.5273,593.55039,439.41464,229.17984,155.14305,365.37785
"PA(36:0) PA(10:0_26:0)",705.5429,607.56599,453.43024,229.17984,155.14305,379.39345
"PA(24:0) PA(12:0_12:0)",537.3551,439.37819,257.21114,257.21114,183.17435,183.17435
"PA(25:0) PA(12:0_13:0)",551.3708,453.39389,271.22684,257.21114,183.17435,197.19005
"PA(26:0) PA(12:0_14:0)",565.3864,467.40949,285.24244,257.21114,183.17435,211.20565
"PA(26:1) PA(12:0_14:1)",563.3708,465.39389,283.22684,257.21114,183.17435,209.19005
"PA(27:0) PA(12:0_15:0)",579.4021,481.42519,299.25814,257.21114,183.17435,225.22135
"PA(27:1) PA(12:0_15:1)",577.3864,479.40949,297.24244,257.21114,183.17435,223.20565
"PA(28:0) PA(12:0_16:0)",593.4177,495.44079,313.27374,257.21114,183.17435,239.23695
"PA(28:1) PA(12:0_16:1)",591.4021,493.42519,311.25814,257.21114,183.17435,237.22135
"PA(29:0) PA(12:0_17:0)",607.4334,509.45649,327.28944,257.21114,183.17435,253.25265
"PA(29:1) PA(12:0_17:1)",605.4177,507.44079,325.27374,257.21114,183.17435,251.23695
"PA(29:2) PA(12:0_17:2)",603.4021,505.42519,323.25814,257.21114,183.17435,249.22135
"PA(30:0) PA(12:0_18:0)",621.449,523.47209,341.30504,257.21114,183.17435,267.26825
"PA(30:1) PA(12:0_18:1)",619.4334,521.45649,339.28944,257.21114,183.17435,265.25265
"PA(30:2) PA(12:0_18:2)",617.4177,519.44079,337.27374,257.21114,183.17435,263.23695
"PA(30:3) PA(12:0_18:3)",615.4021,517.42519,335.25814,257.21114,183.17435,261.22135
"PA(30:4) PA(12:0_18:4)",613.3864,515.40949,333.24244,257.21114,183.17435,259.20565
"PA(31:0) PA(12:0_19:0)",635.4647,537.48779,355.32074,257.21114,183.17435,281.28395
"PA(32:0) PA(12:0_20:0)",649.4803,551.50339,369.33634,257.21114,183.17435,295.29955
"PA(32:1) PA(12:0_20:1)",647.4647,549.48779,367.32074,257.21114,183.17435,293.28395
"PA(32:2) PA(12:0_20:2)",645.449,547.47209,365.30504,257.21114,183.17435,291.26825
"PA(32:3) PA(12:0_20:3)",643.4334,545.45649,363.28944,257.21114,183.17435,289.25265
"PA(32:4) PA(12:0_20:4)",641.4177,543.44079,361.27374,257.21114,183.17435,287.23695
"PA(32:5) PA(12:0_20:5)",639.4021,541.42519,359.25814,257.21114,183.17435,285.22135
"PA(33:0) PA(12:0_21:0)",663.496,565.51909,383.35204,257.21114,183.17435,309.31525
"PA(34:0) PA(12:0_22:0)",677.5116,579.53469,397.36764,257.21114,183.17435,323.33085
"PA(34:1) PA(12:0_22:1)",675.496,577.51909,395.35204,257.21114,183.17435,321.31525
"PA(34:2) PA(12:0_22:2)",673.4803,575.50339,393.33634,257.21114,183.17435,319.29955
"PA(34:3) PA(12:0_22:3)",671.4647,573.48779,391.32074,257.21114,183.17435,317.28395
"PA(34:4) PA(12:0_22:4)",669.449,571.47209,389.30504,257.21114,183.17435,315.26825
"PA(34:5) PA(12:0_22:5)",667.4334,569.45649,387.28944,257.21114,183.17435,313.25265
"PA(34:6) PA(12:0_22:6)",665.4177,567.44079,385.27374,257.21114,183.17435,311.23695
"PA(35:0) PA(12:0_23:0)",691.5273,593.55039,411.38334,257.21114,183.17435,337.34655
"PA(36:0) PA(12:0_24:0)",705.5429,607.56599,425.39894,257.21114,183.17435,351.36215
"PA(36:1) PA(12:0_24:1)",703.5273,605.55039,423.38334,257.21114,183.17435,349.34655
"PA(37:0) PA(12:0_25:0)",719.5586,621.58169,439.41464,257.21114,183.17435,365.37785
"PA(38:0) PA(12:0_26:0)",733.5742,635.59729,453.43024,257.21114,183.17435,379.39345
"PA(26:0) PA(13:0_13:0)",565.3865,467.40959,271.22684,271.22684,197.19005,197.19005
"PA(27:0) PA(13:0_14:0)",579.4021,481.42519,285.24244,271.22684,197.19005,211.20565
"PA(27:1) PA(13:0_14:1)",577.3865,479.40959,283.22684,271.22684,197.19005,209.19005
"PA(28:0) PA(13:0_15:0)",593.4178,495.44089,299.25814,271.22684,197.19005,225.22135
"PA(28:1) PA(13:0_15:1)",591.4021,493.42519,297.24244,271.22684,197.19005,223.20565
"PA(29:0) PA(13:0_16:0)",607.4334,509.45649,313.27374,271.22684,197.19005,239.23695
"PA(29:1) PA(13:0_16:1)",605.4178,507.44089,311.25814,271.22684,197.19005,237.22135
"PA(30:0) PA(13:0_17:0)",621.4491,523.47219,327.28944,271.22684,197.19005,253.25265
"PA(30:1) PA(13:0_17:1)",619.4334,521.45649,325.27374,271.22684,197.19005,251.23695
"PA(30:2) PA(13:0_17:2)",617.4178,519.44089,323.25814,271.22684,197.19005,249.22135
"PA(31:0) PA(13:0_18:0)",635.4647,537.48779,341.30504,271.22684,197.19005,267.26825
"PA(31:1) PA(13:0_18:1)",633.4491,535.47219,339.28944,271.22684,197.19005,265.25265
"PA(31:2) PA(13:0_18:2)",631.4334,533.45649,337.27374,271.22684,197.19005,263.23695
"PA(31:3) PA(13:0_18:3)",629.4178,531.44089,335.25814,271.22684,197.19005,261.22135
"PA(31:4) PA(13:0_18:4)",627.4021,529.42519,333.24244,271.22684,197.19005,259.20565
"PA(32:0) PA(13:0_19:0)",649.4804,551.50349,355.32074,271.22684,197.19005,281.28395
"PA(33:0) PA(13:0_20:0)",663.496,565.51909,369.33634,271.22684,197.19005,295.29955
"PA(33:1) PA(13:0_20:1)",661.4804,563.50349,367.32074,271.22684,197.19005,293.28395
"PA(33:2) PA(13:0_20:2)",659.4647,561.48779,365.30504,271.22684,197.19005,291.26825
"PA(33:3) PA(13:0_20:3)",657.4491,559.47219,363.28944,271.22684,197.19005,289.25265
"PA(33:4) PA(13:0_20:4)",655.4334,557.45649,361.27374,271.22684,197.19005,287.23695
"PA(33:5) PA(13:0_20:5)",653.4178,555.44089,359.25814,271.22684,197.19005,285.22135
"PA(34:0) PA(13:0_21:0)",677.5117,579.53479,383.35204,271.22684,197.19005,309.31525
"PA(35:0) PA(13:0_22:0)",691.5273,593.55039,397.36764,271.22684,197.19005,323.33085
"PA(35:1) PA(13:0_22:1)",689.5117,591.53479,395.35204,271.22684,197.19005,321.31525
"PA(35:2) PA(13:0_22:2)",687.496,589.51909,393.33634,271.22684,197.19005,319.29955
"PA(35:3) PA(13:0_22:3)",685.4804,587.50349,391.32074,271.22684,197.19005,317.28395
"PA(35:4) PA(13:0_22:4)",683.4647,585.48779,389.30504,271.22684,197.19005,315.26825
"PA(35:5) PA(13:0_22:5)",681.4491,583.47219,387.28944,271.22684,197.19005,313.25265
"PA(35:6) PA(13:0_22:6)",679.4334,581.45649,385.27374,271.22684,197.19005,311.23695
"PA(36:0) PA(13:0_23:0)",705.543,607.56609,411.38334,271.22684,197.19005,337.34655
"PA(37:0) PA(13:0_24:0)",719.5586,621.58169,425.39894,271.22684,197.19005,351.36215
"PA(37:1) PA(13:0_24:1)",717.543,619.56609,423.38334,271.22684,197.19005,349.34655
"PA(38:0) PA(13:0_25:0)",733.5743,635.59739,439.41464,271.22684,197.19005,365.37785
"PA(39:0) PA(13:0_26:0)",747.5899,649.61299,453.43024,271.22684,197.19005,379.39345
"PA(28:0) PA(14:0_14:0)",593.4177,495.44079,285.24244,285.24244,211.20565,211.20565
"PA(28:1) PA(14:0_14:1)",591.4021,493.42519,283.22684,285.24244,211.20565,209.19005
"PA(29:0) PA(14:0_15:0)",607.4334,509.45649,299.25814,285.24244,211.20565,225.22135
"PA(29:1) PA(14:0_15:1)",605.4177,507.44079,297.24244,285.24244,211.20565,223.20565
"PA(30:0) PA(14:0_16:0)",621.449,523.47209,313.27374,285.24244,211.20565,239.23695
"PA(30:1) PA(14:0_16:1)",619.4334,521.45649,311.25814,285.24244,211.20565,237.22135
"PA(31:0) PA(14:0_17:0)",635.4647,537.48779,327.28944,285.24244,211.20565,253.25265
"PA(31:1) PA(14:0_17:1)",633.449,535.47209,325.27374,285.24244,211.20565,251.23695
"PA(31:2) PA(14:0_17:2)",631.4334,533.45649,323.25814,285.24244,211.20565,249.22135
"PA(32:0) PA(14:0_18:0)",649.4803,551.50339,341.30504,285.24244,211.20565,267.26825
"PA(32:1) PA(14:0_18:1)",647.4647,549.48779,339.28944,285.24244,211.20565,265.25265
"PA(32:2) PA(14:0_18:2)",645.449,547.47209,337.27374,285.24244,211.20565,263.23695
"PA(32:3) PA(14:0_18:3)",643.4334,545.45649,335.25814,285.24244,211.20565,261.22135
"PA(32:4) PA(14:0_18:4)",641.4177,543.44079,333.24244,285.24244,211.20565,259.20565
"PA(33:0) PA(14:0_19:0)",663.496,565.51909,355.32074,285.24244,211.20565,281.28395
"PA(34:0) PA(14:0_20:0)",677.5116,579.53469,369.33634,285.24244,211.20565,295.29955
"PA(34:1) PA(14:0_20:1)",675.496,577.51909,367.32074,285.24244,211.20565,293.28395
"PA(34:2) PA(14:0_20:2)",673.4803,575.50339,365.30504,285.24244,211.20565,291.26825
"PA(34:3) PA(14:0_20:3)",671.4647,573.48779,363.28944,285.24244,211.20565,289.25265
"PA(34:4) PA(14:0_20:4)",669.449,571.47209,361.27374,285.24244,211.20565,287.23695
"PA(34:5) PA(14:0_20:5)",667.4334,569.45649,359.25814,285.24244,211.20565,285.22135
"PA(35:0) PA(14:0_21:0)",691.5273,593.55039,383.35204,285.24244,211.20565,309.31525
"PA(36:0) PA(14:0_22:0)",705.5429,607.56599,397.36764,285.24244,211.20565,323.33085
"PA(36:1) PA(14:0_22:1)",703.5273,605.55039,395.35204,285.24244,211.20565,321.31525
"PA(36:2) PA(14:0_22:2)",701.5116,603.53469,393.33634,285.24244,211.20565,319.29955
"PA(36:3) PA(14:0_22:3)",699.496,601.51909,391.32074,285.24244,211.20565,317.28395
"PA(36:4) PA(14:0_22:4)",697.4803,599.50339,389.30504,285.24244,211.20565,315.26825
"PA(36:5) PA(14:0_22:5)",695.4647,597.48779,387.28944,285.24244,211.20565,313.25265
"PA(36:6) PA(14:0_22:6)",693.449,595.47209,385.27374,285.24244,211.20565,311.23695
"PA(37:0) PA(14:0_23:0)",719.5586,621.58169,411.38334,285.24244,211.20565,337.34655
"PA(38:0) PA(14:0_24:0)",733.5742,635.59729,425.39894,285.24244,211.20565,351.36215
"PA(38:1) PA(14:0_24:1)",731.5586,633.58169,423.38334,285.24244,211.20565,349.34655
"PA(39:0) PA(14:0_25:0)",747.5899,649.61299,439.41464,285.24244,211.20565,365.37785
"PA(40:0) PA(14:0_26:0)",761.6055,663.62859,453.43024,285.24244,211.20565,379.39345
"PA(28:2) PA(14:1_14:1)",589.3865,491.40959,283.22684,283.22684,209.19005,209.19005
"PA(29:1) PA(14:1_15:0)",605.4178,507.44089,299.25814,283.22684,209.19005,225.22135
"PA(29:2) PA(14:1_15:1)",603.4021,505.42519,297.24244,283.22684,209.19005,223.20565
"PA(30:1) PA(14:1_16:0)",619.4334,521.45649,313.27374,283.22684,209.19005,239.23695
"PA(30:2) PA(14:1_16:1)",617.4178,519.44089,311.25814,283.22684,209.19005,237.22135
"PA(31:1) PA(14:1_17:0)",633.4491,535.47219,327.28944,283.22684,209.19005,253.25265
"PA(31:2) PA(14:1_17:1)",631.4334,533.45649,325.27374,283.22684,209.19005,251.23695
"PA(31:3) PA(14:1_17:2)",629.4178,531.44089,323.25814,283.22684,209.19005,249.22135
"PA(32:1) PA(14:1_18:0)",647.4647,549.48779,341.30504,283.22684,209.19005,267.26825
"PA(32:2) PA(14:1_18:1)",645.4491,547.47219,339.28944,283.22684,209.19005,265.25265
"PA(32:3) PA(14:1_18:2)",643.4334,545.45649,337.27374,283.22684,209.19005,263.23695
"PA(32:4) PA(14:1_18:3)",641.4178,543.44089,335.25814,283.22684,209.19005,261.22135
"PA(32:5) PA(14:1_18:4)",639.4021,541.42519,333.24244,283.22684,209.19005,259.20565
"PA(33:1) PA(14:1_19:0)",661.4804,563.50349,355.32074,283.22684,209.19005,281.28395
"PA(34:1) PA(14:1_20:0)",675.496,577.51909,369.33634,283.22684,209.19005,295.29955
"PA(34:2) PA(14:1_20:1)",673.4804,575.50349,367.32074,283.22684,209.19005,293.28395
"PA(34:3) PA(14:1_20:2)",671.4647,573.48779,365.30504,283.22684,209.19005,291.26825
"PA(34:4) PA(14:1_20:3)",669.4491,571.47219,363.28944,283.22684,209.19005,289.25265
"PA(34:5) PA(14:1_20:4)",667.4334,569.45649,361.27374,283.22684,209.19005,287.23695
"PA(34:6) PA(14:1_20:5)",665.4178,567.44089,359.25814,283.22684,209.19005,285.22135
"PA(35:1) PA(14:1_21:0)",689.5117,591.53479,383.35204,283.22684,209.19005,309.31525
"PA(36:1) PA(14:1_22:0)",703.5273,605.55039,397.36764,283.22684,209.19005,323.33085
"PA(36:2) PA(14:1_22:1)",701.5117,603.53479,395.35204,283.22684,209.19005,321.31525
"PA(36:3) PA(14:1_22:2)",699.496,601.51909,393.33634,283.22684,209.19005,319.29955
"PA(36:4) PA(14:1_22:3)",697.4804,599.50349,391.32074,283.22684,209.19005,317.28395
"PA(36:5) PA(14:1_22:4)",695.4647,597.48779,389.30504,283.22684,209.19005,315.26825
"PA(36:6) PA(14:1_22:5)",693.4491,595.47219,387.28944,283.22684,209.19005,313.25265
"PA(36:7) PA(14:1_22:6)",691.4334,593.45649,385.27374,283.22684,209.19005,311.23695
"PA(37:1) PA(14:1_23:0)",717.543,619.56609,411.38334,283.22684,209.19005,337.34655
"PA(38:1) PA(14:1_24:0)",731.5586,633.58169,425.39894,283.22684,209.19005,351.36215
"PA(38:2) PA(14:1_24:1)",729.543,631.56609,423.38334,283.22684,209.19005,349.34655
"PA(39:1) PA(14:1_25:0)",745.5743,647.59739,439.41464,283.22684,209.19005,365.37785
"PA(40:1) PA(14:1_26:0)",759.5899,661.61299,453.43024,283.22684,209.19005,379.39345
"PA(30:0) PA(15:0_15:0)",621.4491,523.47219,299.25814,299.25814,225.22135,225.22135
"PA(30:1) PA(15:0_15:1)",619.4334,521.45649,297.24244,299.25814,225.22135,223.20565
"PA(31:0) PA(15:0_16:0)",635.4647,537.48779,313.27374,299.25814,225.22135,239.23695
"PA(31:1) PA(15:0_16:1)",633.4491,535.47219,311.25814,299.25814,225.22135,237.22135
"PA(32:0) PA(15:0_17:0)",649.4804,551.50349,327.28944,299.25814,225.22135,253.25265
"PA(32:1) PA(15:0_17:1)",647.4647,549.48779,325.27374,299.25814,225.22135,251.23695
"PA(32:2) PA(15:0_17:2)",645.4491,547.47219,323.25814,299.25814,225.22135,249.22135
"PA(33:0) PA(15:0_18:0)",663.496,565.51909,341.30504,299.25814,225.22135,267.26825
"PA(33:1) PA(15:0_18:1)",661.4804,563.50349,339.28944,299.25814,225.22135,265.25265
"PA(33:2) PA(15:0_18:2)",659.4647,561.48779,337.27374,299.25814,225.22135,263.23695
"PA(33:3) PA(15:0_18:3)",657.4491,559.47219,335.25814,299.25814,225.22135,261.22135
"PA(33:4) PA(15:0_18:4)",655.4334,557.45649,333.24244,299.25814,225.22135,259.20565
"PA(34:0) PA(15:0_19:0)",677.5117,579.53479,355.32074,299.25814,225.22135,281.28395
"PA(35:0) PA(15:0_20:0)",691.5273,593.55039,369.33634,299.25814,225.22135,295.29955
"PA(35:1) PA(15:0_20:1)",689.5117,591.53479,367.32074,299.25814,225.22135,293.28395
"PA(35:2) PA(15:0_20:2)",687.496,589.51909,365.30504,299.25814,225.22135,291.26825
"PA(35:3) PA(15:0_20:3)",685.4804,587.50349,363.28944,299.25814,225.22135,289.25265
"PA(35:4) PA(15:0_20:4)",683.4647,585.48779,361.27374,299.25814,225.22135,287.23695
"PA(35:5) PA(15:0_20:5)",681.4491,583.47219,359.25814,299.25814,225.22135,285.22135
"PA(36:0) PA(15:0_21:0)",705.543,607.56609,383.35204,299.25814,225.22135,309.31525
"PA(37:0) PA(15:0_22:0)",719.5586,621.58169,397.36764,299.25814,225.22135,323.33085
"PA(37:1) PA(15:0_22:1)",717.543,619.56609,395.35204,299.25814,225.22135,321.31525
"PA(37:2) PA(15:0_22:2)",715.5273,617.55039,393.33634,299.25814,225.22135,319.29955
"PA(37:3) PA(15:0_22:3)",713.5117,615.53479,391.32074,299.25814,225.22135,317.28395
"PA(37:4) PA(15:0_22:4)",711.496,613.51909,389.30504,299.25814,225.22135,315.26825
"PA(37:5) PA(15:0_22:5)",709.4804,611.50349,387.28944,299.25814,225.22135,313.25265
"PA(37:6) PA(15:0_22:6)",707.4647,609.48779,385.27374,299.25814,225.22135,311.23695
"PA(38:0) PA(15:0_23:0)",733.5743,635.59739,411.38334,299.25814,225.22135,337.34655
"PA(39:0) PA(15:0_24:0)",747.5899,649.61299,425.39894,299.25814,225.22135,351.36215
"PA(39:1) PA(15:0_24:1)",745.5743,647.59739,423.38334,299.25814,225.22135,349.34655
"PA(40:0) PA(15:0_25:0)",761.6056,663.62869,439.41464,299.25814,225.22135,365.37785
"PA(41:0) PA(15:0_26:0)",775.6212,677.64429,453.43024,299.25814,225.22135,379.39345
"PA(30:2) PA(15:1_15:1)",617.4177,519.44079,297.24244,297.24244,223.20565,223.20565
"PA(31:1) PA(15:1_16:0)",633.449,535.47209,313.27374,297.24244,223.20565,239.23695
"PA(31:2) PA(15:1_16:1)",631.4334,533.45649,311.25814,297.24244,223.20565,237.22135
"PA(32:1) PA(15:1_17:0)",647.4647,549.48779,327.28944,297.24244,223.20565,253.25265
"PA(32:2) PA(15:1_17:1)",645.449,547.47209,325.27374,297.24244,223.20565,251.23695
"PA(32:3) PA(15:1_17:2)",643.4334,545.45649,323.25814,297.24244,223.20565,249.22135
"PA(33:1) PA(15:1_18:0)",661.4803,563.50339,341.30504,297.24244,223.20565,267.26825
"PA(33:2) PA(15:1_18:1)",659.4647,561.48779,339.28944,297.24244,223.20565,265.25265
"PA(33:3) PA(15:1_18:2)",657.449,559.47209,337.27374,297.24244,223.20565,263.23695
"PA(33:4) PA(15:1_18:3)",655.4334,557.45649,335.25814,297.24244,223.20565,261.22135
"PA(33:5) PA(15:1_18:4)",653.4177,555.44079,333.24244,297.24244,223.20565,259.20565
"PA(34:1) PA(15:1_19:0)",675.496,577.51909,355.32074,297.24244,223.20565,281.28395
"PA(35:1) PA(15:1_20:0)",689.5116,591.53469,369.33634,297.24244,223.20565,295.29955
"PA(35:2) PA(15:1_20:1)",687.496,589.51909,367.32074,297.24244,223.20565,293.28395
"PA(35:3) PA(15:1_20:2)",685.4803,587.50339,365.30504,297.24244,223.20565,291.26825
"PA(35:4) PA(15:1_20:3)",683.4647,585.48779,363.28944,297.24244,223.20565,289.25265
"PA(35:5) PA(15:1_20:4)",681.449,583.47209,361.27374,297.24244,223.20565,287.23695
"PA(35:6) PA(15:1_20:5)",679.4334,581.45649,359.25814,297.24244,223.20565,285.22135
"PA(36:1) PA(15:1_21:0)",703.5273,605.55039,383.35204,297.24244,223.20565,309.31525
"PA(37:1) PA(15:1_22:0)",717.5429,619.56599,397.36764,297.24244,223.20565,323.33085
"PA(37:2) PA(15:1_22:1)",715.5273,617.55039,395.35204,297.24244,223.20565,321.31525
"PA(37:3) PA(15:1_22:2)",713.5116,615.53469,393.33634,297.24244,223.20565,319.29955
"PA(37:4) PA(15:1_22:3)",711.496,613.51909,391.32074,297.24244,223.20565,317.28395
"PA(37:5) PA(15:1_22:4)",709.4803,611.50339,389.30504,297.24244,223.20565,315.26825
"PA(37:6) PA(15:1_22:5)",707.4647,609.48779,387.28944,297.24244,223.20565,313.25265
"PA(37:7) PA(15:1_22:6)",705.449,607.47209,385.27374,297.24244,223.20565,311.23695
"PA(38:1) PA(15:1_23:0)",731.5586,633.58169,411.38334,297.24244,223.20565,337.34655
"PA(39:1) PA(15:1_24:0)",745.5742,647.59729,425.39894,297.24244,223.20565,351.36215
"PA(39:2) PA(15:1_24:1)",743.5586,645.58169,423.38334,297.24244,223.20565,349.34655
"PA(40:1) PA(15:1_25:0)",759.5899,661.61299,439.41464,297.24244,223.20565,365.37785
"PA(41:1) PA(15:1_26:0)",773.6055,675.62859,453.43024,297.24244,223.20565,379.39345
"PA(32:0) PA(16:0_16:0)",649.4803,551.50339,313.27374,313.27374,239.23695,239.23695
"PA(32:1) PA(16:0_16:1)",647.4647,549.48779,311.25814,313.27374,239.23695,237.22135
"PA(33:0) PA(16:0_17:0)",663.496,565.51909,327.28944,313.27374,239.23695,253.25265
"PA(33:1) PA(16:0_17:1)",661.4803,563.50339,325.27374,313.27374,239.23695,251.23695
"PA(33:2) PA(16:0_17:2)",659.4647,561.48779,323.25814,313.27374,239.23695,249.22135
"PA(34:0) PA(16:0_18:0)",677.5116,579.53469,341.30504,313.27374,239.23695,267.26825
"PA(34:1) PA(16:0_18:1)",675.496,577.51909,339.28944,313.27374,239.23695,265.25265
"PA(34:2) PA(16:0_18:2)",673.4803,575.50339,337.27374,313.27374,239.23695,263.23695
"PA(34:3) PA(16:0_18:3)",671.4647,573.48779,335.25814,313.27374,239.23695,261.22135
"PA(34:4) PA(16:0_18:4)",669.449,571.47209,333.24244,313.27374,239.23695,259.20565
"PA(35:0) PA(16:0_19:0)",691.5273,593.55039,355.32074,313.27374,239.23695,281.28395
"PA(36:0) PA(16:0_20:0)",705.5429,607.56599,369.33634,313.27374,239.23695,295.29955
"PA(36:1) PA(16:0_20:1)",703.5273,605.55039,367.32074,313.27374,239.23695,293.28395
"PA(36:2) PA(16:0_20:2)",701.5116,603.53469,365.30504,313.27374,239.23695,291.26825
"PA(36:3) PA(16:0_20:3)",699.496,601.51909,363.28944,313.27374,239.23695,289.25265
"PA(36:4) PA(16:0_20:4)",697.4803,599.50339,361.27374,313.27374,239.23695,287.23695
"PA(36:5) PA(16:0_20:5)",695.4647,597.48779,359.25814,313.27374,239.23695,285.22135
"PA(37:0) PA(16:0_21:0)",719.5586,621.58169,383.35204,313.27374,239.23695,309.31525
"PA(38:0) PA(16:0_22:0)",733.5742,635.59729,397.36764,313.27374,239.23695,323.33085
"PA(38:1) PA(16:0_22:1)",731.5586,633.58169,395.35204,313.27374,239.23695,321.31525
"PA(38:2) PA(16:0_22:2)",729.5429,631.56599,393.33634,313.27374,239.23695,319.29955
"PA(38:3) PA(16:0_22:3)",727.5273,629.55039,391.32074,313.27374,239.23695,317.28395
"PA(38:4) PA(16:0_22:4)",725.5116,627.53469,389.30504,313.27374,239.23695,315.26825
"PA(38:5) PA(16:0_22:5)",723.496,625.51909,387.28944,313.27374,239.23695,313.25265
"PA(38:6) PA(16:0_22:6)",721.4803,623.50339,385.27374,313.27374,239.23695,311.23695
"PA(39:0) PA(16:0_23:0)",747.5899,649.61299,411.38334,313.27374,239.23695,337.34655
"PA(40:0) PA(16:0_24:0)",761.6055,663.62859,425.39894,313.27374,239.23695,351.36215
"PA(40:1) PA(16:0_24:1)",759.5899,661.61299,423.38334,313.27374,239.23695,349.34655
"PA(41:0) PA(16:0_25:0)",775.6212,677.64429,439.41464,313.27374,239.23695,365.37785
"PA(42:0) PA(16:0_26:0)",789.6368,691.65989,453.43024,313.27374,239.23695,379.39345
"PA(32:2) PA(16:1_16:1)",645.4491,547.47219,311.25814,311.25814,237.22135,237.22135
"PA(33:1) PA(16:1_17:0)",661.4804,563.50349,327.28944,311.25814,237.22135,253.25265
"PA(33:2) PA(16:1_17:1)",659.4647,561.48779,325.27374,311.25814,237.22135,251.23695
"PA(33:3) PA(16:1_17:2)",657.4491,559.47219,323.25814,311.25814,237.22135,249.22135
"PA(34:1) PA(16:1_18:0)",675.496,577.51909,341.30504,311.25814,237.22135,267.26825
"PA(34:2) PA(16:1_18:1)",673.4804,575.50349,339.28944,311.25814,237.22135,265.25265
"PA(34:3) PA(16:1_18:2)",671.4647,573.48779,337.27374,311.25814,237.22135,263.23695
"PA(34:4) PA(16:1_18:3)",669.4491,571.47219,335.25814,311.25814,237.22135,261.22135
"PA(34:5) PA(16:1_18:4)",667.4334,569.45649,333.24244,311.25814,237.22135,259.20565
"PA(35:1) PA(16:1_19:0)",689.5117,591.53479,355.32074,311.25814,237.22135,281.28395
"PA(36:1) PA(16:1_20:0)",703.5273,605.55039,369.33634,311.25814,237.22135,295.29955
"PA(36:2) PA(16:1_20:1)",701.5117,603.53479,367.32074,311.25814,237.22135,293.28395
"PA(36:3) PA(16:1_20:2)",699.496,601.51909,365.30504,311.25814,237.22135,291.26825
"PA(36:4) PA(16:1_20:3)",697.4804,599.50349,363.28944,311.25814,237.22135,289.25265
"PA(36:5) PA(16:1_20:4)",695.4647,597.48779,361.27374,311.25814,237.22135,287.23695
"PA(36:6) PA(16:1_20:5)",693.4491,595.47219,359.25814,311.25814,237.22135,285.22135
"PA(37:1) PA(16:1_21:0)",717.543,619.56609,383.35204,311.25814,237.22135,309.31525
"PA(38:1) PA(16:1_22:0)",731.5586,633.58169,397.36764,311.25814,237.22135,323.33085
"PA(38:2) PA(16:1_22:1)",729.543,631.56609,395.35204,311.25814,237.22135,321.31525
"PA(38:3) PA(16:1_22:2)",727.5273,629.55039,393.33634,311.25814,237.22135,319.29955
"PA(38:4) PA(16:1_22:3)",725.5117,627.53479,391.32074,311.25814,237.22135,317.28395
"PA(38:5) PA(16:1_22:4)",723.496,625.51909,389.30504,311.25814,237.22135,315.26825
"PA(38:6) PA(16:1_22:5)",721.4804,623.50349,387.28944,311.25814,237.22135,313.25265
"PA(38:7) PA(16:1_22:6)",719.4647,621.48779,385.27374,311.25814,237.22135,311.23695
"PA(39:1) PA(16:1_23:0)",745.5743,647.59739,411.38334,311.25814,237.22135,337.34655
"PA(40:1) PA(16:1_24:0)",759.5899,661.61299,425.39894,311.25814,237.22135,351.36215
"PA(40:2) PA(16:1_24:1)",757.5743,659.59739,423.38334,311.25814,237.22135,349.34655
"PA(41:1) PA(16:1_25:0)",773.6056,675.62869,439.41464,311.25814,237.22135,365.37785
"PA(42:1) PA(16:1_26:0)",787.6212,689.64429,453.43024,311.25814,237.22135,379.39345
"PA(34:0) PA(17:0_17:0)",677.5117,579.53479,327.28944,327.28944,253.25265,253.25265
"PA(34:1) PA(17:0_17:1)",675.496,577.51909,325.27374,327.28944,253.25265,251.23695
"PA(34:2) PA(17:0_17:2)",673.4804,575.50349,323.25814,327.28944,253.25265,249.22135
"PA(35:0) PA(17:0_18:0)",691.5273,593.55039,341.30504,327.28944,253.25265,267.26825
"PA(35:1) PA(17:0_18:1)",689.5117,591.53479,339.28944,327.28944,253.25265,265.25265
"PA(35:2) PA(17:0_18:2)",687.496,589.51909,337.27374,327.28944,253.25265,263.23695
"PA(35:3) PA(17:0_18:3)",685.4804,587.50349,335.25814,327.28944,253.25265,261.22135
"PA(35:4) PA(17:0_18:4)",683.4647,585.48779,333.24244,327.28944,253.25265,259.20565
"PA(36:0) PA(17:0_19:0)",705.543,607.56609,355.32074,327.28944,253.25265,281.28395
"PA(37:0) PA(17:0_20:0)",719.5586,621.58169,369.33634,327.28944,253.25265,295.29955
"PA(37:1) PA(17:0_20:1)",717.543,619.56609,367.32074,327.28944,253.25265,293.28395
"PA(37:2) PA(17:0_20:2)",715.5273,617.55039,365.30504,327.28944,253.25265,291.26825
"PA(37:3) PA(17:0_20:3)",713.5117,615.53479,363.28944,327.28944,253.25265,289.25265
"PA(37:4) PA(17:0_20:4)",711.496,613.51909,361.27374,327.28944,253.25265,287.23695
"PA(37:5) PA(17:0_20:5)",709.4804,611.50349,359.25814,327.28944,253.25265,285.22135
"PA(38:0) PA(17:0_21:0)",733.5743,635.59739,383.35204,327.28944,253.25265,309.31525
"PA(39:0) PA(17:0_22:0)",747.5899,649.61299,397.36764,327.28944,253.25265,323.33085
"PA(39:1) PA(17:0_22:1)",745.5743,647.59739,395.35204,327.28944,253.25265,321.31525
"PA(39:2) PA(17:0_22:2)",743.5586,645.58169,393.33634,327.28944,253.25265,319.29955
"PA(39:3) PA(17:0_22:3)",741.543,643.56609,391.32074,327.28944,253.25265,317.28395
"PA(39:4) PA(17:0_22:4)",739.5273,641.55039,389.30504,327.28944,253.25265,315.26825
"PA(39:5) PA(17:0_22:5)",737.5117,639.53479,387.28944,327.28944,253.25265,313.25265
"PA(39:6) PA(17:0_22:6)",735.496,637.51909,385.27374,327.28944,253.25265,311.23695
"PA(40:0) PA(17:0_23:0)",761.6056,663.62869,411.38334,327.28944,253.25265,337.34655
"PA(41:0) PA(17:0_24:0)",775.6212,677.64429,425.39894,327.28944,253.25265,351.36215
"PA(41:1) PA(17:0_24:1)",773.6056,675.62869,423.38334,327.28944,253.25265,349.34655
"PA(42:0) PA(17:0_25:0)",789.6369,691.65999,439.41464,327.28944,253.25265,365.37785
"PA(43:0) PA(17:0_26:0)",803.6525,705.67559,453.43024,327.28944,253.25265,379.39345
"PA(34:2) PA(17:1_17:1)",673.4803,575.50339,325.27374,325.27374,251.23695,251.23695
"PA(34:3) PA(17:1_17:2)",671.4647,573.48779,323.25814,325.27374,251.23695,249.22135
"PA(35:1) PA(17:1_18:0)",689.5116,591.53469,341.30504,325.27374,251.23695,267.26825
"PA(35:2) PA(17:1_18:1)",687.496,589.51909,339.28944,325.27374,251.23695,265.25265
"PA(35:3) PA(17:1_18:2)",685.4803,587.50339,337.27374,325.27374,251.23695,263.23695
"PA(35:4) PA(17:1_18:3)",683.4647,585.48779,335.25814,325.27374,251.23695,261.22135
"PA(35:5) PA(17:1_18:4)",681.449,583.47209,333.24244,325.27374,251.23695,259.20565
"PA(36:1) PA(17:1_19:0)",703.5273,605.55039,355.32074,325.27374,251.23695,281.28395
"PA(37:1) PA(17:1_20:0)",717.5429,619.56599,369.33634,325.27374,251.23695,295.29955
"PA(37:2) PA(17:1_20:1)",715.5273,617.55039,367.32074,325.27374,251.23695,293.28395
"PA(37:3) PA(17:1_20:2)",713.5116,615.53469,365.30504,325.27374,251.23695,291.26825
"PA(37:4) PA(17:1_20:3)",711.496,613.51909,363.28944,325.27374,251.23695,289.25265
"PA(37:5) PA(17:1_20:4)",709.4803,611.50339,361.27374,325.27374,251.23695,287.23695
"PA(37:6) PA(17:1_20:5)",707.4647,609.48779,359.25814,325.27374,251.23695,285.22135
"PA(38:1) PA(17:1_21:0)",731.5586,633.58169,383.35204,325.27374,251.23695,309.31525
"PA(39:1) PA(17:1_22:0)",745.5742,647.59729,397.36764,325.27374,251.23695,323.33085
"PA(39:2) PA(17:1_22:1)",743.5586,645.58169,395.35204,325.27374,251.23695,321.31525
"PA(39:3) PA(17:1_22:2)",741.5429,643.56599,393.33634,325.27374,251.23695,319.29955
"PA(39:4) PA(17:1_22:3)",739.5273,641.55039,391.32074,325.27374,251.23695,317.28395
"PA(39:5) PA(17:1_22:4)",737.5116,639.53469,389.30504,325.27374,251.23695,315.26825
"PA(39:6) PA(17:1_22:5)",735.496,637.51909,387.28944,325.27374,251.23695,313.25265
"PA(39:7) PA(17:1_22:6)",733.4803,635.50339,385.27374,325.27374,251.23695,311.23695
"PA(40:1) PA(17:1_23:0)",759.5899,661.61299,411.38334,325.27374,251.23695,337.34655
"PA(41:1) PA(17:1_24:0)",773.6055,675.62859,425.39894,325.27374,251.23695,351.36215
"PA(41:2) PA(17:1_24:1)",771.5899,673.61299,423.38334,325.27374,251.23695,349.34655
"PA(42:1) PA(17:1_25:0)",787.6212,689.64429,439.41464,325.27374,251.23695,365.37785
"PA(43:1) PA(17:1_26:0)",801.6368,703.65989,453.43024,325.27374,251.23695,379.39345
"PA(34:4) PA(17:2_17:2)",669.4491,571.47219,323.25814,323.25814,249.22135,249.22135
"PA(35:2) PA(17:2_18:0)",687.496,589.51909,341.30504,323.25814,249.22135,267.26825
"PA(35:3) PA(17:2_18:1)",685.4804,587.50349,339.28944,323.25814,249.22135,265.25265
"PA(35:4) PA(17:2_18:2)",683.4647,585.48779,337.27374,323.25814,249.22135,263.23695
"PA(35:5) PA(17:2_18:3)",681.4491,583.47219,335.25814,323.25814,249.22135,261.22135
"PA(35:6) PA(17:2_18:4)",679.4334,581.45649,333.24244,323.25814,249.22135,259.20565
"PA(36:2) PA(17:2_19:0)",701.5117,603.53479,355.32074,323.25814,249.22135,281.28395
"PA(37:2) PA(17:2_20:0)",715.5273,617.55039,369.33634,323.25814,249.22135,295.29955
"PA(37:3) PA(17:2_20:1)",713.5117,615.53479,367.32074,323.25814,249.22135,293.28395
"PA(37:4) PA(17:2_20:2)",711.496,613.51909,365.30504,323.25814,249.22135,291.26825
"PA(37:5) PA(17:2_20:3)",709.4804,611.50349,363.28944,323.25814,249.22135,289.25265
"PA(37:6) PA(17:2_20:4)",707.4647,609.48779,361.27374,323.25814,249.22135,287.23695
"PA(37:7) PA(17:2_20:5)",705.4491,607.47219,359.25814,323.25814,249.22135,285.22135
"PA(38:2) PA(17:2_21:0)",729.543,631.56609,383.35204,323.25814,249.22135,309.31525
"PA(39:2) PA(17:2_22:0)",743.5586,645.58169,397.36764,323.25814,249.22135,323.33085
"PA(39:3) PA(17:2_22:1)",741.543,643.56609,395.35204,323.25814,249.22135,321.31525
"PA(39:4) PA(17:2_22:2)",739.5273,641.55039,393.33634,323.25814,249.22135,319.29955
"PA(39:5) PA(17:2_22:3)",737.5117,639.53479,391.32074,323.25814,249.22135,317.28395
"PA(39:6) PA(17:2_22:4)",735.496,637.51909,389.30504,323.25814,249.22135,315.26825
"PA(39:7) PA(17:2_22:5)",733.4804,635.50349,387.28944,323.25814,249.22135,313.25265
"PA(39:8) PA(17:2_22:6)",731.4647,633.48779,385.27374,323.25814,249.22135,311.23695
"PA(40:2) PA(17:2_23:0)",757.5743,659.59739,411.38334,323.25814,249.22135,337.34655
"PA(41:2) PA(17:2_24:0)",771.5899,673.61299,425.39894,323.25814,249.22135,351.36215
"PA(41:3) PA(17:2_24:1)",769.5743,671.59739,423.38334,323.25814,249.22135,349.34655
"PA(42:2) PA(17:2_25:0)",785.6056,687.62869,439.41464,323.25814,249.22135,365.37785
"PA(43:2) PA(17:2_26:0)",799.6212,701.64429,453.43024,323.25814,249.22135,379.39345
"PA(36:0) PA(18:0_18:0)",705.5429,607.56599,341.30504,341.30504,267.26825,267.26825
"PA(36:1) PA(18:0_18:1)",703.5273,605.55039,339.28944,341.30504,267.26825,265.25265
"PA(36:2) PA(18:0_18:2)",701.5116,603.53469,337.27374,341.30504,267.26825,263.23695
"PA(36:3) PA(18:0_18:3)",699.496,601.51909,335.25814,341.30504,267.26825,261.22135
"PA(36:4) PA(18:0_18:4)",697.4803,599.50339,333.24244,341.30504,267.26825,259.20565
"PA(37:0) PA(18:0_19:0)",719.5586,621.58169,355.32074,341.30504,267.26825,281.28395
"PA(38:0) PA(18:0_20:0)",733.5742,635.59729,369.33634,341.30504,267.26825,295.29955
"PA(38:1) PA(18:0_20:1)",731.5586,633.58169,367.32074,341.30504,267.26825,293.28395
"PA(38:2) PA(18:0_20:2)",729.5429,631.56599,365.30504,341.30504,267.26825,291.26825
"PA(38:3) PA(18:0_20:3)",727.5273,629.55039,363.28944,341.30504,267.26825,289.25265
"PA(38:4) PA(18:0_20:4)",725.5116,627.53469,361.27374,341.30504,267.26825,287.23695
"PA(38:5) PA(18:0_20:5)",723.496,625.51909,359.25814,341.30504,267.26825,285.22135
"PA(39:0) PA(18:0_21:0)",747.5899,649.61299,383.35204,341.30504,267.26825,309.31525
"PA(40:0) PA(18:0_22:0)",761.6055,663.62859,397.36764,341.30504,267.26825,323.33085
"PA(40:1) PA(18:0_22:1)",759.5899,661.61299,395.35204,341.30504,267.26825,321.31525
"PA(40:2) PA(18:0_22:2)",757.5742,659.59729,393.33634,341.30504,267.26825,319.29955
"PA(40:3) PA(18:0_22:3)",755.5586,657.58169,391.32074,341.30504,267.26825,317.28395
"PA(40:4) PA(18:0_22:4)",753.5429,655.56599,389.30504,341.30504,267.26825,315.26825
"PA(40:5) PA(18:0_22:5)",751.5273,653.55039,387.28944,341.30504,267.26825,313.25265
"PA(40:6) PA(18:0_22:6)",749.5116,651.53469,385.27374,341.30504,267.26825,311.23695
"PA(41:0) PA(18:0_23:0)",775.6212,677.64429,411.38334,341.30504,267.26825,337.34655
"PA(42:0) PA(18:0_24:0)",789.6368,691.65989,425.39894,341.30504,267.26825,351.36215
"PA(42:1) PA(18:0_24:1)",787.6212,689.64429,423.38334,341.30504,267.26825,349.34655
"PA(43:0) PA(18:0_25:0)",803.6525,705.67559,439.41464,341.30504,267.26825,365.37785
"PA(44:0) PA(18:0_26:0)",817.6681,719.69119,453.43024,341.30504,267.26825,379.39345
"PA(36:2) PA(18:1_18:1)",701.5117,603.53479,339.28944,339.28944,265.25265,265.25265
"PA(36:3) PA(18:1_18:2)",699.496,601.51909,337.27374,339.28944,265.25265,263.23695
"PA(36:4) PA(18:1_18:3)",697.4804,599.50349,335.25814,339.28944,265.25265,261.22135
"PA(36:5) PA(18:1_18:4)",695.4647,597.48779,333.24244,339.28944,265.25265,259.20565
"PA(37:1) PA(18:1_19:0)",717.543,619.56609,355.32074,339.28944,265.25265,281.28395
"PA(38:1) PA(18:1_20:0)",731.5586,633.58169,369.33634,339.28944,265.25265,295.29955
"PA(38:2) PA(18:1_20:1)",729.543,631.56609,367.32074,339.28944,265.25265,293.28395
"PA(38:3) PA(18:1_20:2)",727.5273,629.55039,365.30504,339.28944,265.25265,291.26825
"PA(38:4) PA(18:1_20:3)",725.5117,627.53479,363.28944,339.28944,265.25265,289.25265
"PA(38:5) PA(18:1_20:4)",723.496,625.51909,361.27374,339.28944,265.25265,287.23695
"PA(38:6) PA(18:1_20:5)",721.4804,623.50349,359.25814,339.28944,265.25265,285.22135
"PA(39:1) PA(18:1_21:0)",745.5743,647.59739,383.35204,339.28944,265.25265,309.31525
"PA(40:1) PA(18:1_22:0)",759.5899,661.61299,397.36764,339.28944,265.25265,323.33085
"PA(40:2) PA(18:1_22:1)",757.5743,659.59739,395.35204,339.28944,265.25265,321.31525
"PA(40:3) PA(18:1_22:2)",755.5586,657.58169,393.33634,339.28944,265.25265,319.29955
"PA(40:4) PA(18:1_22:3)",753.543,655.56609,391.32074,339.28944,265.25265,317.28395
"PA(40:5) PA(18:1_22:4)",751.5273,653.55039,389.30504,339.28944,265.25265,315.26825
"PA(40:6) PA(18:1_22:5)",749.5117,651.53479,387.28944,339.28944,265.25265,313.25265
"PA(40:7) PA(18:1_22:6)",747.496,649.51909,385.27374,339.28944,265.25265,311.23695
"PA(41:1) PA(18:1_23:0)",773.6056,675.62869,411.38334,339.28944,265.25265,337.34655
"PA(42:1) PA(18:1_24:0)",787.6212,689.64429,425.39894,339.28944,265.25265,351.36215
"PA(42:2) PA(18:1_24:1)",785.6056,687.62869,423.38334,339.28944,265.25265,349.34655
"PA(43:1) PA(18:1_25:0)",801.6369,703.65999,439.41464,339.28944,265.25265,365.37785
"PA(44:1) PA(18:1_26:0)",815.6525,717.67559,453.43024,339.28944,265.25265,379.39345
"PA(36:4) PA(18:2_18:2)",697.4803,599.50339,337.27374,337.27374,263.23695,263.23695
"PA(36:5) PA(18:2_18:3)",695.4647,597.48779,335.25814,337.27374,263.23695,261.22135
"PA(36:6) PA(18:2_18:4)",693.449,595.47209,333.24244,337.27374,263.23695,259.20565
"PA(37:2) PA(18:2_19:0)",715.5273,617.55039,355.32074,337.27374,263.23695,281.28395
"PA(38:2) PA(18:2_20:0)",729.5429,631.56599,369.33634,337.27374,263.23695,295.29955
"PA(38:3) PA(18:2_20:1)",727.5273,629.55039,367.32074,337.27374,263.23695,293.28395
"PA(38:4) PA(18:2_20:2)",725.5116,627.53469,365.30504,337.27374,263.23695,291.26825
"PA(38:5) PA(18:2_20:3)",723.496,625.51909,363.28944,337.27374,263.23695,289.25265
"PA(38:6) PA(18:2_20:4)",721.4803,623.50339,361.27374,337.27374,263.23695,287.23695
"PA(38:7) PA(18:2_20:5)",719.4647,621.48779,359.25814,337.27374,263.23695,285.22135
"PA(39:2) PA(18:2_21:0)",743.5586,645.58169,383.35204,337.27374,263.23695,309.31525
"PA(40:2) PA(18:2_22:0)",757.5742,659.59729,397.36764,337.27374,263.23695,323.33085
"PA(40:3) PA(18:2_22:1)",755.5586,657.58169,395.35204,337.27374,263.23695,321.31525
"PA(40:4) PA(18:2_22:2)",753.5429,655.56599,393.33634,337.27374,263.23695,319.29955
"PA(40:5) PA(18:2_22:3)",751.5273,653.55039,391.32074,337.27374,263.23695,317.28395
"PA(40:6) PA(18:2_22:4)",749.5116,651.53469,389.30504,337.27374,263.23695,315.26825
"PA(40:7) PA(18:2_22:5)",747.496,649.51909,387.28944,337.27374,263.23695,313.25265
"PA(40:8) PA(18:2_22:6)",745.4803,647.50339,385.27374,337.27374,263.23695,311.23695
"PA(41:2) PA(18:2_23:0)",771.5899,673.61299,411.38334,337.27374,263.23695,337.34655
"PA(42:2) PA(18:2_24:0)",785.6055,687.62859,425.39894,337.27374,263.23695,351.36215
"PA(42:3) PA(18:2_24:1)",783.5899,685.61299,423.38334,337.27374,263.23695,349.34655
"PA(43:2) PA(18:2_25:0)",799.6212,701.64429,439.41464,337.27374,263.23695,365.37785
"PA(44:2) PA(18:2_26:0)",813.6368,715.65989,453.43024,337.27374,263.23695,379.39345
"PA(36:6) PA(18:3_18:3)",693.4491,595.47219,335.25814,335.25814,261.22135,261.22135
"PA(36:7) PA(18:3_18:4)",691.4334,593.45649,333.24244,335.25814,261.22135,259.20565
"PA(37:3) PA(18:3_19:0)",713.5117,615.53479,355.32074,335.25814,261.22135,281.28395
"PA(38:3) PA(18:3_20:0)",727.5273,629.55039,369.33634,335.25814,261.22135,295.29955
"PA(38:4) PA(18:3_20:1)",725.5117,627.53479,367.32074,335.25814,261.22135,293.28395
"PA(38:5) PA(18:3_20:2)",723.496,625.51909,365.30504,335.25814,261.22135,291.26825
"PA(38:6) PA(18:3_20:3)",721.4804,623.50349,363.28944,335.25814,261.22135,289.25265
"PA(38:7) PA(18:3_20:4)",719.4647,621.48779,361.27374,335.25814,261.22135,287.23695
"PA(38:8) PA(18:3_20:5)",717.4491,619.47219,359.25814,335.25814,261.22135,285.22135
"PA(39:3) PA(18:3_21:0)",741.543,643.56609,383.35204,335.25814,261.22135,309.31525
"PA(40:3) PA(18:3_22:0)",755.5586,657.58169,397.36764,335.25814,261.22135,323.33085
"PA(40:4) PA(18:3_22:1)",753.543,655.56609,395.35204,335.25814,261.22135,321.31525
"PA(40:5) PA(18:3_22:2)",751.5273,653.55039,393.33634,335.25814,261.22135,319.29955
"PA(40:6) PA(18:3_22:3)",749.5117,651.53479,391.32074,335.25814,261.22135,317.28395
"PA(40:7) PA(18:3_22:4)",747.496,649.51909,389.30504,335.25814,261.22135,315.26825
"PA(40:8) PA(18:3_22:5)",745.4804,647.50349,387.28944,335.25814,261.22135,313.25265
"PA(40:9) PA(18:3_22:6)",743.4647,645.48779,385.27374,335.25814,261.22135,311.23695
"PA(41:3) PA(18:3_23:0)",769.5743,671.59739,411.38334,335.25814,261.22135,337.34655
"PA(42:3) PA(18:3_24:0)",783.5899,685.61299,425.39894,335.25814,261.22135,351.36215
"PA(42:4) PA(18:3_24:1)",781.5743,683.59739,423.38334,335.25814,261.22135,349.34655
"PA(43:3) PA(18:3_25:0)",797.6056,699.62869,439.41464,335.25814,261.22135,365.37785
"PA(44:3) PA(18:3_26:0)",811.6212,713.64429,453.43024,335.25814,261.22135,379.39345
"PA(36:8) PA(18:4_18:4)",689.4177,591.44079,333.24244,333.24244,259.20565,259.20565
"PA(37:4) PA(18:4_19:0)",711.496,613.51909,355.32074,333.24244,259.20565,281.28395
"PA(38:4) PA(18:4_20:0)",725.5116,627.53469,369.33634,333.24244,259.20565,295.29955
"PA(38:5) PA(18:4_20:1)",723.496,625.51909,367.32074,333.24244,259.20565,293.28395
"PA(38:6) PA(18:4_20:2)",721.4803,623.50339,365.30504,333.24244,259.20565,291.26825
"PA(38:7) PA(18:4_20:3)",719.4647,621.48779,363.28944,333.24244,259.20565,289.25265
"PA(38:8) PA(18:4_20:4)",717.449,619.47209,361.27374,333.24244,259.20565,287.23695
"PA(38:9) PA(18:4_20:5)",715.4334,617.45649,359.25814,333.24244,259.20565,285.22135
"PA(39:4) PA(18:4_21:0)",739.5273,641.55039,383.35204,333.24244,259.20565,309.31525
"PA(40:4) PA(18:4_22:0)",753.5429,655.56599,397.36764,333.24244,259.20565,323.33085
"PA(40:5) PA(18:4_22:1)",751.5273,653.55039,395.35204,333.24244,259.20565,321.31525
"PA(40:6) PA(18:4_22:2)",749.5116,651.53469,393.33634,333.24244,259.20565,319.29955
"PA(40:7) PA(18:4_22:3)",747.496,649.51909,391.32074,333.24244,259.20565,317.28395
"PA(40:8) PA(18:4_22:4)",745.4803,647.50339,389.30504,333.24244,259.20565,315.26825
"PA(40:9) PA(18:4_22:5)",743.4647,645.48779,387.28944,333.24244,259.20565,313.25265
"PA(40:10) PA(18:4_22:6)",741.449,643.47209,385.27374,333.24244,259.20565,311.23695
"PA(41:4) PA(18:4_23:0)",767.5586,669.58169,411.38334,333.24244,259.20565,337.34655
"PA(42:4) PA(18:4_24:0)",781.5742,683.59729,425.39894,333.24244,259.20565,351.36215
"PA(42:5) PA(18:4_24:1)",779.5586,681.58169,423.38334,333.24244,259.20565,349.34655
"PA(43:4) PA(18:4_25:0)",795.5899,697.61299,439.41464,333.24244,259.20565,365.37785
"PA(44:4) PA(18:4_26:0)",809.6055,711.62859,453.43024,333.24244,259.20565,379.39345
"PA(38:0) PA(19:0_19:0)",733.5743,635.59739,355.32074,355.32074,281.28395,281.28395
"PA(39:0) PA(19:0_20:0)",747.5899,649.61299,369.33634,355.32074,281.28395,295.29955
"PA(39:1) PA(19:0_20:1)",745.5743,647.59739,367.32074,355.32074,281.28395,293.28395
"PA(39:2) PA(19:0_20:2)",743.5586,645.58169,365.30504,355.32074,281.28395,291.26825
"PA(39:3) PA(19:0_20:3)",741.543,643.56609,363.28944,355.32074,281.28395,289.25265
"PA(39:4) PA(19:0_20:4)",739.5273,641.55039,361.27374,355.32074,281.28395,287.23695
"PA(39:5) PA(19:0_20:5)",737.5117,639.53479,359.25814,355.32074,281.28395,285.22135
"PA(40:0) PA(19:0_21:0)",761.6056,663.62869,383.35204,355.32074,281.28395,309.31525
"PA(41:0) PA(19:0_22:0)",775.6212,677.64429,397.36764,355.32074,281.28395,323.33085
"PA(41:1) PA(19:0_22:1)",773.6056,675.62869,395.35204,355.32074,281.28395,321.31525
"PA(41:2) PA(19:0_22:2)",771.5899,673.61299,393.33634,355.32074,281.28395,319.29955
"PA(41:3) PA(19:0_22:3)",769.5743,671.59739,391.32074,355.32074,281.28395,317.28395
"PA(41:4) PA(19:0_22:4)",767.5586,669.58169,389.30504,355.32074,281.28395,315.26825
"PA(41:5) PA(19:0_22:5)",765.543,667.56609,387.28944,355.32074,281.28395,313.25265
"PA(41:6) PA(19:0_22:6)",763.5273,665.55039,385.27374,355.32074,281.28395,311.23695
"PA(42:0) PA(19:0_23:0)",789.6369,691.65999,411.38334,355.32074,281.28395,337.34655
"PA(43:0) PA(19:0_24:0)",803.6525,705.67559,425.39894,355.32074,281.28395,351.36215
"PA(43:1) PA(19:0_24:1)",801.6369,703.65999,423.38334,355.32074,281.28395,349.34655
"PA(44:0) PA(19:0_25:0)",817.6682,719.69129,439.41464,355.32074,281.28395,365.37785
"PA(45:0) PA(19:0_26:0)",831.6838,733.70689,453.43024,355.32074,281.28395,379.39345
"PA(40:0) PA(20:0_20:0)",761.6055,663.62859,369.33634,369.33634,295.29955,295.29955
"PA(40:1) PA(20:0_20:1)",759.5899,661.61299,367.32074,369.33634,295.29955,293.28395
"PA(40:2) PA(20:0_20:2)",757.5742,659.59729,365.30504,369.33634,295.29955,291.26825
"PA(40:3) PA(20:0_20:3)",755.5586,657.58169,363.28944,369.33634,295.29955,289.25265
"PA(40:4) PA(20:0_20:4)",753.5429,655.56599,361.27374,369.33634,295.29955,287.23695
"PA(40:5) PA(20:0_20:5)",751.5273,653.55039,359.25814,369.33634,295.29955,285.22135
"PA(41:0) PA(20:0_21:0)",775.6212,677.64429,383.35204,369.33634,295.29955,309.31525
"PA(42:0) PA(20:0_22:0)",789.6368,691.65989,397.36764,369.33634,295.29955,323.33085
"PA(42:1) PA(20:0_22:1)",787.6212,689.64429,395.35204,369.33634,295.29955,321.31525
"PA(42:2) PA(20:0_22:2)",785.6055,687.62859,393.33634,369.33634,295.29955,319.29955
"PA(42:3) PA(20:0_22:3)",783.5899,685.61299,391.32074,369.33634,295.29955,317.28395
"PA(42:4) PA(20:0_22:4)",781.5742,683.59729,389.30504,369.33634,295.29955,315.26825
"PA(42:5) PA(20:0_22:5)",779.5586,681.58169,387.28944,369.33634,295.29955,313.25265
"PA(42:6) PA(20:0_22:6)",777.5429,679.56599,385.27374,369.33634,295.29955,311.23695
"PA(43:0) PA(20:0_23:0)",803.6525,705.67559,411.38334,369.33634,295.29955,337.34655
"PA(44:0) PA(20:0_24:0)",817.6681,719.69119,425.39894,369.33634,295.29955,351.36215
"PA(44:1) PA(20:0_24:1)",815.6525,717.67559,423.38334,369.33634,295.29955,349.34655
"PA(45:0) PA(20:0_25:0)",831.6838,733.70689,439.41464,369.33634,295.29955,365.37785
"PA(46:0) PA(20:0_26:0)",845.6994,747.72249,453.43024,369.33634,295.29955,379.39345
"PA(40:2) PA(20:1_20:1)",757.5743,659.59739,367.32074,367.32074,293.28395,293.28395
"PA(40:3) PA(20:1_20:2)",755.5586,657.58169,365.30504,367.32074,293.28395,291.26825
"PA(40:4) PA(20:1_20:3)",753.543,655.56609,363.28944,367.32074,293.28395,289.25265
"PA(40:5) PA(20:1_20:4)",751.5273,653.55039,361.27374,367.32074,293.28395,287.23695
"PA(40:6) PA(20:1_20:5)",749.5117,651.53479,359.25814,367.32074,293.28395,285.22135
"PA(41:1) PA(20:1_21:0)",773.6056,675.62869,383.35204,367.32074,293.28395,309.31525
"PA(42:1) PA(20:1_22:0)",787.6212,689.64429,397.36764,367.32074,293.28395,323.33085
"PA(42:2) PA(20:1_22:1)",785.6056,687.62869,395.35204,367.32074,293.28395,321.31525
"PA(42:3) PA(20:1_22:2)",783.5899,685.61299,393.33634,367.32074,293.28395,319.29955
"PA(42:4) PA(20:1_22:3)",781.5743,683.59739,391.32074,367.32074,293.28395,317.28395
"PA(42:5) PA(20:1_22:4)",779.5586,681.58169,389.30504,367.32074,293.28395,315.26825
"PA(42:6) PA(20:1_22:5)",777.543,679.56609,387.28944,367.32074,293.28395,313.25265
"PA(42:7) PA(20:1_22:6)",775.5273,677.55039,385.27374,367.32074,293.28395,311.23695
"PA(43:1) PA(20:1_23:0)",801.6369,703.65999,411.38334,367.32074,293.28395,337.34655
"PA(44:1) PA(20:1_24:0)",815.6525,717.67559,425.39894,367.32074,293.28395,351.36215
"PA(44:2) PA(20:1_24:1)",813.6369,715.65999,423.38334,367.32074,293.28395,349.34655
"PA(45:1) PA(20:1_25:0)",829.6682,731.69129,439.41464,367.32074,293.28395,365.37785
"PA(46:1) PA(20:1_26:0)",843.6838,745.70689,453.43024,367.32074,293.28395,379.39345
"PA(40:4) PA(20:2_20:2)",753.5429,655.56599,365.30504,365.30504,291.26825,291.26825
"PA(40:5) PA(20:2_20:3)",751.5273,653.55039,363.28944,365.30504,291.26825,289.25265
"PA(40:6) PA(20:2_20:4)",749.5116,651.53469,361.27374,365.30504,291.26825,287.23695
"PA(40:7) PA(20:2_20:5)",747.496,649.51909,359.25814,365.30504,291.26825,285.22135
"PA(41:2) PA(20:2_21:0)",771.5899,673.61299,383.35204,365.30504,291.26825,309.31525
"PA(42:2) PA(20:2_22:0)",785.6055,687.62859,397.36764,365.30504,291.26825,323.33085
"PA(42:3) PA(20:2_22:1)",783.5899,685.61299,395.35204,365.30504,291.26825,321.31525
"PA(42:4) PA(20:2_22:2)",781.5742,683.59729,393.33634,365.30504,291.26825,319.29955
"PA(42:5) PA(20:2_22:3)",779.5586,681.58169,391.32074,365.30504,291.26825,317.28395
"PA(42:6) PA(20:2_22:4)",777.5429,679.56599,389.30504,365.30504,291.26825,315.26825
"PA(42:7) PA(20:2_22:5)",775.5273,677.55039,387.28944,365.30504,291.26825,313.25265
"PA(42:8) PA(20:2_22:6)",773.5116,675.53469,385.27374,365.30504,291.26825,311.23695
"PA(43:2) PA(20:2_23:0)",799.6212,701.64429,411.38334,365.30504,291.26825,337.34655
"PA(44:2) PA(20:2_24:0)",813.6368,715.65989,425.39894,365.30504,291.26825,351.36215
"PA(44:3) PA(20:2_24:1)",811.6212,713.64429,423.38334,365.30504,291.26825,349.34655
"PA(45:2) PA(20:2_25:0)",827.6525,729.67559,439.41464,365.30504,291.26825,365.37785
"PA(46:2) PA(20:2_26:0)",841.6681,743.69119,453.43024,365.30504,291.26825,379.39345
"PA(40:6) PA(20:3_20:3)",749.5117,651.53479,363.28944,363.28944,289.25265,289.25265
"PA(40:7) PA(20:3_20:4)",747.496,649.51909,361.27374,363.28944,289.25265,287.23695
"PA(40:8) PA(20:3_20:5)",745.4804,647.50349,359.25814,363.28944,289.25265,285.22135
"PA(41:3) PA(20:3_21:0)",769.5743,671.59739,383.35204,363.28944,289.25265,309.31525
"PA(42:3) PA(20:3_22:0)",783.5899,685.61299,397.36764,363.28944,289.25265,323.33085
"PA(42:4) PA(20:3_22:1)",781.5743,683.59739,395.35204,363.28944,289.25265,321.31525
"PA(42:5) PA(20:3_22:2)",779.5586,681.58169,393.33634,363.28944,289.25265,319.29955
"PA(42:6) PA(20:3_22:3)",777.543,679.56609,391.32074,363.28944,289.25265,317.28395
"PA(42:7) PA(20:3_22:4)",775.5273,677.55039,389.30504,363.28944,289.25265,315.26825
"PA(42:8) PA(20:3_22:5)",773.5117,675.53479,387.28944,363.28944,289.25265,313.25265
"PA(42:9) PA(20:3_22:6)",771.496,673.51909,385.27374,363.28944,289.25265,311.23695
"PA(43:3) PA(20:3_23:0)",797.6056,699.62869,411.38334,363.28944,289.25265,337.34655
"PA(44:3) PA(20:3_24:0)",811.6212,713.64429,425.39894,363.28944,289.25265,351.36215
"PA(44:4) PA(20:3_24:1)",809.6056,711.62869,423.38334,363.28944,289.25265,349.34655
"PA(45:3) PA(20:3_25:0)",825.6369,727.65999,439.41464,363.28944,289.25265,365.37785
"PA(46:3) PA(20:3_26:0)",839.6525,741.67559,453.43024,363.28944,289.25265,379.39345
"PA(40:8) PA(20:4_20:4)",745.4803,647.50339,361.27374,361.27374,287.23695,287.23695
"PA(40:9) PA(20:4_20:5)",743.4647,645.48779,359.25814,361.27374,287.23695,285.22135
"PA(41:4) PA(20:4_21:0)",767.5586,669.58169,383.35204,361.27374,287.23695,309.31525
"PA(42:4) PA(20:4_22:0)",781.5742,683.59729,397.36764,361.27374,287.23695,323.33085
"PA(42:5) PA(20:4_22:1)",779.5586,681.58169,395.35204,361.27374,287.23695,321.31525
"PA(42:6) PA(20:4_22:2)",777.5429,679.56599,393.33634,361.27374,287.23695,319.29955
"PA(42:7) PA(20:4_22:3)",775.5273,677.55039,391.32074,361.27374,287.23695,317.28395
"PA(42:8) PA(20:4_22:4)",773.5116,675.53469,389.30504,361.27374,287.23695,315.26825
"PA(42:9) PA(20:4_22:5)",771.496,673.51909,387.28944,361.27374,287.23695,313.25265
"PA(42:10) PA(20:4_22:6)",769.4803,671.50339,385.27374,361.27374,287.23695,311.23695
"PA(43:4) PA(20:4_23:0)",795.5899,697.61299,411.38334,361.27374,287.23695,337.34655
"PA(44:4) PA(20:4_24:0)",809.6055,711.62859,425.39894,361.27374,287.23695,351.36215
"PA(44:5) PA(20:4_24:1)",807.5899,709.61299,423.38334,361.27374,287.23695,349.34655
"PA(45:4) PA(20:4_25:0)",823.6212,725.64429,439.41464,361.27374,287.23695,365.37785
"PA(46:4) PA(20:4_26:0)",837.6368,739.65989,453.43024,361.27374,287.23695,379.39345
"PA(40:10) PA(20:5_20:5)",741.4491,643.47219,359.25814,359.25814,285.22135,285.22135
"PA(41:5) PA(20:5_21:0)",765.543,667.56609,383.35204,359.25814,285.22135,309.31525
"PA(42:5) PA(20:5_22:0)",779.5586,681.58169,397.36764,359.25814,285.22135,323.33085
"PA(42:6) PA(20:5_22:1)",777.543,679.56609,395.35204,359.25814,285.22135,321.31525
"PA(42:7) PA(20:5_22:2)",775.5273,677.55039,393.33634,359.25814,285.22135,319.29955
"PA(42:8) PA(20:5_22:3)",773.5117,675.53479,391.32074,359.25814,285.22135,317.28395
"PA(42:9) PA(20:5_22:4)",771.496,673.51909,389.30504,359.25814,285.22135,315.26825
"PA(42:10) PA(20:5_22:5)",769.4804,671.50349,387.28944,359.25814,285.22135,313.25265
"PA(42:11) PA(20:5_22:6)",767.4647,669.48779,385.27374,359.25814,285.22135,311.23695
"PA(43:5) PA(20:5_23:0)",793.5743,695.59739,411.38334,359.25814,285.22135,337.34655
"PA(44:5) PA(20:5_24:0)",807.5899,709.61299,425.39894,359.25814,285.22135,351.36215
"PA(44:6) PA(20:5_24:1)",805.5743,707.59739,423.38334,359.25814,285.22135,349.34655
"PA(45:5) PA(20:5_25:0)",821.6056,723.62869,439.41464,359.25814,285.22135,365.37785
"PA(46:5) PA(20:5_26:0)",835.6212,737.64429,453.43024,359.25814,285.22135,379.39345
"PA(42:0) PA(21:0_21:0)",789.6369,691.65999,383.35204,383.35204,309.31525,309.31525
"PA(43:0) PA(21:0_22:0)",803.6525,705.67559,397.36764,383.35204,309.31525,323.33085
"PA(43:1) PA(21:0_22:1)",801.6369,703.65999,395.35204,383.35204,309.31525,321.31525
"PA(43:2) PA(21:0_22:2)",799.6212,701.64429,393.33634,383.35204,309.31525,319.29955
"PA(43:3) PA(21:0_22:3)",797.6056,699.62869,391.32074,383.35204,309.31525,317.28395
"PA(43:4) PA(21:0_22:4)",795.5899,697.61299,389.30504,383.35204,309.31525,315.26825
"PA(43:5) PA(21:0_22:5)",793.5743,695.59739,387.28944,383.35204,309.31525,313.25265
"PA(43:6) PA(21:0_22:6)",791.5586,693.58169,385.27374,383.35204,309.31525,311.23695
"PA(44:0) PA(21:0_23:0)",817.6682,719.69129,411.38334,383.35204,309.31525,337.34655
"PA(45:0) PA(21:0_24:0)",831.6838,733.70689,425.39894,383.35204,309.31525,351.36215
"PA(45:1) PA(21:0_24:1)",829.6682,731.69129,423.38334,383.35204,309.31525,349.34655
"PA(46:0) PA(21:0_25:0)",845.6995,747.72259,439.41464,383.35204,309.31525,365.37785
"PA(47:0) PA(21:0_26:0)",859.7151,761.73819,453.43024,383.35204,309.31525,379.39345
"PA(44:0) PA(22:0_22:0)",817.6681,719.69119,397.36764,397.36764,323.33085,323.33085
"PA(44:1) PA(22:0_22:1)",815.6525,717.67559,395.35204,397.36764,323.33085,321.31525
"PA(44:2) PA(22:0_22:2)",813.6368,715.65989,393.33634,397.36764,323.33085,319.29955
"PA(44:3) PA(22:0_22:3)",811.6212,713.64429,391.32074,397.36764,323.33085,317.28395
"PA(44:4) PA(22:0_22:4)",809.6055,711.62859,389.30504,397.36764,323.33085,315.26825
"PA(44:5) PA(22:0_22:5)",807.5899,709.61299,387.28944,397.36764,323.33085,313.25265
"PA(44:6) PA(22:0_22:6)",805.5742,707.59729,385.27374,397.36764,323.33085,311.23695
"PA(45:0) PA(22:0_23:0)",831.6838,733.70689,411.38334,397.36764,323.33085,337.34655
"PA(46:0) PA(22:0_24:0)",845.6994,747.72249,425.39894,397.36764,323.33085,351.36215
"PA(46:1) PA(22:0_24:1)",843.6838,745.70689,423.38334,397.36764,323.33085,349.34655
"PA(47:0) PA(22:0_25:0)",859.7151,761.73819,439.41464,397.36764,323.33085,365.37785
"PA(48:0) PA(22:0_26:0)",873.7307,775.75379,453.43024,397.36764,323.33085,379.39345
"PA(44:2) PA(22:1_22:1)",813.6369,715.65999,395.35204,395.35204,321.31525,321.31525
"PA(44:3) PA(22:1_22:2)",811.6212,713.64429,393.33634,395.35204,321.31525,319.29955
"PA(44:4) PA(22:1_22:3)",809.6056,711.62869,391.32074,395.35204,321.31525,317.28395
"PA(44:5) PA(22:1_22:4)",807.5899,709.61299,389.30504,395.35204,321.31525,315.26825
"PA(44:6) PA(22:1_22:5)",805.5743,707.59739,387.28944,395.35204,321.31525,313.25265
"PA(44:7) PA(22:1_22:6)",803.5586,705.58169,385.27374,395.35204,321.31525,311.23695
"PA(45:1) PA(22:1_23:0)",829.6682,731.69129,411.38334,395.35204,321.31525,337.34655
"PA(46:1) PA(22:1_24:0)",843.6838,745.70689,425.39894,395.35204,321.31525,351.36215
"PA(46:2) PA(22:1_24:1)",841.6682,743.69129,423.38334,395.35204,321.31525,349.34655
"PA(47:1) PA(22:1_25:0)",857.6995,759.72259,439.41464,395.35204,321.31525,365.37785
"PA(48:1) PA(22:1_26:0)",871.7151,773.73819,453.43024,395.35204,321.31525,379.39345
"PA(44:4) PA(22:2_22:2)",809.6055,711.62859,393.33634,393.33634,319.29955,319.29955
"PA(44:5) PA(22:2_22:3)",807.5899,709.61299,391.32074,393.33634,319.29955,317.28395
"PA(44:6) PA(22:2_22:4)",805.5742,707.59729,389.30504,393.33634,319.29955,315.26825
"PA(44:7) PA(22:2_22:5)",803.5586,705.58169,387.28944,393.33634,319.29955,313.25265
"PA(44:8) PA(22:2_22:6)",801.5429,703.56599,385.27374,393.33634,319.29955,311.23695
"PA(45:2) PA(22:2_23:0)",827.6525,729.67559,411.38334,393.33634,319.29955,337.34655
"PA(46:2) PA(22:2_24:0)",841.6681,743.69119,425.39894,393.33634,319.29955,351.36215
"PA(46:3) PA(22:2_24:1)",839.6525,741.67559,423.38334,393.33634,319.29955,349.34655
"PA(47:2) PA(22:2_25:0)",855.6838,757.70689,439.41464,393.33634,319.29955,365.37785
"PA(48:2) PA(22:2_26:0)",869.6994,771.72249,453.43024,393.33634,319.29955,379.39345
"PA(44:6) PA(22:3_22:3)",805.5743,707.59739,391.32074,391.32074,317.28395,317.28395
"PA(44:7) PA(22:3_22:4)",803.5586,705.58169,389.30504,391.32074,317.28395,315.26825
"PA(44:8) PA(22:3_22:5)",801.543,703.56609,387.28944,391.32074,317.28395,313.25265
"PA(44:9) PA(22:3_22:6)",799.5273,701.55039,385.27374,391.32074,317.28395,311.23695
"PA(45:3) PA(22:3_23:0)",825.6369,727.65999,411.38334,391.32074,317.28395,337.34655
"PA(46:3) PA(22:3_24:0)",839.6525,741.67559,425.39894,391.32074,317.28395,351.36215
"PA(46:4) PA(22:3_24:1)",837.6369,739.65999,423.38334,391.32074,317.28395,349.34655
"PA(47:3) PA(22:3_25:0)",853.6682,755.69129,439.41464,391.32074,317.28395,365.37785
"PA(48:3) PA(22:3_26:0)",867.6838,769.70689,453.43024,391.32074,317.28395,379.39345
"PA(44:8) PA(22:4_22:4)",801.5429,703.56599,389.30504,389.30504,315.26825,315.26825
"PA(44:9) PA(22:4_22:5)",799.5273,701.55039,387.28944,389.30504,315.26825,313.25265
"PA(44:10) PA(22:4_22:6)",797.5116,699.53469,385.27374,389.30504,315.26825,311.23695
"PA(45:4) PA(22:4_23:0)",823.6212,725.64429,411.38334,389.30504,315.26825,337.34655
"PA(46:4) PA(22:4_24:0)",837.6368,739.65989,425.39894,389.30504,315.26825,351.36215
"PA(46:5) PA(22:4_24:1)",835.6212,737.64429,423.38334,389.30504,315.26825,349.34655
"PA(47:4) PA(22:4_25:0)",851.6525,753.67559,439.41464,389.30504,315.26825,365.37785
"PA(48:4) PA(22:4_26:0)",865.6681,767.69119,453.43024,389.30504,315.26825,379.39345
"PA(44:10) PA(22:5_22:5)",797.5117,699.53479,387.28944,387.28944,313.25265,313.25265
"PA(44:11) PA(22:5_22:6)",795.496,697.51909,385.27374,387.28944,313.25265,311.23695
"PA(45:5) PA(22:5_23:0)",821.6056,723.62869,411.38334,387.28944,313.25265,337.34655
"PA(46:5) PA(22:5_24:0)",835.6212,737.64429,425.39894,387.28944,313.25265,351.36215
"PA(46:6) PA(22:5_24:1)",833.6056,735.62869,423.38334,387.28944,313.25265,349.34655
"PA(47:5) PA(22:5_25:0)",849.6369,751.65999,439.41464,387.28944,313.25265,365.37785
"PA(48:5) PA(22:5_26:0)",863.6525,765.67559,453.43024,387.28944,313.25265,379.39345
"PA(44:12) PA(22:6_22:6)",793.4803,695.50339,385.27374,385.27374,311.23695,311.23695
"PA(45:6) PA(22:6_23:0)",819.5899,721.61299,411.38334,385.27374,311.23695,337.34655
"PA(46:6) PA(22:6_24:0)",833.6055,735.62859,425.39894,385.27374,311.23695,351.36215
"PA(46:7) PA(22:6_24:1)",831.5899,733.61299,423.38334,385.27374,311.23695,349.34655
"PA(47:6) PA(22:6_25:0)",847.6212,749.64429,439.41464,385.27374,311.23695,365.37785
"PA(48:6) PA(22:6_26:0)",861.6368,763.65989,453.43024,385.27374,311.23695,379.39345
"PA(46:0) PA(23:0_23:0)",845.6995,747.72259,411.38334,411.38334,337.34655,337.34655
"PA(47:0) PA(23:0_24:0)",859.7151,761.73819,425.39894,411.38334,337.34655,351.36215
"PA(47:1) PA(23:0_24:1)",857.6995,759.72259,423.38334,411.38334,337.34655,349.34655
"PA(48:0) PA(23:0_25:0)",873.7308,775.75389,439.41464,411.38334,337.34655,365.37785
"PA(49:0) PA(23:0_26:0)",887.7464,789.76949,453.43024,411.38334,337.34655,379.39345
"PA(48:0) PA(24:0_24:0)",873.7307,775.75379,425.39894,425.39894,351.36215,351.36215
"PA(48:1) PA(24:0_24:1)",871.7151,773.73819,423.38334,425.39894,351.36215,349.34655
"PA(49:0) PA(24:0_25:0)",887.7464,789.76949,439.41464,425.39894,351.36215,365.37785
"PA(50:0) PA(24:0_26:0)",901.762,803.78509,453.43024,425.39894,351.36215,379.39345
"PA(48:2) PA(24:1_24:1)",869.6995,771.72259,423.38334,423.38334,349.34655,349.34655
"PA(49:1) PA(24:1_25:0)",885.7308,787.75389,439.41464,423.38334,349.34655,365.37785
"PA(50:1) PA(24:1_26:0)",899.7464,801.76949,453.43024,423.38334,349.34655,379.39345
"PA(50:0) PA(25:0_25:0)",901.7621,803.78519,439.41464,439.41464,365.37785,365.37785
"PA(51:0) PA(25:0_26:0)",915.7777,817.80079,453.43024,439.41464,365.37785,379.39345
"PA(52:0) PA(26:0_26:0)",929.7933,831.81639,453.43024,453.43024,379.39345,379.39345
"scores",0.02,0.9,0.02,0.02,0.02,0.02
