"PG","[M+Na]+","[M+Na-194]+","[C3H9NaO6P]+","[M+H-R1]+","[M+H-R2]+"
"PG(16:0) PG(8:0_8:0)",521.24861,327.2529908,195.0034442,201.1485,201.1485
"PG(18:0) PG(8:0_10:0)",549.27991,355.2842908,195.0034442,201.1485,229.1798
"PG(20:0) PG(8:0_12:0)",577.31121,383.3155908,195.0034442,201.1485,257.2111
"PG(21:0) PG(8:0_13:0)",591.32691,397.3312908,195.0034442,201.1485,271.2268
"PG(22:0) PG(8:0_14:0)",605.34251,411.3468908,195.0034442,201.1485,285.2424
"PG(22:1) PG(8:0_14:1)",603.32691,409.3312908,195.0034442,201.1485,283.2268
"PG(23:0) PG(8:0_15:0)",619.35821,425.3625908,195.0034442,201.1485,299.2581
"PG(23:1) PG(8:0_15:1)",617.34251,423.3468908,195.0034442,201.1485,297.2424
"PG(24:0) PG(8:0_16:0)",633.37381,439.3781908,195.0034442,201.1485,313.2737
"PG(24:1) PG(8:0_16:1)",631.35821,437.3625908,195.0034442,201.1485,311.2581
"PG(25:0) PG(8:0_17:0)",647.38951,453.3938908,195.0034442,201.1485,327.2894
"PG(25:1) PG(8:0_17:1)",645.37381,451.3781908,195.0034442,201.1485,325.2737
"PG(25:2) PG(8:0_17:2)",643.35821,449.3625908,195.0034442,201.1485,323.2581
"PG(26:0) PG(8:0_18:0)",661.40511,467.4094908,195.0034442,201.1485,341.305
"PG(26:1) PG(8:0_18:1)",659.38951,465.3938908,195.0034442,201.1485,339.2894
"PG(26:2) PG(8:0_18:2)",657.37381,463.3781908,195.0034442,201.1485,337.2737
"PG(26:3) PG(8:0_18:3)",655.35821,461.3625908,195.0034442,201.1485,335.2581
"PG(26:4) PG(8:0_18:4)",653.34251,459.3468908,195.0034442,201.1485,333.2424
"PG(27:0) PG(8:0_19:0)",675.42081,481.4251908,195.0034442,201.1485,355.3207
"PG(28:0) PG(8:0_20:0)",689.43641,495.4407908,195.0034442,201.1485,369.3363
"PG(28:1) PG(8:0_20:1)",687.42081,493.4251908,195.0034442,201.1485,367.3207
"PG(28:2) PG(8:0_20:2)",685.40511,491.4094908,195.0034442,201.1485,365.305
"PG(28:3) PG(8:0_20:3)",683.38951,489.3938908,195.0034442,201.1485,363.2894
"PG(28:4) PG(8:0_20:4)",681.37381,487.3781908,195.0034442,201.1485,361.2737
"PG(28:5) PG(8:0_20:5)",679.35821,485.3625908,195.0034442,201.1485,359.2581
"PG(29:0) PG(8:0_21:0)",703.45211,509.4564908,195.0034442,201.1485,383.352
"PG(30:0) PG(8:0_22:0)",717.46771,523.4720908,195.0034442,201.1485,397.3676
"PG(30:1) PG(8:0_22:1)",715.45211,521.4564908,195.0034442,201.1485,395.352
"PG(30:2) PG(8:0_22:2)",713.43641,519.4407908,195.0034442,201.1485,393.3363
"PG(30:3) PG(8:0_22:3)",711.42081,517.4251908,195.0034442,201.1485,391.3207
"PG(30:4) PG(8:0_22:4)",709.40511,515.4094908,195.0034442,201.1485,389.305
"PG(30:5) PG(8:0_22:5)",707.38951,513.3938908,195.0034442,201.1485,387.2894
"PG(30:6) PG(8:0_22:6)",705.37381,511.3781908,195.0034442,201.1485,385.2737
"PG(31:0) PG(8:0_23:0)",731.48341,537.4877908,195.0034442,201.1485,411.3833
"PG(32:0) PG(8:0_24:0)",745.49901,551.5033908,195.0034442,201.1485,425.3989
"PG(32:1) PG(8:0_24:1)",743.48341,549.4877908,195.0034442,201.1485,423.3833
"PG(33:0) PG(8:0_25:0)",759.51471,565.5190908,195.0034442,201.1485,439.4146
"PG(34:0) PG(8:0_26:0)",773.53031,579.5346908,195.0034442,201.1485,453.4302
"PG(20:0) PG(10:0_10:0)",577.31121,383.3155908,195.0034442,229.1798,229.1798
"PG(22:0) PG(10:0_12:0)",605.34251,411.3468908,195.0034442,229.1798,257.2111
"PG(23:0) PG(10:0_13:0)",619.35821,425.3625908,195.0034442,229.1798,271.2268
"PG(24:0) PG(10:0_14:0)",633.37381,439.3781908,195.0034442,229.1798,285.2424
"PG(24:1) PG(10:0_14:1)",631.35821,437.3625908,195.0034442,229.1798,283.2268
"PG(25:0) PG(10:0_15:0)",647.38951,453.3938908,195.0034442,229.1798,299.2581
"PG(25:1) PG(10:0_15:1)",645.37381,451.3781908,195.0034442,229.1798,297.2424
"PG(26:0) PG(10:0_16:0)",661.40511,467.4094908,195.0034442,229.1798,313.2737
"PG(26:1) PG(10:0_16:1)",659.38951,465.3938908,195.0034442,229.1798,311.2581
"PG(27:0) PG(10:0_17:0)",675.42081,481.4251908,195.0034442,229.1798,327.2894
"PG(27:1) PG(10:0_17:1)",673.40511,479.4094908,195.0034442,229.1798,325.2737
"PG(27:2) PG(10:0_17:2)",671.38951,477.3938908,195.0034442,229.1798,323.2581
"PG(28:0) PG(10:0_18:0)",689.43641,495.4407908,195.0034442,229.1798,341.305
"PG(28:1) PG(10:0_18:1)",687.42081,493.4251908,195.0034442,229.1798,339.2894
"PG(28:2) PG(10:0_18:2)",685.40511,491.4094908,195.0034442,229.1798,337.2737
"PG(28:3) PG(10:0_18:3)",683.38951,489.3938908,195.0034442,229.1798,335.2581
"PG(28:4) PG(10:0_18:4)",681.37381,487.3781908,195.0034442,229.1798,333.2424
"PG(29:0) PG(10:0_19:0)",703.45211,509.4564908,195.0034442,229.1798,355.3207
"PG(30:0) PG(10:0_20:0)",717.46771,523.4720908,195.0034442,229.1798,369.3363
"PG(30:1) PG(10:0_20:1)",715.45211,521.4564908,195.0034442,229.1798,367.3207
"PG(30:2) PG(10:0_20:2)",713.43641,519.4407908,195.0034442,229.1798,365.305
"PG(30:3) PG(10:0_20:3)",711.42081,517.4251908,195.0034442,229.1798,363.2894
"PG(30:4) PG(10:0_20:4)",709.40511,515.4094908,195.0034442,229.1798,361.2737
"PG(30:5) PG(10:0_20:5)",707.38951,513.3938908,195.0034442,229.1798,359.2581
"PG(31:0) PG(10:0_21:0)",731.48341,537.4877908,195.0034442,229.1798,383.352
"PG(32:0) PG(10:0_22:0)",745.49901,551.5033908,195.0034442,229.1798,397.3676
"PG(32:1) PG(10:0_22:1)",743.48341,549.4877908,195.0034442,229.1798,395.352
"PG(32:2) PG(10:0_22:2)",741.46771,547.4720908,195.0034442,229.1798,393.3363
"PG(32:3) PG(10:0_22:3)",739.45211,545.4564908,195.0034442,229.1798,391.3207
"PG(32:4) PG(10:0_22:4)",737.43641,543.4407908,195.0034442,229.1798,389.305
"PG(32:5) PG(10:0_22:5)",735.42081,541.4251908,195.0034442,229.1798,387.2894
"PG(32:6) PG(10:0_22:6)",733.40511,539.4094908,195.0034442,229.1798,385.2737
"PG(33:0) PG(10:0_23:0)",759.51471,565.5190908,195.0034442,229.1798,411.3833
"PG(34:0) PG(10:0_24:0)",773.53031,579.5346908,195.0034442,229.1798,425.3989
"PG(34:1) PG(10:0_24:1)",771.51471,577.5190908,195.0034442,229.1798,423.3833
"PG(35:0) PG(10:0_25:0)",787.54601,593.5503908,195.0034442,229.1798,439.4146
"PG(36:0) PG(10:0_26:0)",801.56161,607.5659908,195.0034442,229.1798,453.4302
"PG(24:0) PG(12:0_12:0)",633.37381,439.3781908,195.0034442,257.2111,257.2111
"PG(25:0) PG(12:0_13:0)",647.38951,453.3938908,195.0034442,257.2111,271.2268
"PG(26:0) PG(12:0_14:0)",661.40511,467.4094908,195.0034442,257.2111,285.2424
"PG(26:1) PG(12:0_14:1)",659.38951,465.3938908,195.0034442,257.2111,283.2268
"PG(27:0) PG(12:0_15:0)",675.42081,481.4251908,195.0034442,257.2111,299.2581
"PG(27:1) PG(12:0_15:1)",673.40511,479.4094908,195.0034442,257.2111,297.2424
"PG(28:0) PG(12:0_16:0)",689.43641,495.4407908,195.0034442,257.2111,313.2737
"PG(28:1) PG(12:0_16:1)",687.42081,493.4251908,195.0034442,257.2111,311.2581
"PG(29:0) PG(12:0_17:0)",703.45211,509.4564908,195.0034442,257.2111,327.2894
"PG(29:1) PG(12:0_17:1)",701.43641,507.4407908,195.0034442,257.2111,325.2737
"PG(29:2) PG(12:0_17:2)",699.42081,505.4251908,195.0034442,257.2111,323.2581
"PG(30:0) PG(12:0_18:0)",717.46771,523.4720908,195.0034442,257.2111,341.305
"PG(30:1) PG(12:0_18:1)",715.45211,521.4564908,195.0034442,257.2111,339.2894
"PG(30:2) PG(12:0_18:2)",713.43641,519.4407908,195.0034442,257.2111,337.2737
"PG(30:3) PG(12:0_18:3)",711.42081,517.4251908,195.0034442,257.2111,335.2581
"PG(30:4) PG(12:0_18:4)",709.40511,515.4094908,195.0034442,257.2111,333.2424
"PG(31:0) PG(12:0_19:0)",731.48341,537.4877908,195.0034442,257.2111,355.3207
"PG(32:0) PG(12:0_20:0)",745.49901,551.5033908,195.0034442,257.2111,369.3363
"PG(32:1) PG(12:0_20:1)",743.48341,549.4877908,195.0034442,257.2111,367.3207
"PG(32:2) PG(12:0_20:2)",741.46771,547.4720908,195.0034442,257.2111,365.305
"PG(32:3) PG(12:0_20:3)",739.45211,545.4564908,195.0034442,257.2111,363.2894
"PG(32:4) PG(12:0_20:4)",737.43641,543.4407908,195.0034442,257.2111,361.2737
"PG(32:5) PG(12:0_20:5)",735.42081,541.4251908,195.0034442,257.2111,359.2581
"PG(33:0) PG(12:0_21:0)",759.51471,565.5190908,195.0034442,257.2111,383.352
"PG(34:0) PG(12:0_22:0)",773.53031,579.5346908,195.0034442,257.2111,397.3676
"PG(34:1) PG(12:0_22:1)",771.51471,577.5190908,195.0034442,257.2111,395.352
"PG(34:2) PG(12:0_22:2)",769.49901,575.5033908,195.0034442,257.2111,393.3363
"PG(34:3) PG(12:0_22:3)",767.48341,573.4877908,195.0034442,257.2111,391.3207
"PG(34:4) PG(12:0_22:4)",765.46771,571.4720908,195.0034442,257.2111,389.305
"PG(34:5) PG(12:0_22:5)",763.45211,569.4564908,195.0034442,257.2111,387.2894
"PG(34:6) PG(12:0_22:6)",761.43641,567.4407908,195.0034442,257.2111,385.2737
"PG(35:0) PG(12:0_23:0)",787.54601,593.5503908,195.0034442,257.2111,411.3833
"PG(36:0) PG(12:0_24:0)",801.56161,607.5659908,195.0034442,257.2111,425.3989
"PG(36:1) PG(12:0_24:1)",799.54601,605.5503908,195.0034442,257.2111,423.3833
"PG(37:0) PG(12:0_25:0)",815.57731,621.5816908,195.0034442,257.2111,439.4146
"PG(38:0) PG(12:0_26:0)",829.59291,635.5972908,195.0034442,257.2111,453.4302
"PG(26:0) PG(13:0_13:0)",661.40521,467.4095908,195.0034442,271.2268,271.2268
"PG(27:0) PG(13:0_14:0)",675.42081,481.4251908,195.0034442,271.2268,285.2424
"PG(27:1) PG(13:0_14:1)",673.40521,479.4095908,195.0034442,271.2268,283.2268
"PG(28:0) PG(13:0_15:0)",689.43651,495.4408908,195.0034442,271.2268,299.2581
"PG(28:1) PG(13:0_15:1)",687.42081,493.4251908,195.0034442,271.2268,297.2424
"PG(29:0) PG(13:0_16:0)",703.45211,509.4564908,195.0034442,271.2268,313.2737
"PG(29:1) PG(13:0_16:1)",701.43651,507.4408908,195.0034442,271.2268,311.2581
"PG(30:0) PG(13:0_17:0)",717.46781,523.4721908,195.0034442,271.2268,327.2894
"PG(30:1) PG(13:0_17:1)",715.45211,521.4564908,195.0034442,271.2268,325.2737
"PG(30:2) PG(13:0_17:2)",713.43651,519.4408908,195.0034442,271.2268,323.2581
"PG(31:0) PG(13:0_18:0)",731.48341,537.4877908,195.0034442,271.2268,341.305
"PG(31:1) PG(13:0_18:1)",729.46781,535.4721908,195.0034442,271.2268,339.2894
"PG(31:2) PG(13:0_18:2)",727.45211,533.4564908,195.0034442,271.2268,337.2737
"PG(31:3) PG(13:0_18:3)",725.43651,531.4408908,195.0034442,271.2268,335.2581
"PG(31:4) PG(13:0_18:4)",723.42081,529.4251908,195.0034442,271.2268,333.2424
"PG(32:0) PG(13:0_19:0)",745.49911,551.5034908,195.0034442,271.2268,355.3207
"PG(33:0) PG(13:0_20:0)",759.51471,565.5190908,195.0034442,271.2268,369.3363
"PG(33:1) PG(13:0_20:1)",757.49911,563.5034908,195.0034442,271.2268,367.3207
"PG(33:2) PG(13:0_20:2)",755.48341,561.4877908,195.0034442,271.2268,365.305
"PG(33:3) PG(13:0_20:3)",753.46781,559.4721908,195.0034442,271.2268,363.2894
"PG(33:4) PG(13:0_20:4)",751.45211,557.4564908,195.0034442,271.2268,361.2737
"PG(33:5) PG(13:0_20:5)",749.43651,555.4408908,195.0034442,271.2268,359.2581
"PG(34:0) PG(13:0_21:0)",773.53041,579.5347908,195.0034442,271.2268,383.352
"PG(35:0) PG(13:0_22:0)",787.54601,593.5503908,195.0034442,271.2268,397.3676
"PG(35:1) PG(13:0_22:1)",785.53041,591.5347908,195.0034442,271.2268,395.352
"PG(35:2) PG(13:0_22:2)",783.51471,589.5190908,195.0034442,271.2268,393.3363
"PG(35:3) PG(13:0_22:3)",781.49911,587.5034908,195.0034442,271.2268,391.3207
"PG(35:4) PG(13:0_22:4)",779.48341,585.4877908,195.0034442,271.2268,389.305
"PG(35:5) PG(13:0_22:5)",777.46781,583.4721908,195.0034442,271.2268,387.2894
"PG(35:6) PG(13:0_22:6)",775.45211,581.4564908,195.0034442,271.2268,385.2737
"PG(36:0) PG(13:0_23:0)",801.56171,607.5660908,195.0034442,271.2268,411.3833
"PG(37:0) PG(13:0_24:0)",815.57731,621.5816908,195.0034442,271.2268,425.3989
"PG(37:1) PG(13:0_24:1)",813.56171,619.5660908,195.0034442,271.2268,423.3833
"PG(38:0) PG(13:0_25:0)",829.59301,635.5973908,195.0034442,271.2268,439.4146
"PG(39:0) PG(13:0_26:0)",843.60861,649.6129908,195.0034442,271.2268,453.4302
"PG(28:0) PG(14:0_14:0)",689.43641,495.4407908,195.0034442,285.2424,285.2424
"PG(28:1) PG(14:0_14:1)",687.42081,493.4251908,195.0034442,285.2424,283.2268
"PG(29:0) PG(14:0_15:0)",703.45211,509.4564908,195.0034442,285.2424,299.2581
"PG(29:1) PG(14:0_15:1)",701.43641,507.4407908,195.0034442,285.2424,297.2424
"PG(30:0) PG(14:0_16:0)",717.46771,523.4720908,195.0034442,285.2424,313.2737
"PG(30:1) PG(14:0_16:1)",715.45211,521.4564908,195.0034442,285.2424,311.2581
"PG(31:0) PG(14:0_17:0)",731.48341,537.4877908,195.0034442,285.2424,327.2894
"PG(31:1) PG(14:0_17:1)",729.46771,535.4720908,195.0034442,285.2424,325.2737
"PG(31:2) PG(14:0_17:2)",727.45211,533.4564908,195.0034442,285.2424,323.2581
"PG(32:0) PG(14:0_18:0)",745.49901,551.5033908,195.0034442,285.2424,341.305
"PG(32:1) PG(14:0_18:1)",743.48341,549.4877908,195.0034442,285.2424,339.2894
"PG(32:2) PG(14:0_18:2)",741.46771,547.4720908,195.0034442,285.2424,337.2737
"PG(32:3) PG(14:0_18:3)",739.45211,545.4564908,195.0034442,285.2424,335.2581
"PG(32:4) PG(14:0_18:4)",737.43641,543.4407908,195.0034442,285.2424,333.2424
"PG(33:0) PG(14:0_19:0)",759.51471,565.5190908,195.0034442,285.2424,355.3207
"PG(34:0) PG(14:0_20:0)",773.53031,579.5346908,195.0034442,285.2424,369.3363
"PG(34:1) PG(14:0_20:1)",771.51471,577.5190908,195.0034442,285.2424,367.3207
"PG(34:2) PG(14:0_20:2)",769.49901,575.5033908,195.0034442,285.2424,365.305
"PG(34:3) PG(14:0_20:3)",767.48341,573.4877908,195.0034442,285.2424,363.2894
"PG(34:4) PG(14:0_20:4)",765.46771,571.4720908,195.0034442,285.2424,361.2737
"PG(34:5) PG(14:0_20:5)",763.45211,569.4564908,195.0034442,285.2424,359.2581
"PG(35:0) PG(14:0_21:0)",787.54601,593.5503908,195.0034442,285.2424,383.352
"PG(36:0) PG(14:0_22:0)",801.56161,607.5659908,195.0034442,285.2424,397.3676
"PG(36:1) PG(14:0_22:1)",799.54601,605.5503908,195.0034442,285.2424,395.352
"PG(36:2) PG(14:0_22:2)",797.53031,603.5346908,195.0034442,285.2424,393.3363
"PG(36:3) PG(14:0_22:3)",795.51471,601.5190908,195.0034442,285.2424,391.3207
"PG(36:4) PG(14:0_22:4)",793.49901,599.5033908,195.0034442,285.2424,389.305
"PG(36:5) PG(14:0_22:5)",791.48341,597.4877908,195.0034442,285.2424,387.2894
"PG(36:6) PG(14:0_22:6)",789.46771,595.4720908,195.0034442,285.2424,385.2737
"PG(37:0) PG(14:0_23:0)",815.57731,621.5816908,195.0034442,285.2424,411.3833
"PG(38:0) PG(14:0_24:0)",829.59291,635.5972908,195.0034442,285.2424,425.3989
"PG(38:1) PG(14:0_24:1)",827.57731,633.5816908,195.0034442,285.2424,423.3833
"PG(39:0) PG(14:0_25:0)",843.60861,649.6129908,195.0034442,285.2424,439.4146
"PG(40:0) PG(14:0_26:0)",857.62421,663.6285908,195.0034442,285.2424,453.4302
"PG(28:2) PG(14:1_14:1)",685.40521,491.4095908,195.0034442,283.2268,283.2268
"PG(29:1) PG(14:1_15:0)",701.43651,507.4408908,195.0034442,283.2268,299.2581
"PG(29:2) PG(14:1_15:1)",699.42081,505.4251908,195.0034442,283.2268,297.2424
"PG(30:1) PG(14:1_16:0)",715.45211,521.4564908,195.0034442,283.2268,313.2737
"PG(30:2) PG(14:1_16:1)",713.43651,519.4408908,195.0034442,283.2268,311.2581
"PG(31:1) PG(14:1_17:0)",729.46781,535.4721908,195.0034442,283.2268,327.2894
"PG(31:2) PG(14:1_17:1)",727.45211,533.4564908,195.0034442,283.2268,325.2737
"PG(31:3) PG(14:1_17:2)",725.43651,531.4408908,195.0034442,283.2268,323.2581
"PG(32:1) PG(14:1_18:0)",743.48341,549.4877908,195.0034442,283.2268,341.305
"PG(32:2) PG(14:1_18:1)",741.46781,547.4721908,195.0034442,283.2268,339.2894
"PG(32:3) PG(14:1_18:2)",739.45211,545.4564908,195.0034442,283.2268,337.2737
"PG(32:4) PG(14:1_18:3)",737.43651,543.4408908,195.0034442,283.2268,335.2581
"PG(32:5) PG(14:1_18:4)",735.42081,541.4251908,195.0034442,283.2268,333.2424
"PG(33:1) PG(14:1_19:0)",757.49911,563.5034908,195.0034442,283.2268,355.3207
"PG(34:1) PG(14:1_20:0)",771.51471,577.5190908,195.0034442,283.2268,369.3363
"PG(34:2) PG(14:1_20:1)",769.49911,575.5034908,195.0034442,283.2268,367.3207
"PG(34:3) PG(14:1_20:2)",767.48341,573.4877908,195.0034442,283.2268,365.305
"PG(34:4) PG(14:1_20:3)",765.46781,571.4721908,195.0034442,283.2268,363.2894
"PG(34:5) PG(14:1_20:4)",763.45211,569.4564908,195.0034442,283.2268,361.2737
"PG(34:6) PG(14:1_20:5)",761.43651,567.4408908,195.0034442,283.2268,359.2581
"PG(35:1) PG(14:1_21:0)",785.53041,591.5347908,195.0034442,283.2268,383.352
"PG(36:1) PG(14:1_22:0)",799.54601,605.5503908,195.0034442,283.2268,397.3676
"PG(36:2) PG(14:1_22:1)",797.53041,603.5347908,195.0034442,283.2268,395.352
"PG(36:3) PG(14:1_22:2)",795.51471,601.5190908,195.0034442,283.2268,393.3363
"PG(36:4) PG(14:1_22:3)",793.49911,599.5034908,195.0034442,283.2268,391.3207
"PG(36:5) PG(14:1_22:4)",791.48341,597.4877908,195.0034442,283.2268,389.305
"PG(36:6) PG(14:1_22:5)",789.46781,595.4721908,195.0034442,283.2268,387.2894
"PG(36:7) PG(14:1_22:6)",787.45211,593.4564908,195.0034442,283.2268,385.2737
"PG(37:1) PG(14:1_23:0)",813.56171,619.5660908,195.0034442,283.2268,411.3833
"PG(38:1) PG(14:1_24:0)",827.57731,633.5816908,195.0034442,283.2268,425.3989
"PG(38:2) PG(14:1_24:1)",825.56171,631.5660908,195.0034442,283.2268,423.3833
"PG(39:1) PG(14:1_25:0)",841.59301,647.5973908,195.0034442,283.2268,439.4146
"PG(40:1) PG(14:1_26:0)",855.60861,661.6129908,195.0034442,283.2268,453.4302
"PG(30:0) PG(15:0_15:0)",717.46781,523.4721908,195.0034442,299.2581,299.2581
"PG(30:1) PG(15:0_15:1)",715.45211,521.4564908,195.0034442,299.2581,297.2424
"PG(31:0) PG(15:0_16:0)",731.48341,537.4877908,195.0034442,299.2581,313.2737
"PG(31:1) PG(15:0_16:1)",729.46781,535.4721908,195.0034442,299.2581,311.2581
"PG(32:0) PG(15:0_17:0)",745.49911,551.5034908,195.0034442,299.2581,327.2894
"PG(32:1) PG(15:0_17:1)",743.48341,549.4877908,195.0034442,299.2581,325.2737
"PG(32:2) PG(15:0_17:2)",741.46781,547.4721908,195.0034442,299.2581,323.2581
"PG(33:0) PG(15:0_18:0)",759.51471,565.5190908,195.0034442,299.2581,341.305
"PG(33:1) PG(15:0_18:1)",757.49911,563.5034908,195.0034442,299.2581,339.2894
"PG(33:2) PG(15:0_18:2)",755.48341,561.4877908,195.0034442,299.2581,337.2737
"PG(33:3) PG(15:0_18:3)",753.46781,559.4721908,195.0034442,299.2581,335.2581
"PG(33:4) PG(15:0_18:4)",751.45211,557.4564908,195.0034442,299.2581,333.2424
"PG(34:0) PG(15:0_19:0)",773.53041,579.5347908,195.0034442,299.2581,355.3207
"PG(35:0) PG(15:0_20:0)",787.54601,593.5503908,195.0034442,299.2581,369.3363
"PG(35:1) PG(15:0_20:1)",785.53041,591.5347908,195.0034442,299.2581,367.3207
"PG(35:2) PG(15:0_20:2)",783.51471,589.5190908,195.0034442,299.2581,365.305
"PG(35:3) PG(15:0_20:3)",781.49911,587.5034908,195.0034442,299.2581,363.2894
"PG(35:4) PG(15:0_20:4)",779.48341,585.4877908,195.0034442,299.2581,361.2737
"PG(35:5) PG(15:0_20:5)",777.46781,583.4721908,195.0034442,299.2581,359.2581
"PG(36:0) PG(15:0_21:0)",801.56171,607.5660908,195.0034442,299.2581,383.352
"PG(37:0) PG(15:0_22:0)",815.57731,621.5816908,195.0034442,299.2581,397.3676
"PG(37:1) PG(15:0_22:1)",813.56171,619.5660908,195.0034442,299.2581,395.352
"PG(37:2) PG(15:0_22:2)",811.54601,617.5503908,195.0034442,299.2581,393.3363
"PG(37:3) PG(15:0_22:3)",809.53041,615.5347908,195.0034442,299.2581,391.3207
"PG(37:4) PG(15:0_22:4)",807.51471,613.5190908,195.0034442,299.2581,389.305
"PG(37:5) PG(15:0_22:5)",805.49911,611.5034908,195.0034442,299.2581,387.2894
"PG(37:6) PG(15:0_22:6)",803.48341,609.4877908,195.0034442,299.2581,385.2737
"PG(38:0) PG(15:0_23:0)",829.59301,635.5973908,195.0034442,299.2581,411.3833
"PG(39:0) PG(15:0_24:0)",843.60861,649.6129908,195.0034442,299.2581,425.3989
"PG(39:1) PG(15:0_24:1)",841.59301,647.5973908,195.0034442,299.2581,423.3833
"PG(40:0) PG(15:0_25:0)",857.62431,663.6286908,195.0034442,299.2581,439.4146
"PG(41:0) PG(15:0_26:0)",871.63991,677.6442908,195.0034442,299.2581,453.4302
"PG(30:2) PG(15:1_15:1)",713.43641,519.4407908,195.0034442,297.2424,297.2424
"PG(31:1) PG(15:1_16:0)",729.46771,535.4720908,195.0034442,297.2424,313.2737
"PG(31:2) PG(15:1_16:1)",727.45211,533.4564908,195.0034442,297.2424,311.2581
"PG(32:1) PG(15:1_17:0)",743.48341,549.4877908,195.0034442,297.2424,327.2894
"PG(32:2) PG(15:1_17:1)",741.46771,547.4720908,195.0034442,297.2424,325.2737
"PG(32:3) PG(15:1_17:2)",739.45211,545.4564908,195.0034442,297.2424,323.2581
"PG(33:1) PG(15:1_18:0)",757.49901,563.5033908,195.0034442,297.2424,341.305
"PG(33:2) PG(15:1_18:1)",755.48341,561.4877908,195.0034442,297.2424,339.2894
"PG(33:3) PG(15:1_18:2)",753.46771,559.4720908,195.0034442,297.2424,337.2737
"PG(33:4) PG(15:1_18:3)",751.45211,557.4564908,195.0034442,297.2424,335.2581
"PG(33:5) PG(15:1_18:4)",749.43641,555.4407908,195.0034442,297.2424,333.2424
"PG(34:1) PG(15:1_19:0)",771.51471,577.5190908,195.0034442,297.2424,355.3207
"PG(35:1) PG(15:1_20:0)",785.53031,591.5346908,195.0034442,297.2424,369.3363
"PG(35:2) PG(15:1_20:1)",783.51471,589.5190908,195.0034442,297.2424,367.3207
"PG(35:3) PG(15:1_20:2)",781.49901,587.5033908,195.0034442,297.2424,365.305
"PG(35:4) PG(15:1_20:3)",779.48341,585.4877908,195.0034442,297.2424,363.2894
"PG(35:5) PG(15:1_20:4)",777.46771,583.4720908,195.0034442,297.2424,361.2737
"PG(35:6) PG(15:1_20:5)",775.45211,581.4564908,195.0034442,297.2424,359.2581
"PG(36:1) PG(15:1_21:0)",799.54601,605.5503908,195.0034442,297.2424,383.352
"PG(37:1) PG(15:1_22:0)",813.56161,619.5659908,195.0034442,297.2424,397.3676
"PG(37:2) PG(15:1_22:1)",811.54601,617.5503908,195.0034442,297.2424,395.352
"PG(37:3) PG(15:1_22:2)",809.53031,615.5346908,195.0034442,297.2424,393.3363
"PG(37:4) PG(15:1_22:3)",807.51471,613.5190908,195.0034442,297.2424,391.3207
"PG(37:5) PG(15:1_22:4)",805.49901,611.5033908,195.0034442,297.2424,389.305
"PG(37:6) PG(15:1_22:5)",803.48341,609.4877908,195.0034442,297.2424,387.2894
"PG(37:7) PG(15:1_22:6)",801.46771,607.4720908,195.0034442,297.2424,385.2737
"PG(38:1) PG(15:1_23:0)",827.57731,633.5816908,195.0034442,297.2424,411.3833
"PG(39:1) PG(15:1_24:0)",841.59291,647.5972908,195.0034442,297.2424,425.3989
"PG(39:2) PG(15:1_24:1)",839.57731,645.5816908,195.0034442,297.2424,423.3833
"PG(40:1) PG(15:1_25:0)",855.60861,661.6129908,195.0034442,297.2424,439.4146
"PG(41:1) PG(15:1_26:0)",869.62421,675.6285908,195.0034442,297.2424,453.4302
"PG(32:0) PG(16:0_16:0)",745.49901,551.5033908,195.0034442,313.2737,313.2737
"PG(32:1) PG(16:0_16:1)",743.48341,549.4877908,195.0034442,313.2737,311.2581
"PG(33:0) PG(16:0_17:0)",759.51471,565.5190908,195.0034442,313.2737,327.2894
"PG(33:1) PG(16:0_17:1)",757.49901,563.5033908,195.0034442,313.2737,325.2737
"PG(33:2) PG(16:0_17:2)",755.48341,561.4877908,195.0034442,313.2737,323.2581
"PG(34:0) PG(16:0_18:0)",773.53031,579.5346908,195.0034442,313.2737,341.305
"PG(34:1) PG(16:0_18:1)",771.51471,577.5190908,195.0034442,313.2737,339.2894
"PG(34:2) PG(16:0_18:2)",769.49901,575.5033908,195.0034442,313.2737,337.2737
"PG(34:3) PG(16:0_18:3)",767.48341,573.4877908,195.0034442,313.2737,335.2581
"PG(34:4) PG(16:0_18:4)",765.46771,571.4720908,195.0034442,313.2737,333.2424
"PG(35:0) PG(16:0_19:0)",787.54601,593.5503908,195.0034442,313.2737,355.3207
"PG(36:0) PG(16:0_20:0)",801.56161,607.5659908,195.0034442,313.2737,369.3363
"PG(36:1) PG(16:0_20:1)",799.54601,605.5503908,195.0034442,313.2737,367.3207
"PG(36:2) PG(16:0_20:2)",797.53031,603.5346908,195.0034442,313.2737,365.305
"PG(36:3) PG(16:0_20:3)",795.51471,601.5190908,195.0034442,313.2737,363.2894
"PG(36:4) PG(16:0_20:4)",793.49901,599.5033908,195.0034442,313.2737,361.2737
"PG(36:5) PG(16:0_20:5)",791.48341,597.4877908,195.0034442,313.2737,359.2581
"PG(37:0) PG(16:0_21:0)",815.57731,621.5816908,195.0034442,313.2737,383.352
"PG(38:0) PG(16:0_22:0)",829.59291,635.5972908,195.0034442,313.2737,397.3676
"PG(38:1) PG(16:0_22:1)",827.57731,633.5816908,195.0034442,313.2737,395.352
"PG(38:2) PG(16:0_22:2)",825.56161,631.5659908,195.0034442,313.2737,393.3363
"PG(38:3) PG(16:0_22:3)",823.54601,629.5503908,195.0034442,313.2737,391.3207
"PG(38:4) PG(16:0_22:4)",821.53031,627.5346908,195.0034442,313.2737,389.305
"PG(38:5) PG(16:0_22:5)",819.51471,625.5190908,195.0034442,313.2737,387.2894
"PG(38:6) PG(16:0_22:6)",817.49901,623.5033908,195.0034442,313.2737,385.2737
"PG(39:0) PG(16:0_23:0)",843.60861,649.6129908,195.0034442,313.2737,411.3833
"PG(40:0) PG(16:0_24:0)",857.62421,663.6285908,195.0034442,313.2737,425.3989
"PG(40:1) PG(16:0_24:1)",855.60861,661.6129908,195.0034442,313.2737,423.3833
"PG(41:0) PG(16:0_25:0)",871.63991,677.6442908,195.0034442,313.2737,439.4146
"PG(42:0) PG(16:0_26:0)",885.65551,691.6598908,195.0034442,313.2737,453.4302
"PG(32:2) PG(16:1_16:1)",741.46781,547.4721908,195.0034442,311.2581,311.2581
"PG(33:1) PG(16:1_17:0)",757.49911,563.5034908,195.0034442,311.2581,327.2894
"PG(33:2) PG(16:1_17:1)",755.48341,561.4877908,195.0034442,311.2581,325.2737
"PG(33:3) PG(16:1_17:2)",753.46781,559.4721908,195.0034442,311.2581,323.2581
"PG(34:1) PG(16:1_18:0)",771.51471,577.5190908,195.0034442,311.2581,341.305
"PG(34:2) PG(16:1_18:1)",769.49911,575.5034908,195.0034442,311.2581,339.2894
"PG(34:3) PG(16:1_18:2)",767.48341,573.4877908,195.0034442,311.2581,337.2737
"PG(34:4) PG(16:1_18:3)",765.46781,571.4721908,195.0034442,311.2581,335.2581
"PG(34:5) PG(16:1_18:4)",763.45211,569.4564908,195.0034442,311.2581,333.2424
"PG(35:1) PG(16:1_19:0)",785.53041,591.5347908,195.0034442,311.2581,355.3207
"PG(36:1) PG(16:1_20:0)",799.54601,605.5503908,195.0034442,311.2581,369.3363
"PG(36:2) PG(16:1_20:1)",797.53041,603.5347908,195.0034442,311.2581,367.3207
"PG(36:3) PG(16:1_20:2)",795.51471,601.5190908,195.0034442,311.2581,365.305
"PG(36:4) PG(16:1_20:3)",793.49911,599.5034908,195.0034442,311.2581,363.2894
"PG(36:5) PG(16:1_20:4)",791.48341,597.4877908,195.0034442,311.2581,361.2737
"PG(36:6) PG(16:1_20:5)",789.46781,595.4721908,195.0034442,311.2581,359.2581
"PG(37:1) PG(16:1_21:0)",813.56171,619.5660908,195.0034442,311.2581,383.352
"PG(38:1) PG(16:1_22:0)",827.57731,633.5816908,195.0034442,311.2581,397.3676
"PG(38:2) PG(16:1_22:1)",825.56171,631.5660908,195.0034442,311.2581,395.352
"PG(38:3) PG(16:1_22:2)",823.54601,629.5503908,195.0034442,311.2581,393.3363
"PG(38:4) PG(16:1_22:3)",821.53041,627.5347908,195.0034442,311.2581,391.3207
"PG(38:5) PG(16:1_22:4)",819.51471,625.5190908,195.0034442,311.2581,389.305
"PG(38:6) PG(16:1_22:5)",817.49911,623.5034908,195.0034442,311.2581,387.2894
"PG(38:7) PG(16:1_22:6)",815.48341,621.4877908,195.0034442,311.2581,385.2737
"PG(39:1) PG(16:1_23:0)",841.59301,647.5973908,195.0034442,311.2581,411.3833
"PG(40:1) PG(16:1_24:0)",855.60861,661.6129908,195.0034442,311.2581,425.3989
"PG(40:2) PG(16:1_24:1)",853.59301,659.5973908,195.0034442,311.2581,423.3833
"PG(41:1) PG(16:1_25:0)",869.62431,675.6286908,195.0034442,311.2581,439.4146
"PG(42:1) PG(16:1_26:0)",883.63991,689.6442908,195.0034442,311.2581,453.4302
"PG(34:0) PG(17:0_17:0)",773.53041,579.5347908,195.0034442,327.2894,327.2894
"PG(34:1) PG(17:0_17:1)",771.51471,577.5190908,195.0034442,327.2894,325.2737
"PG(34:2) PG(17:0_17:2)",769.49911,575.5034908,195.0034442,327.2894,323.2581
"PG(35:0) PG(17:0_18:0)",787.54601,593.5503908,195.0034442,327.2894,341.305
"PG(35:1) PG(17:0_18:1)",785.53041,591.5347908,195.0034442,327.2894,339.2894
"PG(35:2) PG(17:0_18:2)",783.51471,589.5190908,195.0034442,327.2894,337.2737
"PG(35:3) PG(17:0_18:3)",781.49911,587.5034908,195.0034442,327.2894,335.2581
"PG(35:4) PG(17:0_18:4)",779.48341,585.4877908,195.0034442,327.2894,333.2424
"PG(36:0) PG(17:0_19:0)",801.56171,607.5660908,195.0034442,327.2894,355.3207
"PG(37:0) PG(17:0_20:0)",815.57731,621.5816908,195.0034442,327.2894,369.3363
"PG(37:1) PG(17:0_20:1)",813.56171,619.5660908,195.0034442,327.2894,367.3207
"PG(37:2) PG(17:0_20:2)",811.54601,617.5503908,195.0034442,327.2894,365.305
"PG(37:3) PG(17:0_20:3)",809.53041,615.5347908,195.0034442,327.2894,363.2894
"PG(37:4) PG(17:0_20:4)",807.51471,613.5190908,195.0034442,327.2894,361.2737
"PG(37:5) PG(17:0_20:5)",805.49911,611.5034908,195.0034442,327.2894,359.2581
"PG(38:0) PG(17:0_21:0)",829.59301,635.5973908,195.0034442,327.2894,383.352
"PG(39:0) PG(17:0_22:0)",843.60861,649.6129908,195.0034442,327.2894,397.3676
"PG(39:1) PG(17:0_22:1)",841.59301,647.5973908,195.0034442,327.2894,395.352
"PG(39:2) PG(17:0_22:2)",839.57731,645.5816908,195.0034442,327.2894,393.3363
"PG(39:3) PG(17:0_22:3)",837.56171,643.5660908,195.0034442,327.2894,391.3207
"PG(39:4) PG(17:0_22:4)",835.54601,641.5503908,195.0034442,327.2894,389.305
"PG(39:5) PG(17:0_22:5)",833.53041,639.5347908,195.0034442,327.2894,387.2894
"PG(39:6) PG(17:0_22:6)",831.51471,637.5190908,195.0034442,327.2894,385.2737
"PG(40:0) PG(17:0_23:0)",857.62431,663.6286908,195.0034442,327.2894,411.3833
"PG(41:0) PG(17:0_24:0)",871.63991,677.6442908,195.0034442,327.2894,425.3989
"PG(41:1) PG(17:0_24:1)",869.62431,675.6286908,195.0034442,327.2894,423.3833
"PG(42:0) PG(17:0_25:0)",885.65561,691.6599908,195.0034442,327.2894,439.4146
"PG(43:0) PG(17:0_26:0)",899.67121,705.6755908,195.0034442,327.2894,453.4302
"PG(34:2) PG(17:1_17:1)",769.49901,575.5033908,195.0034442,325.2737,325.2737
"PG(34:3) PG(17:1_17:2)",767.48341,573.4877908,195.0034442,325.2737,323.2581
"PG(35:1) PG(17:1_18:0)",785.53031,591.5346908,195.0034442,325.2737,341.305
"PG(35:2) PG(17:1_18:1)",783.51471,589.5190908,195.0034442,325.2737,339.2894
"PG(35:3) PG(17:1_18:2)",781.49901,587.5033908,195.0034442,325.2737,337.2737
"PG(35:4) PG(17:1_18:3)",779.48341,585.4877908,195.0034442,325.2737,335.2581
"PG(35:5) PG(17:1_18:4)",777.46771,583.4720908,195.0034442,325.2737,333.2424
"PG(36:1) PG(17:1_19:0)",799.54601,605.5503908,195.0034442,325.2737,355.3207
"PG(37:1) PG(17:1_20:0)",813.56161,619.5659908,195.0034442,325.2737,369.3363
"PG(37:2) PG(17:1_20:1)",811.54601,617.5503908,195.0034442,325.2737,367.3207
"PG(37:3) PG(17:1_20:2)",809.53031,615.5346908,195.0034442,325.2737,365.305
"PG(37:4) PG(17:1_20:3)",807.51471,613.5190908,195.0034442,325.2737,363.2894
"PG(37:5) PG(17:1_20:4)",805.49901,611.5033908,195.0034442,325.2737,361.2737
"PG(37:6) PG(17:1_20:5)",803.48341,609.4877908,195.0034442,325.2737,359.2581
"PG(38:1) PG(17:1_21:0)",827.57731,633.5816908,195.0034442,325.2737,383.352
"PG(39:1) PG(17:1_22:0)",841.59291,647.5972908,195.0034442,325.2737,397.3676
"PG(39:2) PG(17:1_22:1)",839.57731,645.5816908,195.0034442,325.2737,395.352
"PG(39:3) PG(17:1_22:2)",837.56161,643.5659908,195.0034442,325.2737,393.3363
"PG(39:4) PG(17:1_22:3)",835.54601,641.5503908,195.0034442,325.2737,391.3207
"PG(39:5) PG(17:1_22:4)",833.53031,639.5346908,195.0034442,325.2737,389.305
"PG(39:6) PG(17:1_22:5)",831.51471,637.5190908,195.0034442,325.2737,387.2894
"PG(39:7) PG(17:1_22:6)",829.49901,635.5033908,195.0034442,325.2737,385.2737
"PG(40:1) PG(17:1_23:0)",855.60861,661.6129908,195.0034442,325.2737,411.3833
"PG(41:1) PG(17:1_24:0)",869.62421,675.6285908,195.0034442,325.2737,425.3989
"PG(41:2) PG(17:1_24:1)",867.60861,673.6129908,195.0034442,325.2737,423.3833
"PG(42:1) PG(17:1_25:0)",883.63991,689.6442908,195.0034442,325.2737,439.4146
"PG(43:1) PG(17:1_26:0)",897.65551,703.6598908,195.0034442,325.2737,453.4302
"PG(34:4) PG(17:2_17:2)",765.46781,571.4721908,195.0034442,323.2581,323.2581
"PG(35:2) PG(17:2_18:0)",783.51471,589.5190908,195.0034442,323.2581,341.305
"PG(35:3) PG(17:2_18:1)",781.49911,587.5034908,195.0034442,323.2581,339.2894
"PG(35:4) PG(17:2_18:2)",779.48341,585.4877908,195.0034442,323.2581,337.2737
"PG(35:5) PG(17:2_18:3)",777.46781,583.4721908,195.0034442,323.2581,335.2581
"PG(35:6) PG(17:2_18:4)",775.45211,581.4564908,195.0034442,323.2581,333.2424
"PG(36:2) PG(17:2_19:0)",797.53041,603.5347908,195.0034442,323.2581,355.3207
"PG(37:2) PG(17:2_20:0)",811.54601,617.5503908,195.0034442,323.2581,369.3363
"PG(37:3) PG(17:2_20:1)",809.53041,615.5347908,195.0034442,323.2581,367.3207
"PG(37:4) PG(17:2_20:2)",807.51471,613.5190908,195.0034442,323.2581,365.305
"PG(37:5) PG(17:2_20:3)",805.49911,611.5034908,195.0034442,323.2581,363.2894
"PG(37:6) PG(17:2_20:4)",803.48341,609.4877908,195.0034442,323.2581,361.2737
"PG(37:7) PG(17:2_20:5)",801.46781,607.4721908,195.0034442,323.2581,359.2581
"PG(38:2) PG(17:2_21:0)",825.56171,631.5660908,195.0034442,323.2581,383.352
"PG(39:2) PG(17:2_22:0)",839.57731,645.5816908,195.0034442,323.2581,397.3676
"PG(39:3) PG(17:2_22:1)",837.56171,643.5660908,195.0034442,323.2581,395.352
"PG(39:4) PG(17:2_22:2)",835.54601,641.5503908,195.0034442,323.2581,393.3363
"PG(39:5) PG(17:2_22:3)",833.53041,639.5347908,195.0034442,323.2581,391.3207
"PG(39:6) PG(17:2_22:4)",831.51471,637.5190908,195.0034442,323.2581,389.305
"PG(39:7) PG(17:2_22:5)",829.49911,635.5034908,195.0034442,323.2581,387.2894
"PG(39:8) PG(17:2_22:6)",827.48341,633.4877908,195.0034442,323.2581,385.2737
"PG(40:2) PG(17:2_23:0)",853.59301,659.5973908,195.0034442,323.2581,411.3833
"PG(41:2) PG(17:2_24:0)",867.60861,673.6129908,195.0034442,323.2581,425.3989
"PG(41:3) PG(17:2_24:1)",865.59301,671.5973908,195.0034442,323.2581,423.3833
"PG(42:2) PG(17:2_25:0)",881.62431,687.6286908,195.0034442,323.2581,439.4146
"PG(43:2) PG(17:2_26:0)",895.63991,701.6442908,195.0034442,323.2581,453.4302
"PG(36:0) PG(18:0_18:0)",801.56161,607.5659908,195.0034442,341.305,341.305
"PG(36:1) PG(18:0_18:1)",799.54601,605.5503908,195.0034442,341.305,339.2894
"PG(36:2) PG(18:0_18:2)",797.53031,603.5346908,195.0034442,341.305,337.2737
"PG(36:3) PG(18:0_18:3)",795.51471,601.5190908,195.0034442,341.305,335.2581
"PG(36:4) PG(18:0_18:4)",793.49901,599.5033908,195.0034442,341.305,333.2424
"PG(37:0) PG(18:0_19:0)",815.57731,621.5816908,195.0034442,341.305,355.3207
"PG(38:0) PG(18:0_20:0)",829.59291,635.5972908,195.0034442,341.305,369.3363
"PG(38:1) PG(18:0_20:1)",827.57731,633.5816908,195.0034442,341.305,367.3207
"PG(38:2) PG(18:0_20:2)",825.56161,631.5659908,195.0034442,341.305,365.305
"PG(38:3) PG(18:0_20:3)",823.54601,629.5503908,195.0034442,341.305,363.2894
"PG(38:4) PG(18:0_20:4)",821.53031,627.5346908,195.0034442,341.305,361.2737
"PG(38:5) PG(18:0_20:5)",819.51471,625.5190908,195.0034442,341.305,359.2581
"PG(39:0) PG(18:0_21:0)",843.60861,649.6129908,195.0034442,341.305,383.352
"PG(40:0) PG(18:0_22:0)",857.62421,663.6285908,195.0034442,341.305,397.3676
"PG(40:1) PG(18:0_22:1)",855.60861,661.6129908,195.0034442,341.305,395.352
"PG(40:2) PG(18:0_22:2)",853.59291,659.5972908,195.0034442,341.305,393.3363
"PG(40:3) PG(18:0_22:3)",851.57731,657.5816908,195.0034442,341.305,391.3207
"PG(40:4) PG(18:0_22:4)",849.56161,655.5659908,195.0034442,341.305,389.305
"PG(40:5) PG(18:0_22:5)",847.54601,653.5503908,195.0034442,341.305,387.2894
"PG(40:6) PG(18:0_22:6)",845.53031,651.5346908,195.0034442,341.305,385.2737
"PG(41:0) PG(18:0_23:0)",871.63991,677.6442908,195.0034442,341.305,411.3833
"PG(42:0) PG(18:0_24:0)",885.65551,691.6598908,195.0034442,341.305,425.3989
"PG(42:1) PG(18:0_24:1)",883.63991,689.6442908,195.0034442,341.305,423.3833
"PG(43:0) PG(18:0_25:0)",899.67121,705.6755908,195.0034442,341.305,439.4146
"PG(44:0) PG(18:0_26:0)",913.68681,719.6911908,195.0034442,341.305,453.4302
"PG(36:2) PG(18:1_18:1)",797.53041,603.5347908,195.0034442,339.2894,339.2894
"PG(36:3) PG(18:1_18:2)",795.51471,601.5190908,195.0034442,339.2894,337.2737
"PG(36:4) PG(18:1_18:3)",793.49911,599.5034908,195.0034442,339.2894,335.2581
"PG(36:5) PG(18:1_18:4)",791.48341,597.4877908,195.0034442,339.2894,333.2424
"PG(37:1) PG(18:1_19:0)",813.56171,619.5660908,195.0034442,339.2894,355.3207
"PG(38:1) PG(18:1_20:0)",827.57731,633.5816908,195.0034442,339.2894,369.3363
"PG(38:2) PG(18:1_20:1)",825.56171,631.5660908,195.0034442,339.2894,367.3207
"PG(38:3) PG(18:1_20:2)",823.54601,629.5503908,195.0034442,339.2894,365.305
"PG(38:4) PG(18:1_20:3)",821.53041,627.5347908,195.0034442,339.2894,363.2894
"PG(38:5) PG(18:1_20:4)",819.51471,625.5190908,195.0034442,339.2894,361.2737
"PG(38:6) PG(18:1_20:5)",817.49911,623.5034908,195.0034442,339.2894,359.2581
"PG(39:1) PG(18:1_21:0)",841.59301,647.5973908,195.0034442,339.2894,383.352
"PG(40:1) PG(18:1_22:0)",855.60861,661.6129908,195.0034442,339.2894,397.3676
"PG(40:2) PG(18:1_22:1)",853.59301,659.5973908,195.0034442,339.2894,395.352
"PG(40:3) PG(18:1_22:2)",851.57731,657.5816908,195.0034442,339.2894,393.3363
"PG(40:4) PG(18:1_22:3)",849.56171,655.5660908,195.0034442,339.2894,391.3207
"PG(40:5) PG(18:1_22:4)",847.54601,653.5503908,195.0034442,339.2894,389.305
"PG(40:6) PG(18:1_22:5)",845.53041,651.5347908,195.0034442,339.2894,387.2894
"PG(40:7) PG(18:1_22:6)",843.51471,649.5190908,195.0034442,339.2894,385.2737
"PG(41:1) PG(18:1_23:0)",869.62431,675.6286908,195.0034442,339.2894,411.3833
"PG(42:1) PG(18:1_24:0)",883.63991,689.6442908,195.0034442,339.2894,425.3989
"PG(42:2) PG(18:1_24:1)",881.62431,687.6286908,195.0034442,339.2894,423.3833
"PG(43:1) PG(18:1_25:0)",897.65561,703.6599908,195.0034442,339.2894,439.4146
"PG(44:1) PG(18:1_26:0)",911.67121,717.6755908,195.0034442,339.2894,453.4302
"PG(36:4) PG(18:2_18:2)",793.49901,599.5033908,195.0034442,337.2737,337.2737
"PG(36:5) PG(18:2_18:3)",791.48341,597.4877908,195.0034442,337.2737,335.2581
"PG(36:6) PG(18:2_18:4)",789.46771,595.4720908,195.0034442,337.2737,333.2424
"PG(37:2) PG(18:2_19:0)",811.54601,617.5503908,195.0034442,337.2737,355.3207
"PG(38:2) PG(18:2_20:0)",825.56161,631.5659908,195.0034442,337.2737,369.3363
"PG(38:3) PG(18:2_20:1)",823.54601,629.5503908,195.0034442,337.2737,367.3207
"PG(38:4) PG(18:2_20:2)",821.53031,627.5346908,195.0034442,337.2737,365.305
"PG(38:5) PG(18:2_20:3)",819.51471,625.5190908,195.0034442,337.2737,363.2894
"PG(38:6) PG(18:2_20:4)",817.49901,623.5033908,195.0034442,337.2737,361.2737
"PG(38:7) PG(18:2_20:5)",815.48341,621.4877908,195.0034442,337.2737,359.2581
"PG(39:2) PG(18:2_21:0)",839.57731,645.5816908,195.0034442,337.2737,383.352
"PG(40:2) PG(18:2_22:0)",853.59291,659.5972908,195.0034442,337.2737,397.3676
"PG(40:3) PG(18:2_22:1)",851.57731,657.5816908,195.0034442,337.2737,395.352
"PG(40:4) PG(18:2_22:2)",849.56161,655.5659908,195.0034442,337.2737,393.3363
"PG(40:5) PG(18:2_22:3)",847.54601,653.5503908,195.0034442,337.2737,391.3207
"PG(40:6) PG(18:2_22:4)",845.53031,651.5346908,195.0034442,337.2737,389.305
"PG(40:7) PG(18:2_22:5)",843.51471,649.5190908,195.0034442,337.2737,387.2894
"PG(40:8) PG(18:2_22:6)",841.49901,647.5033908,195.0034442,337.2737,385.2737
"PG(41:2) PG(18:2_23:0)",867.60861,673.6129908,195.0034442,337.2737,411.3833
"PG(42:2) PG(18:2_24:0)",881.62421,687.6285908,195.0034442,337.2737,425.3989
"PG(42:3) PG(18:2_24:1)",879.60861,685.6129908,195.0034442,337.2737,423.3833
"PG(43:2) PG(18:2_25:0)",895.63991,701.6442908,195.0034442,337.2737,439.4146
"PG(44:2) PG(18:2_26:0)",909.65551,715.6598908,195.0034442,337.2737,453.4302
"PG(36:6) PG(18:3_18:3)",789.46781,595.4721908,195.0034442,335.2581,335.2581
"PG(36:7) PG(18:3_18:4)",787.45211,593.4564908,195.0034442,335.2581,333.2424
"PG(37:3) PG(18:3_19:0)",809.53041,615.5347908,195.0034442,335.2581,355.3207
"PG(38:3) PG(18:3_20:0)",823.54601,629.5503908,195.0034442,335.2581,369.3363
"PG(38:4) PG(18:3_20:1)",821.53041,627.5347908,195.0034442,335.2581,367.3207
"PG(38:5) PG(18:3_20:2)",819.51471,625.5190908,195.0034442,335.2581,365.305
"PG(38:6) PG(18:3_20:3)",817.49911,623.5034908,195.0034442,335.2581,363.2894
"PG(38:7) PG(18:3_20:4)",815.48341,621.4877908,195.0034442,335.2581,361.2737
"PG(38:8) PG(18:3_20:5)",813.46781,619.4721908,195.0034442,335.2581,359.2581
"PG(39:3) PG(18:3_21:0)",837.56171,643.5660908,195.0034442,335.2581,383.352
"PG(40:3) PG(18:3_22:0)",851.57731,657.5816908,195.0034442,335.2581,397.3676
"PG(40:4) PG(18:3_22:1)",849.56171,655.5660908,195.0034442,335.2581,395.352
"PG(40:5) PG(18:3_22:2)",847.54601,653.5503908,195.0034442,335.2581,393.3363
"PG(40:6) PG(18:3_22:3)",845.53041,651.5347908,195.0034442,335.2581,391.3207
"PG(40:7) PG(18:3_22:4)",843.51471,649.5190908,195.0034442,335.2581,389.305
"PG(40:8) PG(18:3_22:5)",841.49911,647.5034908,195.0034442,335.2581,387.2894
"PG(40:9) PG(18:3_22:6)",839.48341,645.4877908,195.0034442,335.2581,385.2737
"PG(41:3) PG(18:3_23:0)",865.59301,671.5973908,195.0034442,335.2581,411.3833
"PG(42:3) PG(18:3_24:0)",879.60861,685.6129908,195.0034442,335.2581,425.3989
"PG(42:4) PG(18:3_24:1)",877.59301,683.5973908,195.0034442,335.2581,423.3833
"PG(43:3) PG(18:3_25:0)",893.62431,699.6286908,195.0034442,335.2581,439.4146
"PG(44:3) PG(18:3_26:0)",907.63991,713.6442908,195.0034442,335.2581,453.4302
"PG(36:8) PG(18:4_18:4)",785.43641,591.4407908,195.0034442,333.2424,333.2424
"PG(37:4) PG(18:4_19:0)",807.51471,613.5190908,195.0034442,333.2424,355.3207
"PG(38:4) PG(18:4_20:0)",821.53031,627.5346908,195.0034442,333.2424,369.3363
"PG(38:5) PG(18:4_20:1)",819.51471,625.5190908,195.0034442,333.2424,367.3207
"PG(38:6) PG(18:4_20:2)",817.49901,623.5033908,195.0034442,333.2424,365.305
"PG(38:7) PG(18:4_20:3)",815.48341,621.4877908,195.0034442,333.2424,363.2894
"PG(38:8) PG(18:4_20:4)",813.46771,619.4720908,195.0034442,333.2424,361.2737
"PG(38:9) PG(18:4_20:5)",811.45211,617.4564908,195.0034442,333.2424,359.2581
"PG(39:4) PG(18:4_21:0)",835.54601,641.5503908,195.0034442,333.2424,383.352
"PG(40:4) PG(18:4_22:0)",849.56161,655.5659908,195.0034442,333.2424,397.3676
"PG(40:5) PG(18:4_22:1)",847.54601,653.5503908,195.0034442,333.2424,395.352
"PG(40:6) PG(18:4_22:2)",845.53031,651.5346908,195.0034442,333.2424,393.3363
"PG(40:7) PG(18:4_22:3)",843.51471,649.5190908,195.0034442,333.2424,391.3207
"PG(40:8) PG(18:4_22:4)",841.49901,647.5033908,195.0034442,333.2424,389.305
"PG(40:9) PG(18:4_22:5)",839.48341,645.4877908,195.0034442,333.2424,387.2894
"PG(40:10) PG(18:4_22:6)",837.46771,643.4720908,195.0034442,333.2424,385.2737
"PG(41:4) PG(18:4_23:0)",863.57731,669.5816908,195.0034442,333.2424,411.3833
"PG(42:4) PG(18:4_24:0)",877.59291,683.5972908,195.0034442,333.2424,425.3989
"PG(42:5) PG(18:4_24:1)",875.57731,681.5816908,195.0034442,333.2424,423.3833
"PG(43:4) PG(18:4_25:0)",891.60861,697.6129908,195.0034442,333.2424,439.4146
"PG(44:4) PG(18:4_26:0)",905.62421,711.6285908,195.0034442,333.2424,453.4302
"PG(38:0) PG(19:0_19:0)",829.59301,635.5973908,195.0034442,355.3207,355.3207
"PG(39:0) PG(19:0_20:0)",843.60861,649.6129908,195.0034442,355.3207,369.3363
"PG(39:1) PG(19:0_20:1)",841.59301,647.5973908,195.0034442,355.3207,367.3207
"PG(39:2) PG(19:0_20:2)",839.57731,645.5816908,195.0034442,355.3207,365.305
"PG(39:3) PG(19:0_20:3)",837.56171,643.5660908,195.0034442,355.3207,363.2894
"PG(39:4) PG(19:0_20:4)",835.54601,641.5503908,195.0034442,355.3207,361.2737
"PG(39:5) PG(19:0_20:5)",833.53041,639.5347908,195.0034442,355.3207,359.2581
"PG(40:0) PG(19:0_21:0)",857.62431,663.6286908,195.0034442,355.3207,383.352
"PG(41:0) PG(19:0_22:0)",871.63991,677.6442908,195.0034442,355.3207,397.3676
"PG(41:1) PG(19:0_22:1)",869.62431,675.6286908,195.0034442,355.3207,395.352
"PG(41:2) PG(19:0_22:2)",867.60861,673.6129908,195.0034442,355.3207,393.3363
"PG(41:3) PG(19:0_22:3)",865.59301,671.5973908,195.0034442,355.3207,391.3207
"PG(41:4) PG(19:0_22:4)",863.57731,669.5816908,195.0034442,355.3207,389.305
"PG(41:5) PG(19:0_22:5)",861.56171,667.5660908,195.0034442,355.3207,387.2894
"PG(41:6) PG(19:0_22:6)",859.54601,665.5503908,195.0034442,355.3207,385.2737
"PG(42:0) PG(19:0_23:0)",885.65561,691.6599908,195.0034442,355.3207,411.3833
"PG(43:0) PG(19:0_24:0)",899.67121,705.6755908,195.0034442,355.3207,425.3989
"PG(43:1) PG(19:0_24:1)",897.65561,703.6599908,195.0034442,355.3207,423.3833
"PG(44:0) PG(19:0_25:0)",913.68691,719.6912908,195.0034442,355.3207,439.4146
"PG(45:0) PG(19:0_26:0)",927.70251,733.7068908,195.0034442,355.3207,453.4302
"PG(40:0) PG(20:0_20:0)",857.62421,663.6285908,195.0034442,369.3363,369.3363
"PG(40:1) PG(20:0_20:1)",855.60861,661.6129908,195.0034442,369.3363,367.3207
"PG(40:2) PG(20:0_20:2)",853.59291,659.5972908,195.0034442,369.3363,365.305
"PG(40:3) PG(20:0_20:3)",851.57731,657.5816908,195.0034442,369.3363,363.2894
"PG(40:4) PG(20:0_20:4)",849.56161,655.5659908,195.0034442,369.3363,361.2737
"PG(40:5) PG(20:0_20:5)",847.54601,653.5503908,195.0034442,369.3363,359.2581
"PG(41:0) PG(20:0_21:0)",871.63991,677.6442908,195.0034442,369.3363,383.352
"PG(42:0) PG(20:0_22:0)",885.65551,691.6598908,195.0034442,369.3363,397.3676
"PG(42:1) PG(20:0_22:1)",883.63991,689.6442908,195.0034442,369.3363,395.352
"PG(42:2) PG(20:0_22:2)",881.62421,687.6285908,195.0034442,369.3363,393.3363
"PG(42:3) PG(20:0_22:3)",879.60861,685.6129908,195.0034442,369.3363,391.3207
"PG(42:4) PG(20:0_22:4)",877.59291,683.5972908,195.0034442,369.3363,389.305
"PG(42:5) PG(20:0_22:5)",875.57731,681.5816908,195.0034442,369.3363,387.2894
"PG(42:6) PG(20:0_22:6)",873.56161,679.5659908,195.0034442,369.3363,385.2737
"PG(43:0) PG(20:0_23:0)",899.67121,705.6755908,195.0034442,369.3363,411.3833
"PG(44:0) PG(20:0_24:0)",913.68681,719.6911908,195.0034442,369.3363,425.3989
"PG(44:1) PG(20:0_24:1)",911.67121,717.6755908,195.0034442,369.3363,423.3833
"PG(45:0) PG(20:0_25:0)",927.70251,733.7068908,195.0034442,369.3363,439.4146
"PG(46:0) PG(20:0_26:0)",941.71811,747.7224908,195.0034442,369.3363,453.4302
"PG(40:2) PG(20:1_20:1)",853.59301,659.5973908,195.0034442,367.3207,367.3207
"PG(40:3) PG(20:1_20:2)",851.57731,657.5816908,195.0034442,367.3207,365.305
"PG(40:4) PG(20:1_20:3)",849.56171,655.5660908,195.0034442,367.3207,363.2894
"PG(40:5) PG(20:1_20:4)",847.54601,653.5503908,195.0034442,367.3207,361.2737
"PG(40:6) PG(20:1_20:5)",845.53041,651.5347908,195.0034442,367.3207,359.2581
"PG(41:1) PG(20:1_21:0)",869.62431,675.6286908,195.0034442,367.3207,383.352
"PG(42:1) PG(20:1_22:0)",883.63991,689.6442908,195.0034442,367.3207,397.3676
"PG(42:2) PG(20:1_22:1)",881.62431,687.6286908,195.0034442,367.3207,395.352
"PG(42:3) PG(20:1_22:2)",879.60861,685.6129908,195.0034442,367.3207,393.3363
"PG(42:4) PG(20:1_22:3)",877.59301,683.5973908,195.0034442,367.3207,391.3207
"PG(42:5) PG(20:1_22:4)",875.57731,681.5816908,195.0034442,367.3207,389.305
"PG(42:6) PG(20:1_22:5)",873.56171,679.5660908,195.0034442,367.3207,387.2894
"PG(42:7) PG(20:1_22:6)",871.54601,677.5503908,195.0034442,367.3207,385.2737
"PG(43:1) PG(20:1_23:0)",897.65561,703.6599908,195.0034442,367.3207,411.3833
"PG(44:1) PG(20:1_24:0)",911.67121,717.6755908,195.0034442,367.3207,425.3989
"PG(44:2) PG(20:1_24:1)",909.65561,715.6599908,195.0034442,367.3207,423.3833
"PG(45:1) PG(20:1_25:0)",925.68691,731.6912908,195.0034442,367.3207,439.4146
"PG(46:1) PG(20:1_26:0)",939.70251,745.7068908,195.0034442,367.3207,453.4302
"PG(40:4) PG(20:2_20:2)",849.56161,655.5659908,195.0034442,365.305,365.305
"PG(40:5) PG(20:2_20:3)",847.54601,653.5503908,195.0034442,365.305,363.2894
"PG(40:6) PG(20:2_20:4)",845.53031,651.5346908,195.0034442,365.305,361.2737
"PG(40:7) PG(20:2_20:5)",843.51471,649.5190908,195.0034442,365.305,359.2581
"PG(41:2) PG(20:2_21:0)",867.60861,673.6129908,195.0034442,365.305,383.352
"PG(42:2) PG(20:2_22:0)",881.62421,687.6285908,195.0034442,365.305,397.3676
"PG(42:3) PG(20:2_22:1)",879.60861,685.6129908,195.0034442,365.305,395.352
"PG(42:4) PG(20:2_22:2)",877.59291,683.5972908,195.0034442,365.305,393.3363
"PG(42:5) PG(20:2_22:3)",875.57731,681.5816908,195.0034442,365.305,391.3207
"PG(42:6) PG(20:2_22:4)",873.56161,679.5659908,195.0034442,365.305,389.305
"PG(42:7) PG(20:2_22:5)",871.54601,677.5503908,195.0034442,365.305,387.2894
"PG(42:8) PG(20:2_22:6)",869.53031,675.5346908,195.0034442,365.305,385.2737
"PG(43:2) PG(20:2_23:0)",895.63991,701.6442908,195.0034442,365.305,411.3833
"PG(44:2) PG(20:2_24:0)",909.65551,715.6598908,195.0034442,365.305,425.3989
"PG(44:3) PG(20:2_24:1)",907.63991,713.6442908,195.0034442,365.305,423.3833
"PG(45:2) PG(20:2_25:0)",923.67121,729.6755908,195.0034442,365.305,439.4146
"PG(46:2) PG(20:2_26:0)",937.68681,743.6911908,195.0034442,365.305,453.4302
"PG(40:6) PG(20:3_20:3)",845.53041,651.5347908,195.0034442,363.2894,363.2894
"PG(40:7) PG(20:3_20:4)",843.51471,649.5190908,195.0034442,363.2894,361.2737
"PG(40:8) PG(20:3_20:5)",841.49911,647.5034908,195.0034442,363.2894,359.2581
"PG(41:3) PG(20:3_21:0)",865.59301,671.5973908,195.0034442,363.2894,383.352
"PG(42:3) PG(20:3_22:0)",879.60861,685.6129908,195.0034442,363.2894,397.3676
"PG(42:4) PG(20:3_22:1)",877.59301,683.5973908,195.0034442,363.2894,395.352
"PG(42:5) PG(20:3_22:2)",875.57731,681.5816908,195.0034442,363.2894,393.3363
"PG(42:6) PG(20:3_22:3)",873.56171,679.5660908,195.0034442,363.2894,391.3207
"PG(42:7) PG(20:3_22:4)",871.54601,677.5503908,195.0034442,363.2894,389.305
"PG(42:8) PG(20:3_22:5)",869.53041,675.5347908,195.0034442,363.2894,387.2894
"PG(42:9) PG(20:3_22:6)",867.51471,673.5190908,195.0034442,363.2894,385.2737
"PG(43:3) PG(20:3_23:0)",893.62431,699.6286908,195.0034442,363.2894,411.3833
"PG(44:3) PG(20:3_24:0)",907.63991,713.6442908,195.0034442,363.2894,425.3989
"PG(44:4) PG(20:3_24:1)",905.62431,711.6286908,195.0034442,363.2894,423.3833
"PG(45:3) PG(20:3_25:0)",921.65561,727.6599908,195.0034442,363.2894,439.4146
"PG(46:3) PG(20:3_26:0)",935.67121,741.6755908,195.0034442,363.2894,453.4302
"PG(40:8) PG(20:4_20:4)",841.49901,647.5033908,195.0034442,361.2737,361.2737
"PG(40:9) PG(20:4_20:5)",839.48341,645.4877908,195.0034442,361.2737,359.2581
"PG(41:4) PG(20:4_21:0)",863.57731,669.5816908,195.0034442,361.2737,383.352
"PG(42:4) PG(20:4_22:0)",877.59291,683.5972908,195.0034442,361.2737,397.3676
"PG(42:5) PG(20:4_22:1)",875.57731,681.5816908,195.0034442,361.2737,395.352
"PG(42:6) PG(20:4_22:2)",873.56161,679.5659908,195.0034442,361.2737,393.3363
"PG(42:7) PG(20:4_22:3)",871.54601,677.5503908,195.0034442,361.2737,391.3207
"PG(42:8) PG(20:4_22:4)",869.53031,675.5346908,195.0034442,361.2737,389.305
"PG(42:9) PG(20:4_22:5)",867.51471,673.5190908,195.0034442,361.2737,387.2894
"PG(42:10) PG(20:4_22:6)",865.49901,671.5033908,195.0034442,361.2737,385.2737
"PG(43:4) PG(20:4_23:0)",891.60861,697.6129908,195.0034442,361.2737,411.3833
"PG(44:4) PG(20:4_24:0)",905.62421,711.6285908,195.0034442,361.2737,425.3989
"PG(44:5) PG(20:4_24:1)",903.60861,709.6129908,195.0034442,361.2737,423.3833
"PG(45:4) PG(20:4_25:0)",919.63991,725.6442908,195.0034442,361.2737,439.4146
"PG(46:4) PG(20:4_26:0)",933.65551,739.6598908,195.0034442,361.2737,453.4302
"PG(40:10) PG(20:5_20:5)",837.46781,643.4721908,195.0034442,359.2581,359.2581
"PG(41:5) PG(20:5_21:0)",861.56171,667.5660908,195.0034442,359.2581,383.352
"PG(42:5) PG(20:5_22:0)",875.57731,681.5816908,195.0034442,359.2581,397.3676
"PG(42:6) PG(20:5_22:1)",873.56171,679.5660908,195.0034442,359.2581,395.352
"PG(42:7) PG(20:5_22:2)",871.54601,677.5503908,195.0034442,359.2581,393.3363
"PG(42:8) PG(20:5_22:3)",869.53041,675.5347908,195.0034442,359.2581,391.3207
"PG(42:9) PG(20:5_22:4)",867.51471,673.5190908,195.0034442,359.2581,389.305
"PG(42:10) PG(20:5_22:5)",865.49911,671.5034908,195.0034442,359.2581,387.2894
"PG(42:11) PG(20:5_22:6)",863.48341,669.4877908,195.0034442,359.2581,385.2737
"PG(43:5) PG(20:5_23:0)",889.59301,695.5973908,195.0034442,359.2581,411.3833
"PG(44:5) PG(20:5_24:0)",903.60861,709.6129908,195.0034442,359.2581,425.3989
"PG(44:6) PG(20:5_24:1)",901.59301,707.5973908,195.0034442,359.2581,423.3833
"PG(45:5) PG(20:5_25:0)",917.62431,723.6286908,195.0034442,359.2581,439.4146
"PG(46:5) PG(20:5_26:0)",931.63991,737.6442908,195.0034442,359.2581,453.4302
"PG(42:0) PG(21:0_21:0)",885.65561,691.6599908,195.0034442,383.352,383.352
"PG(43:0) PG(21:0_22:0)",899.67121,705.6755908,195.0034442,383.352,397.3676
"PG(43:1) PG(21:0_22:1)",897.65561,703.6599908,195.0034442,383.352,395.352
"PG(43:2) PG(21:0_22:2)",895.63991,701.6442908,195.0034442,383.352,393.3363
"PG(43:3) PG(21:0_22:3)",893.62431,699.6286908,195.0034442,383.352,391.3207
"PG(43:4) PG(21:0_22:4)",891.60861,697.6129908,195.0034442,383.352,389.305
"PG(43:5) PG(21:0_22:5)",889.59301,695.5973908,195.0034442,383.352,387.2894
"PG(43:6) PG(21:0_22:6)",887.57731,693.5816908,195.0034442,383.352,385.2737
"PG(44:0) PG(21:0_23:0)",913.68691,719.6912908,195.0034442,383.352,411.3833
"PG(45:0) PG(21:0_24:0)",927.70251,733.7068908,195.0034442,383.352,425.3989
"PG(45:1) PG(21:0_24:1)",925.68691,731.6912908,195.0034442,383.352,423.3833
"PG(46:0) PG(21:0_25:0)",941.71821,747.7225908,195.0034442,383.352,439.4146
"PG(47:0) PG(21:0_26:0)",955.73381,761.7381908,195.0034442,383.352,453.4302
"PG(44:0) PG(22:0_22:0)",913.68681,719.6911908,195.0034442,397.3676,397.3676
"PG(44:1) PG(22:0_22:1)",911.67121,717.6755908,195.0034442,397.3676,395.352
"PG(44:2) PG(22:0_22:2)",909.65551,715.6598908,195.0034442,397.3676,393.3363
"PG(44:3) PG(22:0_22:3)",907.63991,713.6442908,195.0034442,397.3676,391.3207
"PG(44:4) PG(22:0_22:4)",905.62421,711.6285908,195.0034442,397.3676,389.305
"PG(44:5) PG(22:0_22:5)",903.60861,709.6129908,195.0034442,397.3676,387.2894
"PG(44:6) PG(22:0_22:6)",901.59291,707.5972908,195.0034442,397.3676,385.2737
"PG(45:0) PG(22:0_23:0)",927.70251,733.7068908,195.0034442,397.3676,411.3833
"PG(46:0) PG(22:0_24:0)",941.71811,747.7224908,195.0034442,397.3676,425.3989
"PG(46:1) PG(22:0_24:1)",939.70251,745.7068908,195.0034442,397.3676,423.3833
"PG(47:0) PG(22:0_25:0)",955.73381,761.7381908,195.0034442,397.3676,439.4146
"PG(48:0) PG(22:0_26:0)",969.74941,775.7537908,195.0034442,397.3676,453.4302
"PG(44:2) PG(22:1_22:1)",909.65561,715.6599908,195.0034442,395.352,395.352
"PG(44:3) PG(22:1_22:2)",907.63991,713.6442908,195.0034442,395.352,393.3363
"PG(44:4) PG(22:1_22:3)",905.62431,711.6286908,195.0034442,395.352,391.3207
"PG(44:5) PG(22:1_22:4)",903.60861,709.6129908,195.0034442,395.352,389.305
"PG(44:6) PG(22:1_22:5)",901.59301,707.5973908,195.0034442,395.352,387.2894
"PG(44:7) PG(22:1_22:6)",899.57731,705.5816908,195.0034442,395.352,385.2737
"PG(45:1) PG(22:1_23:0)",925.68691,731.6912908,195.0034442,395.352,411.3833
"PG(46:1) PG(22:1_24:0)",939.70251,745.7068908,195.0034442,395.352,425.3989
"PG(46:2) PG(22:1_24:1)",937.68691,743.6912908,195.0034442,395.352,423.3833
"PG(47:1) PG(22:1_25:0)",953.71821,759.7225908,195.0034442,395.352,439.4146
"PG(48:1) PG(22:1_26:0)",967.73381,773.7381908,195.0034442,395.352,453.4302
"PG(44:4) PG(22:2_22:2)",905.62421,711.6285908,195.0034442,393.3363,393.3363
"PG(44:5) PG(22:2_22:3)",903.60861,709.6129908,195.0034442,393.3363,391.3207
"PG(44:6) PG(22:2_22:4)",901.59291,707.5972908,195.0034442,393.3363,389.305
"PG(44:7) PG(22:2_22:5)",899.57731,705.5816908,195.0034442,393.3363,387.2894
"PG(44:8) PG(22:2_22:6)",897.56161,703.5659908,195.0034442,393.3363,385.2737
"PG(45:2) PG(22:2_23:0)",923.67121,729.6755908,195.0034442,393.3363,411.3833
"PG(46:2) PG(22:2_24:0)",937.68681,743.6911908,195.0034442,393.3363,425.3989
"PG(46:3) PG(22:2_24:1)",935.67121,741.6755908,195.0034442,393.3363,423.3833
"PG(47:2) PG(22:2_25:0)",951.70251,757.7068908,195.0034442,393.3363,439.4146
"PG(48:2) PG(22:2_26:0)",965.71811,771.7224908,195.0034442,393.3363,453.4302
"PG(44:6) PG(22:3_22:3)",901.59301,707.5973908,195.0034442,391.3207,391.3207
"PG(44:7) PG(22:3_22:4)",899.57731,705.5816908,195.0034442,391.3207,389.305
"PG(44:8) PG(22:3_22:5)",897.56171,703.5660908,195.0034442,391.3207,387.2894
"PG(44:9) PG(22:3_22:6)",895.54601,701.5503908,195.0034442,391.3207,385.2737
"PG(45:3) PG(22:3_23:0)",921.65561,727.6599908,195.0034442,391.3207,411.3833
"PG(46:3) PG(22:3_24:0)",935.67121,741.6755908,195.0034442,391.3207,425.3989
"PG(46:4) PG(22:3_24:1)",933.65561,739.6599908,195.0034442,391.3207,423.3833
"PG(47:3) PG(22:3_25:0)",949.68691,755.6912908,195.0034442,391.3207,439.4146
"PG(48:3) PG(22:3_26:0)",963.70251,769.7068908,195.0034442,391.3207,453.4302
"PG(44:8) PG(22:4_22:4)",897.56161,703.5659908,195.0034442,389.305,389.305
"PG(44:9) PG(22:4_22:5)",895.54601,701.5503908,195.0034442,389.305,387.2894
"PG(44:10) PG(22:4_22:6)",893.53031,699.5346908,195.0034442,389.305,385.2737
"PG(45:4) PG(22:4_23:0)",919.63991,725.6442908,195.0034442,389.305,411.3833
"PG(46:4) PG(22:4_24:0)",933.65551,739.6598908,195.0034442,389.305,425.3989
"PG(46:5) PG(22:4_24:1)",931.63991,737.6442908,195.0034442,389.305,423.3833
"PG(47:4) PG(22:4_25:0)",947.67121,753.6755908,195.0034442,389.305,439.4146
"PG(48:4) PG(22:4_26:0)",961.68681,767.6911908,195.0034442,389.305,453.4302
"PG(44:10) PG(22:5_22:5)",893.53041,699.5347908,195.0034442,387.2894,387.2894
"PG(44:11) PG(22:5_22:6)",891.51471,697.5190908,195.0034442,387.2894,385.2737
"PG(45:5) PG(22:5_23:0)",917.62431,723.6286908,195.0034442,387.2894,411.3833
"PG(46:5) PG(22:5_24:0)",931.63991,737.6442908,195.0034442,387.2894,425.3989
"PG(46:6) PG(22:5_24:1)",929.62431,735.6286908,195.0034442,387.2894,423.3833
"PG(47:5) PG(22:5_25:0)",945.65561,751.6599908,195.0034442,387.2894,439.4146
"PG(48:5) PG(22:5_26:0)",959.67121,765.6755908,195.0034442,387.2894,453.4302
"PG(44:12) PG(22:6_22:6)",889.49901,695.5033908,195.0034442,385.2737,385.2737
"PG(45:6) PG(22:6_23:0)",915.60861,721.6129908,195.0034442,385.2737,411.3833
"PG(46:6) PG(22:6_24:0)",929.62421,735.6285908,195.0034442,385.2737,425.3989
"PG(46:7) PG(22:6_24:1)",927.60861,733.6129908,195.0034442,385.2737,423.3833
"PG(47:6) PG(22:6_25:0)",943.63991,749.6442908,195.0034442,385.2737,439.4146
"PG(48:6) PG(22:6_26:0)",957.65551,763.6598908,195.0034442,385.2737,453.4302
"PG(46:0) PG(23:0_23:0)",941.71821,747.7225908,195.0034442,411.3833,411.3833
"PG(47:0) PG(23:0_24:0)",955.73381,761.7381908,195.0034442,411.3833,425.3989
"PG(47:1) PG(23:0_24:1)",953.71821,759.7225908,195.0034442,411.3833,423.3833
"PG(48:0) PG(23:0_25:0)",969.74951,775.7538908,195.0034442,411.3833,439.4146
"PG(49:0) PG(23:0_26:0)",983.76511,789.7694908,195.0034442,411.3833,453.4302
"PG(48:0) PG(24:0_24:0)",969.74941,775.7537908,195.0034442,425.3989,425.3989
"PG(48:1) PG(24:0_24:1)",967.73381,773.7381908,195.0034442,425.3989,423.3833
"PG(49:0) PG(24:0_25:0)",983.76511,789.7694908,195.0034442,425.3989,439.4146
"PG(50:0) PG(24:0_26:0)",997.78071,803.7850908,195.0034442,425.3989,453.4302
"PG(48:2) PG(24:1_24:1)",965.71821,771.7225908,195.0034442,423.3833,423.3833
"PG(49:1) PG(24:1_25:0)",981.74951,787.7538908,195.0034442,423.3833,439.4146
"PG(50:1) PG(24:1_26:0)",995.76511,801.7694908,195.0034442,423.3833,453.4302
"PG(50:0) PG(25:0_25:0)",997.78081,803.7851908,195.0034442,439.4146,439.4146
"PG(51:0) PG(25:0_26:0)",1011.79641,817.8007908,195.0034442,439.4146,453.4302
"PG(52:0) PG(26:0_26:0)",1025.81201,831.8163908,195.0034442,453.4302,453.4302
"scores",0.3,0.3,0.3,0.05,0.05
