"PS","[M+Na]+","[M+Na-87]+","[M+Na-H3PO4]+","[M+Na-PS]+","[M+Na-C3H7NO6PNa]+","[M-87-acyl-sn1-RCOOH]+","[M-87-acyl-sn2-RCOOH]+","[Phosphoserine+Na]+"
"PS(16:0) PS(8:0_8:0)",534.2438249,447.2117949,436.2669249,251.2580049,327.2529549,303.0967649,303.0967649,207.99872
"PS(18:0) PS(8:0_10:0)",562.2751249,475.2430949,464.2982249,279.2893049,355.2842549,331.1280649,303.0967649,207.99872
"PS(20:0) PS(8:0_12:0)",590.3064249,503.2743949,492.3295249,307.3206049,383.3155549,359.1593649,303.0967649,207.99872
"PS(21:0) PS(8:0_13:0)",604.3221249,517.2900949,506.3452249,321.3363049,397.3312549,373.1750649,303.0967649,207.99872
"PS(22:0) PS(8:0_14:0)",618.3377249,531.3056949,520.3608249,335.3519049,411.3468549,387.1906649,303.0967649,207.99872
"PS(22:1) PS(8:0_14:1)",616.3221249,529.2900949,518.3452249,333.3363049,409.3312549,385.1750649,303.0967649,207.99872
"PS(23:0) PS(8:0_15:0)",632.3534249,545.3213949,534.3765249,349.3676049,425.3625549,401.2063649,303.0967649,207.99872
"PS(23:1) PS(8:0_15:1)",630.3377249,543.3056949,532.3608249,347.3519049,423.3468549,399.1906649,303.0967649,207.99872
"PS(24:0) PS(8:0_16:0)",646.3690249,559.3369949,548.3921249,363.3832049,439.3781549,415.2219649,303.0967649,207.99872
"PS(24:1) PS(8:0_16:1)",644.3534249,557.3213949,546.3765249,361.3676049,437.3625549,413.2063649,303.0967649,207.99872
"PS(25:0) PS(8:0_17:0)",660.3847249,573.3526949,562.4078249,377.3989049,453.3938549,429.2376649,303.0967649,207.99872
"PS(25:1) PS(8:0_17:1)",658.3690249,571.3369949,560.3921249,375.3832049,451.3781549,427.2219649,303.0967649,207.99872
"PS(25:2) PS(8:0_17:2)",656.3534249,569.3213949,558.3765249,373.3676049,449.3625549,425.2063649,303.0967649,207.99872
"PS(26:0) PS(8:0_18:0)",674.4003249,587.3682949,576.4234249,391.4145049,467.4094549,443.2532649,303.0967649,207.99872
"PS(26:1) PS(8:0_18:1)",672.3847249,585.3526949,574.4078249,389.3989049,465.3938549,441.2376649,303.0967649,207.99872
"PS(26:2) PS(8:0_18:2)",670.3690249,583.3369949,572.3921249,387.3832049,463.3781549,439.2219649,303.0967649,207.99872
"PS(26:3) PS(8:0_18:3)",668.3534249,581.3213949,570.3765249,385.3676049,461.3625549,437.2063649,303.0967649,207.99872
"PS(26:4) PS(8:0_18:4)",666.3377249,579.3056949,568.3608249,383.3519049,459.3468549,435.1906649,303.0967649,207.99872
"PS(27:0) PS(8:0_19:0)",688.4160249,601.3839949,590.4391249,405.4302049,481.4251549,457.2689649,303.0967649,207.99872
"PS(28:0) PS(8:0_20:0)",702.4316249,615.3995949,604.4547249,419.4458049,495.4407549,471.2845649,303.0967649,207.99872
"PS(28:1) PS(8:0_20:1)",700.4160249,613.3839949,602.4391249,417.4302049,493.42515,469.2689649,303.0967649,207.99872
"PS(28:2) PS(8:0_20:2)",698.4003249,611.3682949,600.4234249,415.4145049,491.40945,467.2532649,303.0967649,207.99872
"PS(28:3) PS(8:0_20:3)",696.3847249,609.3526949,598.4078249,413.3989049,489.39385,465.2376649,303.0967649,207.99872
"PS(28:4) PS(8:0_20:4)",694.3690249,607.3369949,596.3921249,411.3832049,487.37815,463.2219649,303.0967649,207.99872
"PS(28:5) PS(8:0_20:5)",692.3534249,605.3213949,594.3765249,409.3676049,485.36255,461.2063649,303.0967649,207.99872
"PS(29:0) PS(8:0_21:0)",716.4473249,629.4152949,618.4704249,433.4615049,509.45645,485.3002649,303.0967649,207.99872
"PS(30:0) PS(8:0_22:0)",730.4629249,643.4308949,632.4860249,447.4771049,523.47205,499.3158649,303.0967649,207.99872
"PS(30:1) PS(8:0_22:1)",728.4473249,641.4152949,630.4704249,445.4615049,521.45645,497.3002649,303.0967649,207.99872
"PS(30:2) PS(8:0_22:2)",726.4316249,639.3995949,628.4547249,443.4458049,519.4407549,495.2845649,303.0967649,207.99872
"PS(30:3) PS(8:0_22:3)",724.4160249,637.3839949,626.4391249,441.4302049,517.4251549,493.2689649,303.0967649,207.99872
"PS(30:4) PS(8:0_22:4)",722.4003249,635.3682949,624.4234249,439.4145049,515.4094549,491.2532649,303.0967649,207.99872
"PS(30:5) PS(8:0_22:5)",720.3847249,633.3526949,622.4078249,437.3989049,513.3938549,489.2376649,303.0967649,207.99872
"PS(30:6) PS(8:0_22:6)",718.3690249,631.3369949,620.3921249,435.3832049,511.3781549,487.2219649,303.0967649,207.99872
"PS(31:0) PS(8:0_23:0)",744.4786249,657.4465949,646.5017249,461.4928049,537.4877549,513.3315649,303.0967649,207.99872
"PS(32:0) PS(8:0_24:0)",758.4942249,671.4621949,660.5173249,475.5084049,551.5033549,527.3471649,303.0967649,207.99872
"PS(32:1) PS(8:0_24:1)",756.4786249,669.4465949,658.5017249,473.4928049,549.4877549,525.3315649,303.0967649,207.99872
"PS(33:0) PS(8:0_25:0)",772.5099249,685.4778949,674.5330249,489.5241049,565.5190549,541.3628649,303.0967649,207.99872
"PS(34:0) PS(8:0_26:0)",786.5255249,699.4934949,688.5486249,503.5397049,579.5346549,555.3784649,303.0967649,207.99872
"PS(20:0) PS(10:0_10:0)",590.3064249,503.2743949,492.3295249,307.3206049,383.3155549,331.1280649,331.1280649,207.99872
"PS(22:0) PS(10:0_12:0)",618.3377249,531.3056949,520.3608249,335.3519049,411.3468549,359.1593649,331.1280649,207.99872
"PS(23:0) PS(10:0_13:0)",632.3534249,545.3213949,534.3765249,349.3676049,425.3625549,373.1750649,331.1280649,207.99872
"PS(24:0) PS(10:0_14:0)",646.3690249,559.3369949,548.3921249,363.3832049,439.3781549,387.1906649,331.1280649,207.99872
"PS(24:1) PS(10:0_14:1)",644.3534249,557.3213949,546.3765249,361.3676049,437.3625549,385.1750649,331.1280649,207.99872
"PS(25:0) PS(10:0_15:0)",660.3847249,573.3526949,562.4078249,377.3989049,453.3938549,401.2063649,331.1280649,207.99872
"PS(25:1) PS(10:0_15:1)",658.3690249,571.3369949,560.3921249,375.3832049,451.3781549,399.1906649,331.1280649,207.99872
"PS(26:0) PS(10:0_16:0)",674.4003249,587.3682949,576.4234249,391.4145049,467.4094549,415.2219649,331.1280649,207.99872
"PS(26:1) PS(10:0_16:1)",672.3847249,585.3526949,574.4078249,389.3989049,465.3938549,413.2063649,331.1280649,207.99872
"PS(27:0) PS(10:0_17:0)",688.4160249,601.3839949,590.4391249,405.4302049,481.4251549,429.2376649,331.1280649,207.99872
"PS(27:1) PS(10:0_17:1)",686.4003249,599.3682949,588.4234249,403.4145049,479.4094549,427.2219649,331.1280649,207.99872
"PS(27:2) PS(10:0_17:2)",684.3847249,597.3526949,586.4078249,401.3989049,477.3938549,425.2063649,331.1280649,207.99872
"PS(28:0) PS(10:0_18:0)",702.4316249,615.3995949,604.4547249,419.4458049,495.4407549,443.2532649,331.1280649,207.99872
"PS(28:1) PS(10:0_18:1)",700.4160249,613.3839949,602.4391249,417.4302049,493.4251549,441.2376649,331.1280649,207.99872
"PS(28:2) PS(10:0_18:2)",698.4003249,611.3682949,600.4234249,415.4145049,491.4094549,439.2219649,331.1280649,207.99872
"PS(28:3) PS(10:0_18:3)",696.3847249,609.3526949,598.4078249,413.3989049,489.3938549,437.2063649,331.1280649,207.99872
"PS(28:4) PS(10:0_18:4)",694.3690249,607.3369949,596.3921249,411.3832049,487.3781549,435.1906649,331.1280649,207.99872
"PS(29:0) PS(10:0_19:0)",716.4473249,629.4152949,618.4704249,433.4615049,509.4564549,457.2689649,331.1280649,207.99872
"PS(30:0) PS(10:0_20:0)",730.4629249,643.4308949,632.4860249,447.4771049,523.4720549,471.2845649,331.1280649,207.99872
"PS(30:1) PS(10:0_20:1)",728.4473249,641.4152949,630.4704249,445.4615049,521.4564549,469.2689649,331.1280649,207.99872
"PS(30:2) PS(10:0_20:2)",726.4316249,639.3995949,628.4547249,443.4458049,519.4407549,467.2532649,331.1280649,207.99872
"PS(30:3) PS(10:0_20:3)",724.4160249,637.3839949,626.4391249,441.4302049,517.4251549,465.2376649,331.1280649,207.99872
"PS(30:4) PS(10:0_20:4)",722.4003249,635.3682949,624.4234249,439.4145049,515.4094549,463.2219649,331.1280649,207.99872
"PS(30:5) PS(10:0_20:5)",720.3847249,633.3526949,622.4078249,437.3989049,513.3938549,461.2063649,331.1280649,207.99872
"PS(31:0) PS(10:0_21:0)",744.4786249,657.4465949,646.5017249,461.4928049,537.4877549,485.3002649,331.1280649,207.99872
"PS(32:0) PS(10:0_22:0)",758.4942249,671.4621949,660.5173249,475.5084049,551.5033549,499.3158649,331.1280649,207.99872
"PS(32:1) PS(10:0_22:1)",756.4786249,669.4465949,658.5017249,473.4928049,549.4877549,497.3002649,331.1280649,207.99872
"PS(32:2) PS(10:0_22:2)",754.4629249,667.4308949,656.4860249,471.4771049,547.4720549,495.2845649,331.1280649,207.99872
"PS(32:3) PS(10:0_22:3)",752.4473249,665.4152949,654.4704249,469.4615049,545.4564549,493.2689649,331.1280649,207.99872
"PS(32:4) PS(10:0_22:4)",750.4316249,663.3995949,652.4547249,467.4458049,543.4407549,491.2532649,331.1280649,207.99872
"PS(32:5) PS(10:0_22:5)",748.4160249,661.3839949,650.4391249,465.4302049,541.4251549,489.2376649,331.1280649,207.99872
"PS(32:6) PS(10:0_22:6)",746.4003249,659.3682949,648.4234249,463.4145049,539.4094549,487.2219649,331.1280649,207.99872
"PS(33:0) PS(10:0_23:0)",772.5099249,685.4778949,674.5330249,489.5241049,565.5190549,513.3315649,331.1280649,207.99872
"PS(34:0) PS(10:0_24:0)",786.5255249,699.4934949,688.5486249,503.5397049,579.5346549,527.3471649,331.1280649,207.99872
"PS(34:1) PS(10:0_24:1)",784.5099249,697.4778949,686.5330249,501.5241049,577.5190549,525.3315649,331.1280649,207.99872
"PS(35:0) PS(10:0_25:0)",800.5412249,713.5091949,702.5643249,517.5554049,593.5503549,541.3628649,331.1280649,207.99872
"PS(36:0) PS(10:0_26:0)",814.5568249,727.5247949,716.5799249,531.5710049,607.5659549,555.3784649,331.1280649,207.99872
"PS(24:0) PS(12:0_12:0)",646.3690249,559.3369949,548.3921249,363.3832049,439.3781549,359.1593649,359.1593649,207.99872
"PS(25:0) PS(12:0_13:0)",660.3847249,573.3526949,562.4078249,377.3989049,453.3938549,373.1750649,359.1593649,207.99872
"PS(26:0) PS(12:0_14:0)",674.4003249,587.3682949,576.4234249,391.4145049,467.4094549,387.1906649,359.1593649,207.99872
"PS(26:1) PS(12:0_14:1)",672.3847249,585.3526949,574.4078249,389.3989049,465.3938549,385.1750649,359.1593649,207.99872
"PS(27:0) PS(12:0_15:0)",688.4160249,601.3839949,590.4391249,405.4302049,481.4251549,401.2063649,359.1593649,207.99872
"PS(27:1) PS(12:0_15:1)",686.4003249,599.3682949,588.4234249,403.4145049,479.4094549,399.1906649,359.1593649,207.99872
"PS(28:0) PS(12:0_16:0)",702.4316249,615.3995949,604.4547249,419.4458049,495.4407549,415.2219649,359.1593649,207.99872
"PS(28:1) PS(12:0_16:1)",700.4160249,613.3839949,602.4391249,417.4302049,493.4251549,413.2063649,359.1593649,207.99872
"PS(29:0) PS(12:0_17:0)",716.4473249,629.4152949,618.4704249,433.4615049,509.4564549,429.2376649,359.1593649,207.99872
"PS(29:1) PS(12:0_17:1)",714.4316249,627.3995949,616.4547249,431.4458049,507.4407549,427.2219649,359.1593649,207.99872
"PS(29:2) PS(12:0_17:2)",712.4160249,625.3839949,614.4391249,429.4302049,505.4251549,425.2063649,359.1593649,207.99872
"PS(30:0) PS(12:0_18:0)",730.4629249,643.4308949,632.4860249,447.4771049,523.4720549,443.2532649,359.1593649,207.99872
"PS(30:1) PS(12:0_18:1)",728.4473249,641.4152949,630.4704249,445.4615049,521.4564549,441.2376649,359.1593649,207.99872
"PS(30:2) PS(12:0_18:2)",726.4316249,639.3995949,628.4547249,443.4458049,519.4407549,439.2219649,359.1593649,207.99872
"PS(30:3) PS(12:0_18:3)",724.4160249,637.3839949,626.4391249,441.4302049,517.4251549,437.2063649,359.1593649,207.99872
"PS(30:4) PS(12:0_18:4)",722.4003249,635.3682949,624.4234249,439.4145049,515.4094549,435.1906649,359.1593649,207.99872
"PS(31:0) PS(12:0_19:0)",744.4786249,657.4465949,646.5017249,461.4928049,537.4877549,457.2689649,359.1593649,207.99872
"PS(32:0) PS(12:0_20:0)",758.4942249,671.4621949,660.5173249,475.5084049,551.5033549,471.2845649,359.1593649,207.99872
"PS(32:1) PS(12:0_20:1)",756.4786249,669.4465949,658.5017249,473.4928049,549.4877549,469.2689649,359.1593649,207.99872
"PS(32:2) PS(12:0_20:2)",754.4629249,667.4308949,656.4860249,471.4771049,547.4720549,467.2532649,359.1593649,207.99872
"PS(32:3) PS(12:0_20:3)",752.4473249,665.4152949,654.4704249,469.4615049,545.4564549,465.2376649,359.1593649,207.99872
"PS(32:4) PS(12:0_20:4)",750.4316249,663.3995949,652.4547249,467.4458049,543.4407549,463.2219649,359.1593649,207.99872
"PS(32:5) PS(12:0_20:5)",748.4160249,661.3839949,650.4391249,465.4302049,541.4251549,461.2063649,359.1593649,207.99872
"PS(33:0) PS(12:0_21:0)",772.5099249,685.4778949,674.5330249,489.5241049,565.5190549,485.3002649,359.1593649,207.99872
"PS(34:0) PS(12:0_22:0)",786.5255249,699.4934949,688.5486249,503.5397049,579.5346549,499.3158649,359.1593649,207.99872
"PS(34:1) PS(12:0_22:1)",784.5099249,697.4778949,686.5330249,501.5241049,577.5190549,497.3002649,359.1593649,207.99872
"PS(34:2) PS(12:0_22:2)",782.4942249,695.4621949,684.5173249,499.5084049,575.5033549,495.2845649,359.1593649,207.99872
"PS(34:3) PS(12:0_22:3)",780.4786249,693.4465949,682.5017249,497.4928049,573.4877549,493.2689649,359.1593649,207.99872
"PS(34:4) PS(12:0_22:4)",778.4629249,691.4308949,680.4860249,495.4771049,571.4720549,491.2532649,359.1593649,207.99872
"PS(34:5) PS(12:0_22:5)",776.4473249,689.4152949,678.4704249,493.4615049,569.4564549,489.2376649,359.1593649,207.99872
"PS(34:6) PS(12:0_22:6)",774.4316249,687.3995949,676.4547249,491.4458049,567.4407549,487.2219649,359.1593649,207.99872
"PS(35:0) PS(12:0_23:0)",800.5412249,713.5091949,702.5643249,517.5554049,593.5503549,513.3315649,359.1593649,207.99872
"PS(36:0) PS(12:0_24:0)",814.5568249,727.5247949,716.5799249,531.5710049,607.5659549,527.3471649,359.1593649,207.99872
"PS(36:1) PS(12:0_24:1)",812.5412249,725.5091949,714.5643249,529.5554049,605.5503549,525.3315649,359.1593649,207.99872
"PS(37:0) PS(12:0_25:0)",828.5725249,741.5404949,730.5956249,545.5867049,621.5816549,541.3628649,359.1593649,207.99872
"PS(38:0) PS(12:0_26:0)",842.5881249,755.5560949,744.6112249,559.6023049,635.5972549,555.3784649,359.1593649,207.99872
"PS(26:0) PS(13:0_13:0)",674.4004249,587.3683949,576.4235249,391.4146049,467.4095549,373.1750649,373.1750649,207.99872
"PS(27:0) PS(13:0_14:0)",688.4160249,601.3839949,590.4391249,405.4302049,481.4251549,387.1906649,373.1750649,207.99872
"PS(27:1) PS(13:0_14:1)",686.4004249,599.3683949,588.4235249,403.4146049,479.4095549,385.1750649,373.1750649,207.99872
"PS(28:0) PS(13:0_15:0)",702.4317249,615.3996949,604.4548249,419.4459049,495.4408549,401.2063649,373.1750649,207.99872
"PS(28:1) PS(13:0_15:1)",700.4160249,613.3839949,602.4391249,417.4302049,493.4251549,399.1906649,373.1750649,207.99872
"PS(29:0) PS(13:0_16:0)",716.4473249,629.4152949,618.4704249,433.4615049,509.4564549,415.2219649,373.1750649,207.99872
"PS(29:1) PS(13:0_16:1)",714.4317249,627.3996949,616.4548249,431.4459049,507.4408549,413.2063649,373.1750649,207.99872
"PS(30:0) PS(13:0_17:0)",730.4630249,643.4309949,632.4861249,447.4772049,523.4721549,429.2376649,373.1750649,207.99872
"PS(30:1) PS(13:0_17:1)",728.4473249,641.4152949,630.4704249,445.4615049,521.4564549,427.2219649,373.1750649,207.99872
"PS(30:2) PS(13:0_17:2)",726.4317249,639.3996949,628.4548249,443.4459049,519.4408549,425.2063649,373.1750649,207.99872
"PS(31:0) PS(13:0_18:0)",744.4786249,657.4465949,646.5017249,461.4928049,537.4877549,443.2532649,373.1750649,207.99872
"PS(31:1) PS(13:0_18:1)",742.4630249,655.4309949,644.4861249,459.4772049,535.4721549,441.2376649,373.1750649,207.99872
"PS(31:2) PS(13:0_18:2)",740.4473249,653.4152949,642.4704249,457.4615049,533.4564549,439.2219649,373.1750649,207.99872
"PS(31:3) PS(13:0_18:3)",738.4317249,651.3996949,640.4548249,455.4459049,531.4408549,437.2063649,373.1750649,207.99872
"PS(31:4) PS(13:0_18:4)",736.4160249,649.3839949,638.4391249,453.4302049,529.4251549,435.1906649,373.1750649,207.99872
"PS(32:0) PS(13:0_19:0)",758.4943249,671.4622949,660.5174249,475.5085049,551.5034549,457.2689649,373.1750649,207.99872
"PS(33:0) PS(13:0_20:0)",772.5099249,685.4778949,674.5330249,489.5241049,565.5190549,471.2845649,373.1750649,207.99872
"PS(33:1) PS(13:0_20:1)",770.4943249,683.4622949,672.5174249,487.5085049,563.5034549,469.2689649,373.1750649,207.99872
"PS(33:2) PS(13:0_20:2)",768.4786249,681.4465949,670.5017249,485.4928049,561.4877549,467.2532649,373.1750649,207.99872
"PS(33:3) PS(13:0_20:3)",766.4630249,679.4309949,668.4861249,483.4772049,559.4721549,465.2376649,373.1750649,207.99872
"PS(33:4) PS(13:0_20:4)",764.4473249,677.4152949,666.4704249,481.4615049,557.4564549,463.2219649,373.1750649,207.99872
"PS(33:5) PS(13:0_20:5)",762.4317249,675.3996949,664.4548249,479.4459049,555.4408549,461.2063649,373.1750649,207.99872
"PS(34:0) PS(13:0_21:0)",786.5256249,699.4935949,688.5487249,503.5398049,579.5347549,485.3002649,373.1750649,207.99872
"PS(35:0) PS(13:0_22:0)",800.5412249,713.5091949,702.5643249,517.5554049,593.5503549,499.3158649,373.1750649,207.99872
"PS(35:1) PS(13:0_22:1)",798.5256249,711.4935949,700.5487249,515.5398049,591.5347549,497.3002649,373.1750649,207.99872
"PS(35:2) PS(13:0_22:2)",796.5099249,709.4778949,698.5330249,513.5241049,589.5190549,495.2845649,373.1750649,207.99872
"PS(35:3) PS(13:0_22:3)",794.4943249,707.4622949,696.5174249,511.5085049,587.5034549,493.2689649,373.1750649,207.99872
"PS(35:4) PS(13:0_22:4)",792.4786249,705.4465949,694.5017249,509.4928049,585.4877549,491.2532649,373.1750649,207.99872
"PS(35:5) PS(13:0_22:5)",790.4630249,703.4309949,692.4861249,507.4772049,583.4721549,489.2376649,373.1750649,207.99872
"PS(35:6) PS(13:0_22:6)",788.4473249,701.4152949,690.4704249,505.4615049,581.4564549,487.2219649,373.1750649,207.99872
"PS(36:0) PS(13:0_23:0)",814.5569249,727.5248949,716.5800249,531.5711049,607.5660549,513.3315649,373.1750649,207.99872
"PS(37:0) PS(13:0_24:0)",828.5725249,741.5404949,730.5956249,545.5867049,621.5816549,527.3471649,373.1750649,207.99872
"PS(37:1) PS(13:0_24:1)",826.5569249,739.5248949,728.5800249,543.5711049,619.5660549,525.3315649,373.1750649,207.99872
"PS(38:0) PS(13:0_25:0)",842.5882249,755.5561949,744.6113249,559.6024049,635.5973549,541.3628649,373.1750649,207.99872
"PS(39:0) PS(13:0_26:0)",856.6038249,769.5717949,758.6269249,573.6180049,649.6129549,555.3784649,373.1750649,207.99872
"PS(28:0) PS(14:0_14:0)",702.4316249,615.3995949,604.4547249,419.4458049,495.4407549,387.1906649,387.1906649,207.99872
"PS(28:1) PS(14:0_14:1)",700.4160249,613.3839949,602.4391249,417.4302049,493.4251549,385.1750649,387.1906649,207.99872
"PS(29:0) PS(14:0_15:0)",716.4473249,629.4152949,618.4704249,433.4615049,509.4564549,401.2063649,387.1906649,207.99872
"PS(29:1) PS(14:0_15:1)",714.4316249,627.3995949,616.4547249,431.4458049,507.4407549,399.1906649,387.1906649,207.99872
"PS(30:0) PS(14:0_16:0)",730.4629249,643.4308949,632.4860249,447.4771049,523.4720549,415.2219649,387.1906649,207.99872
"PS(30:1) PS(14:0_16:1)",728.4473249,641.4152949,630.4704249,445.4615049,521.4564549,413.2063649,387.1906649,207.99872
"PS(31:0) PS(14:0_17:0)",744.4786249,657.4465949,646.5017249,461.4928049,537.4877549,429.2376649,387.1906649,207.99872
"PS(31:1) PS(14:0_17:1)",742.4629249,655.4308949,644.4860249,459.4771049,535.4720549,427.2219649,387.1906649,207.99872
"PS(31:2) PS(14:0_17:2)",740.4473249,653.4152949,642.4704249,457.4615049,533.4564549,425.2063649,387.1906649,207.99872
"PS(32:0) PS(14:0_18:0)",758.4942249,671.4621949,660.5173249,475.5084049,551.5033549,443.2532649,387.1906649,207.99872
"PS(32:1) PS(14:0_18:1)",756.4786249,669.4465949,658.5017249,473.4928049,549.4877549,441.2376649,387.1906649,207.99872
"PS(32:2) PS(14:0_18:2)",754.4629249,667.4308949,656.4860249,471.4771049,547.4720549,439.2219649,387.1906649,207.99872
"PS(32:3) PS(14:0_18:3)",752.4473249,665.4152949,654.4704249,469.4615049,545.4564549,437.2063649,387.1906649,207.99872
"PS(32:4) PS(14:0_18:4)",750.4316249,663.3995949,652.4547249,467.4458049,543.4407549,435.1906649,387.1906649,207.99872
"PS(33:0) PS(14:0_19:0)",772.5099249,685.4778949,674.5330249,489.5241049,565.5190549,457.2689649,387.1906649,207.99872
"PS(34:0) PS(14:0_20:0)",786.5255249,699.4934949,688.5486249,503.5397049,579.5346549,471.2845649,387.1906649,207.99872
"PS(34:1) PS(14:0_20:1)",784.5099249,697.4778949,686.5330249,501.5241049,577.5190549,469.2689649,387.1906649,207.99872
"PS(34:2) PS(14:0_20:2)",782.4942249,695.4621949,684.5173249,499.5084049,575.5033549,467.2532649,387.1906649,207.99872
"PS(34:3) PS(14:0_20:3)",780.4786249,693.4465949,682.5017249,497.4928049,573.4877549,465.2376649,387.1906649,207.99872
"PS(34:4) PS(14:0_20:4)",778.4629249,691.4308949,680.4860249,495.4771049,571.4720549,463.2219649,387.1906649,207.99872
"PS(34:5) PS(14:0_20:5)",776.4473249,689.4152949,678.4704249,493.4615049,569.4564549,461.2063649,387.1906649,207.99872
"PS(35:0) PS(14:0_21:0)",800.5412249,713.5091949,702.5643249,517.5554049,593.5503549,485.3002649,387.1906649,207.99872
"PS(36:0) PS(14:0_22:0)",814.5568249,727.5247949,716.5799249,531.5710049,607.5659549,499.3158649,387.1906649,207.99872
"PS(36:1) PS(14:0_22:1)",812.5412249,725.5091949,714.5643249,529.5554049,605.5503549,497.3002649,387.1906649,207.99872
"PS(36:2) PS(14:0_22:2)",810.5255249,723.4934949,712.5486249,527.5397049,603.5346549,495.2845649,387.1906649,207.99872
"PS(36:3) PS(14:0_22:3)",808.5099249,721.4778949,710.5330249,525.5241049,601.5190549,493.2689649,387.1906649,207.99872
"PS(36:4) PS(14:0_22:4)",806.4942249,719.4621949,708.5173249,523.5084049,599.5033549,491.2532649,387.1906649,207.99872
"PS(36:5) PS(14:0_22:5)",804.4786249,717.4465949,706.5017249,521.4928049,597.4877549,489.2376649,387.1906649,207.99872
"PS(36:6) PS(14:0_22:6)",802.4629249,715.4308949,704.4860249,519.4771049,595.4720549,487.2219649,387.1906649,207.99872
"PS(37:0) PS(14:0_23:0)",828.5725249,741.5404949,730.5956249,545.5867049,621.5816549,513.3315649,387.1906649,207.99872
"PS(38:0) PS(14:0_24:0)",842.5881249,755.5560949,744.6112249,559.6023049,635.5972549,527.3471649,387.1906649,207.99872
"PS(38:1) PS(14:0_24:1)",840.5725249,753.5404949,742.5956249,557.5867049,633.5816549,525.3315649,387.1906649,207.99872
"PS(39:0) PS(14:0_25:0)",856.6038249,769.5717949,758.6269249,573.6180049,649.6129549,541.3628649,387.1906649,207.99872
"PS(40:0) PS(14:0_26:0)",870.6194249,783.5873949,772.6425249,587.6336049,663.6285549,555.3784649,387.1906649,207.99872
"PS(28:2) PS(14:1_14:1)",698.4004249,611.3683949,600.4235249,415.4146049,491.4095549,385.1750649,385.1750649,207.99872
"PS(29:1) PS(14:1_15:0)",714.4317249,627.3996949,616.4548249,431.4459049,507.4408549,401.2063649,385.1750649,207.99872
"PS(29:2) PS(14:1_15:1)",712.4160249,625.3839949,614.4391249,429.4302049,505.4251549,399.1906649,385.1750649,207.99872
"PS(30:1) PS(14:1_16:0)",728.4473249,641.4152949,630.4704249,445.4615049,521.4564549,415.2219649,385.1750649,207.99872
"PS(30:2) PS(14:1_16:1)",726.4317249,639.3996949,628.4548249,443.4459049,519.4408549,413.2063649,385.1750649,207.99872
"PS(31:1) PS(14:1_17:0)",742.4630249,655.4309949,644.4861249,459.4772049,535.4721549,429.2376649,385.1750649,207.99872
"PS(31:2) PS(14:1_17:1)",740.4473249,653.4152949,642.4704249,457.4615049,533.4564549,427.2219649,385.1750649,207.99872
"PS(31:3) PS(14:1_17:2)",738.4317249,651.3996949,640.4548249,455.4459049,531.4408549,425.2063649,385.1750649,207.99872
"PS(32:1) PS(14:1_18:0)",756.4786249,669.4465949,658.5017249,473.4928049,549.4877549,443.2532649,385.1750649,207.99872
"PS(32:2) PS(14:1_18:1)",754.4630249,667.4309949,656.4861249,471.4772049,547.4721549,441.2376649,385.1750649,207.99872
"PS(32:3) PS(14:1_18:2)",752.4473249,665.4152949,654.4704249,469.4615049,545.4564549,439.2219649,385.1750649,207.99872
"PS(32:4) PS(14:1_18:3)",750.4317249,663.3996949,652.4548249,467.4459049,543.4408549,437.2063649,385.1750649,207.99872
"PS(32:5) PS(14:1_18:4)",748.4160249,661.3839949,650.4391249,465.4302049,541.4251549,435.1906649,385.1750649,207.99872
"PS(33:1) PS(14:1_19:0)",770.4943249,683.4622949,672.5174249,487.5085049,563.5034549,457.2689649,385.1750649,207.99872
"PS(34:1) PS(14:1_20:0)",784.5099249,697.4778949,686.5330249,501.5241049,577.5190549,471.2845649,385.1750649,207.99872
"PS(34:2) PS(14:1_20:1)",782.4943249,695.4622949,684.5174249,499.5085049,575.5034549,469.2689649,385.1750649,207.99872
"PS(34:3) PS(14:1_20:2)",780.4786249,693.4465949,682.5017249,497.4928049,573.4877549,467.2532649,385.1750649,207.99872
"PS(34:4) PS(14:1_20:3)",778.4630249,691.4309949,680.4861249,495.4772049,571.4721549,465.2376649,385.1750649,207.99872
"PS(34:5) PS(14:1_20:4)",776.4473249,689.4152949,678.4704249,493.4615049,569.4564549,463.2219649,385.1750649,207.99872
"PS(34:6) PS(14:1_20:5)",774.4317249,687.3996949,676.4548249,491.4459049,567.4408549,461.2063649,385.1750649,207.99872
"PS(35:1) PS(14:1_21:0)",798.5256249,711.4935949,700.5487249,515.5398049,591.5347549,485.3002649,385.1750649,207.99872
"PS(36:1) PS(14:1_22:0)",812.5412249,725.5091949,714.5643249,529.5554049,605.5503549,499.3158649,385.1750649,207.99872
"PS(36:2) PS(14:1_22:1)",810.5256249,723.4935949,712.5487249,527.5398049,603.5347549,497.3002649,385.1750649,207.99872
"PS(36:3) PS(14:1_22:2)",808.5099249,721.4778949,710.5330249,525.5241049,601.5190549,495.2845649,385.1750649,207.99872
"PS(36:4) PS(14:1_22:3)",806.4943249,719.4622949,708.5174249,523.5085049,599.5034549,493.2689649,385.1750649,207.99872
"PS(36:5) PS(14:1_22:4)",804.4786249,717.4465949,706.5017249,521.4928049,597.4877549,491.2532649,385.1750649,207.99872
"PS(36:6) PS(14:1_22:5)",802.4630249,715.4309949,704.4861249,519.4772049,595.4721549,489.2376649,385.1750649,207.99872
"PS(36:7) PS(14:1_22:6)",800.4473249,713.4152949,702.4704249,517.4615049,593.4564549,487.2219649,385.1750649,207.99872
"PS(37:1) PS(14:1_23:0)",826.5569249,739.5248949,728.5800249,543.5711049,619.5660549,513.3315649,385.1750649,207.99872
"PS(38:1) PS(14:1_24:0)",840.5725249,753.5404949,742.5956249,557.5867049,633.5816549,527.3471649,385.1750649,207.99872
"PS(38:2) PS(14:1_24:1)",838.5569249,751.5248949,740.5800249,555.5711049,631.5660549,525.3315649,385.1750649,207.99872
"PS(39:1) PS(14:1_25:0)",854.5882249,767.5561949,756.6113249,571.6024049,647.5973549,541.3628649,385.1750649,207.99872
"PS(40:1) PS(14:1_26:0)",868.6038249,781.5717949,770.6269249,585.6180049,661.6129549,555.3784649,385.1750649,207.99872
"PS(30:0) PS(15:0_15:0)",730.4630249,643.4309949,632.4861249,447.4772049,523.4721549,401.2063649,401.2063649,207.99872
"PS(30:1) PS(15:0_15:1)",728.4473249,641.4152949,630.4704249,445.4615049,521.4564549,399.1906649,401.2063649,207.99872
"PS(31:0) PS(15:0_16:0)",744.4786249,657.4465949,646.5017249,461.4928049,537.4877549,415.2219649,401.2063649,207.99872
"PS(31:1) PS(15:0_16:1)",742.4630249,655.4309949,644.4861249,459.4772049,535.4721549,413.2063649,401.2063649,207.99872
"PS(32:0) PS(15:0_17:0)",758.4943249,671.4622949,660.5174249,475.5085049,551.5034549,429.2376649,401.2063649,207.99872
"PS(32:1) PS(15:0_17:1)",756.4786249,669.4465949,658.5017249,473.4928049,549.4877549,427.2219649,401.2063649,207.99872
"PS(32:2) PS(15:0_17:2)",754.4630249,667.4309949,656.4861249,471.4772049,547.4721549,425.2063649,401.2063649,207.99872
"PS(33:0) PS(15:0_18:0)",772.5099249,685.4778949,674.5330249,489.5241049,565.5190549,443.2532649,401.2063649,207.99872
"PS(33:1) PS(15:0_18:1)",770.4943249,683.4622949,672.5174249,487.5085049,563.5034549,441.2376649,401.2063649,207.99872
"PS(33:2) PS(15:0_18:2)",768.4786249,681.4465949,670.5017249,485.4928049,561.4877549,439.2219649,401.2063649,207.99872
"PS(33:3) PS(15:0_18:3)",766.4630249,679.4309949,668.4861249,483.4772049,559.4721549,437.2063649,401.2063649,207.99872
"PS(33:4) PS(15:0_18:4)",764.4473249,677.4152949,666.4704249,481.4615049,557.4564549,435.1906649,401.2063649,207.99872
"PS(34:0) PS(15:0_19:0)",786.5256249,699.4935949,688.5487249,503.5398049,579.5347549,457.2689649,401.2063649,207.99872
"PS(35:0) PS(15:0_20:0)",800.5412249,713.5091949,702.5643249,517.5554049,593.5503549,471.2845649,401.2063649,207.99872
"PS(35:1) PS(15:0_20:1)",798.5256249,711.4935949,700.5487249,515.5398049,591.5347549,469.2689649,401.2063649,207.99872
"PS(35:2) PS(15:0_20:2)",796.5099249,709.4778949,698.5330249,513.5241049,589.5190549,467.2532649,401.2063649,207.99872
"PS(35:3) PS(15:0_20:3)",794.4943249,707.4622949,696.5174249,511.5085049,587.5034549,465.2376649,401.2063649,207.99872
"PS(35:4) PS(15:0_20:4)",792.4786249,705.4465949,694.5017249,509.4928049,585.4877549,463.2219649,401.2063649,207.99872
"PS(35:5) PS(15:0_20:5)",790.4630249,703.4309949,692.4861249,507.4772049,583.4721549,461.2063649,401.2063649,207.99872
"PS(36:0) PS(15:0_21:0)",814.5569249,727.5248949,716.5800249,531.5711049,607.5660549,485.3002649,401.2063649,207.99872
"PS(37:0) PS(15:0_22:0)",828.5725249,741.5404949,730.5956249,545.5867049,621.5816549,499.3158649,401.2063649,207.99872
"PS(37:1) PS(15:0_22:1)",826.5569249,739.5248949,728.5800249,543.5711049,619.5660549,497.3002649,401.2063649,207.99872
"PS(37:2) PS(15:0_22:2)",824.5412249,737.5091949,726.5643249,541.5554049,617.5503549,495.2845649,401.2063649,207.99872
"PS(37:3) PS(15:0_22:3)",822.5256249,735.4935949,724.5487249,539.5398049,615.5347549,493.2689649,401.2063649,207.99872
"PS(37:4) PS(15:0_22:4)",820.5099249,733.4778949,722.5330249,537.5241049,613.5190549,491.2532649,401.2063649,207.99872
"PS(37:5) PS(15:0_22:5)",818.4943249,731.4622949,720.5174249,535.5085049,611.5034549,489.2376649,401.2063649,207.99872
"PS(37:6) PS(15:0_22:6)",816.4786249,729.4465949,718.5017249,533.4928049,609.4877549,487.2219649,401.2063649,207.99872
"PS(38:0) PS(15:0_23:0)",842.5882249,755.5561949,744.6113249,559.6024049,635.5973549,513.3315649,401.2063649,207.99872
"PS(39:0) PS(15:0_24:0)",856.6038249,769.5717949,758.6269249,573.6180049,649.6129549,527.3471649,401.2063649,207.99872
"PS(39:1) PS(15:0_24:1)",854.5882249,767.5561949,756.6113249,571.6024049,647.5973549,525.3315649,401.2063649,207.99872
"PS(40:0) PS(15:0_25:0)",870.6195249,783.5874949,772.6426249,587.6337049,663.6286549,541.3628649,401.2063649,207.99872
"PS(41:0) PS(15:0_26:0)",884.6351249,797.6030949,786.6582249,601.6493049,677.6442549,555.3784649,401.2063649,207.99872
"PS(30:2) PS(15:1_15:1)",726.4316249,639.3995949,628.4547249,443.4458049,519.4407549,399.1906649,399.1906649,207.99872
"PS(31:1) PS(15:1_16:0)",742.4629249,655.4308949,644.4860249,459.4771049,535.4720549,415.2219649,399.1906649,207.99872
"PS(31:2) PS(15:1_16:1)",740.4473249,653.4152949,642.4704249,457.4615049,533.4564549,413.2063649,399.1906649,207.99872
"PS(32:1) PS(15:1_17:0)",756.4786249,669.4465949,658.5017249,473.4928049,549.4877549,429.2376649,399.1906649,207.99872
"PS(32:2) PS(15:1_17:1)",754.4629249,667.4308949,656.4860249,471.4771049,547.4720549,427.2219649,399.1906649,207.99872
"PS(32:3) PS(15:1_17:2)",752.4473249,665.4152949,654.4704249,469.4615049,545.4564549,425.2063649,399.1906649,207.99872
"PS(33:1) PS(15:1_18:0)",770.4942249,683.4621949,672.5173249,487.5084049,563.5033549,443.2532649,399.1906649,207.99872
"PS(33:2) PS(15:1_18:1)",768.4786249,681.4465949,670.5017249,485.4928049,561.4877549,441.2376649,399.1906649,207.99872
"PS(33:3) PS(15:1_18:2)",766.4629249,679.4308949,668.4860249,483.4771049,559.4720549,439.2219649,399.1906649,207.99872
"PS(33:4) PS(15:1_18:3)",764.4473249,677.4152949,666.4704249,481.4615049,557.4564549,437.2063649,399.1906649,207.99872
"PS(33:5) PS(15:1_18:4)",762.4316249,675.3995949,664.4547249,479.4458049,555.4407549,435.1906649,399.1906649,207.99872
"PS(34:1) PS(15:1_19:0)",784.5099249,697.4778949,686.5330249,501.5241049,577.5190549,457.2689649,399.1906649,207.99872
"PS(35:1) PS(15:1_20:0)",798.5255249,711.4934949,700.5486249,515.5397049,591.5346549,471.2845649,399.1906649,207.99872
"PS(35:2) PS(15:1_20:1)",796.5099249,709.4778949,698.5330249,513.5241049,589.5190549,469.2689649,399.1906649,207.99872
"PS(35:3) PS(15:1_20:2)",794.4942249,707.4621949,696.5173249,511.5084049,587.5033549,467.2532649,399.1906649,207.99872
"PS(35:4) PS(15:1_20:3)",792.4786249,705.4465949,694.5017249,509.4928049,585.4877549,465.2376649,399.1906649,207.99872
"PS(35:5) PS(15:1_20:4)",790.4629249,703.4308949,692.4860249,507.4771049,583.4720549,463.2219649,399.1906649,207.99872
"PS(35:6) PS(15:1_20:5)",788.4473249,701.4152949,690.4704249,505.4615049,581.4564549,461.2063649,399.1906649,207.99872
"PS(36:1) PS(15:1_21:0)",812.5412249,725.5091949,714.5643249,529.5554049,605.5503549,485.3002649,399.1906649,207.99872
"PS(37:1) PS(15:1_22:0)",826.5568249,739.5247949,728.5799249,543.5710049,619.5659549,499.3158649,399.1906649,207.99872
"PS(37:2) PS(15:1_22:1)",824.5412249,737.5091949,726.5643249,541.5554049,617.5503549,497.3002649,399.1906649,207.99872
"PS(37:3) PS(15:1_22:2)",822.5255249,735.4934949,724.5486249,539.5397049,615.5346549,495.2845649,399.1906649,207.99872
"PS(37:4) PS(15:1_22:3)",820.5099249,733.4778949,722.5330249,537.5241049,613.5190549,493.2689649,399.1906649,207.99872
"PS(37:5) PS(15:1_22:4)",818.4942249,731.4621949,720.5173249,535.5084049,611.5033549,491.2532649,399.1906649,207.99872
"PS(37:6) PS(15:1_22:5)",816.4786249,729.4465949,718.5017249,533.4928049,609.4877549,489.2376649,399.1906649,207.99872
"PS(37:7) PS(15:1_22:6)",814.4629249,727.4308949,716.4860249,531.4771049,607.4720549,487.2219649,399.1906649,207.99872
"PS(38:1) PS(15:1_23:0)",840.5725249,753.5404949,742.5956249,557.5867049,633.5816549,513.3315649,399.1906649,207.99872
"PS(39:1) PS(15:1_24:0)",854.5881249,767.5560949,756.6112249,571.6023049,647.5972549,527.3471649,399.1906649,207.99872
"PS(39:2) PS(15:1_24:1)",852.5725249,765.5404949,754.5956249,569.5867049,645.5816549,525.3315649,399.1906649,207.99872
"PS(40:1) PS(15:1_25:0)",868.6038249,781.5717949,770.6269249,585.6180049,661.6129549,541.3628649,399.1906649,207.99872
"PS(41:1) PS(15:1_26:0)",882.6194249,795.5873949,784.6425249,599.6336049,675.6285549,555.3784649,399.1906649,207.99872
"PS(32:0) PS(16:0_16:0)",758.4942249,671.4621949,660.5173249,475.5084049,551.5033549,415.2219649,415.2219649,207.99872
"PS(32:1) PS(16:0_16:1)",756.4786249,669.4465949,658.5017249,473.4928049,549.4877549,413.2063649,415.2219649,207.99872
"PS(33:0) PS(16:0_17:0)",772.5099249,685.4778949,674.5330249,489.5241049,565.5190549,429.2376649,415.2219649,207.99872
"PS(33:1) PS(16:0_17:1)",770.4942249,683.4621949,672.5173249,487.5084049,563.5033549,427.2219649,415.2219649,207.99872
"PS(33:2) PS(16:0_17:2)",768.4786249,681.4465949,670.5017249,485.4928049,561.4877549,425.2063649,415.2219649,207.99872
"PS(34:0) PS(16:0_18:0)",786.5255249,699.4934949,688.5486249,503.5397049,579.5346549,443.2532649,415.2219649,207.99872
"PS(34:1) PS(16:0_18:1)",784.5099249,697.4778949,686.5330249,501.5241049,577.5190549,441.2376649,415.2219649,207.99872
"PS(34:2) PS(16:0_18:2)",782.4942249,695.4621949,684.5173249,499.5084049,575.5033549,439.2219649,415.2219649,207.99872
"PS(34:3) PS(16:0_18:3)",780.4786249,693.4465949,682.5017249,497.4928049,573.4877549,437.2063649,415.2219649,207.99872
"PS(34:4) PS(16:0_18:4)",778.4629249,691.4308949,680.4860249,495.4771049,571.4720549,435.1906649,415.2219649,207.99872
"PS(35:0) PS(16:0_19:0)",800.5412249,713.5091949,702.5643249,517.5554049,593.5503549,457.2689649,415.2219649,207.99872
"PS(36:0) PS(16:0_20:0)",814.5568249,727.5247949,716.5799249,531.5710049,607.5659549,471.2845649,415.2219649,207.99872
"PS(36:1) PS(16:0_20:1)",812.5412249,725.5091949,714.5643249,529.5554049,605.5503549,469.2689649,415.2219649,207.99872
"PS(36:2) PS(16:0_20:2)",810.5255249,723.4934949,712.5486249,527.5397049,603.5346549,467.2532649,415.2219649,207.99872
"PS(36:3) PS(16:0_20:3)",808.5099249,721.4778949,710.5330249,525.5241049,601.5190549,465.2376649,415.2219649,207.99872
"PS(36:4) PS(16:0_20:4)",806.4942249,719.4621949,708.5173249,523.5084049,599.5033549,463.2219649,415.2219649,207.99872
"PS(36:5) PS(16:0_20:5)",804.4786249,717.4465949,706.5017249,521.4928049,597.4877549,461.2063649,415.2219649,207.99872
"PS(37:0) PS(16:0_21:0)",828.5725249,741.5404949,730.5956249,545.5867049,621.5816549,485.3002649,415.2219649,207.99872
"PS(38:0) PS(16:0_22:0)",842.5881249,755.5560949,744.6112249,559.6023049,635.5972549,499.3158649,415.2219649,207.99872
"PS(38:1) PS(16:0_22:1)",840.5725249,753.5404949,742.5956249,557.5867049,633.5816549,497.3002649,415.2219649,207.99872
"PS(38:2) PS(16:0_22:2)",838.5568249,751.5247949,740.5799249,555.5710049,631.5659549,495.2845649,415.2219649,207.99872
"PS(38:3) PS(16:0_22:3)",836.5412249,749.5091949,738.5643249,553.5554049,629.5503549,493.2689649,415.2219649,207.99872
"PS(38:4) PS(16:0_22:4)",834.5255249,747.4934949,736.5486249,551.5397049,627.5346549,491.2532649,415.2219649,207.99872
"PS(38:5) PS(16:0_22:5)",832.5099249,745.4778949,734.5330249,549.5241049,625.5190549,489.2376649,415.2219649,207.99872
"PS(38:6) PS(16:0_22:6)",830.4942249,743.4621949,732.5173249,547.5084049,623.5033549,487.2219649,415.2219649,207.99872
"PS(39:0) PS(16:0_23:0)",856.6038249,769.5717949,758.6269249,573.6180049,649.6129549,513.3315649,415.2219649,207.99872
"PS(40:0) PS(16:0_24:0)",870.6194249,783.5873949,772.6425249,587.6336049,663.6285549,527.3471649,415.2219649,207.99872
"PS(40:1) PS(16:0_24:1)",868.6038249,781.5717949,770.6269249,585.6180049,661.6129549,525.3315649,415.2219649,207.99872
"PS(41:0) PS(16:0_25:0)",884.6351249,797.6030949,786.6582249,601.6493049,677.6442549,541.3628649,415.2219649,207.99872
"PS(42:0) PS(16:0_26:0)",898.6507249,811.6186949,800.6738249,615.6649049,691.6598549,555.3784649,415.2219649,207.99872
"PS(32:2) PS(16:1_16:1)",754.4630249,667.4309949,656.4861249,471.4772049,547.4721549,413.2063649,413.2063649,207.99872
"PS(33:1) PS(16:1_17:0)",770.4943249,683.4622949,672.5174249,487.5085049,563.5034549,429.2376649,413.2063649,207.99872
"PS(33:2) PS(16:1_17:1)",768.4786249,681.4465949,670.5017249,485.4928049,561.4877549,427.2219649,413.2063649,207.99872
"PS(33:3) PS(16:1_17:2)",766.4630249,679.4309949,668.4861249,483.4772049,559.4721549,425.2063649,413.2063649,207.99872
"PS(34:1) PS(16:1_18:0)",784.5099249,697.4778949,686.5330249,501.5241049,577.5190549,443.2532649,413.2063649,207.99872
"PS(34:2) PS(16:1_18:1)",782.4943249,695.4622949,684.5174249,499.5085049,575.5034549,441.2376649,413.2063649,207.99872
"PS(34:3) PS(16:1_18:2)",780.4786249,693.4465949,682.5017249,497.4928049,573.4877549,439.2219649,413.2063649,207.99872
"PS(34:4) PS(16:1_18:3)",778.4630249,691.4309949,680.4861249,495.4772049,571.4721549,437.2063649,413.2063649,207.99872
"PS(34:5) PS(16:1_18:4)",776.4473249,689.4152949,678.4704249,493.4615049,569.4564549,435.1906649,413.2063649,207.99872
"PS(35:1) PS(16:1_19:0)",798.5256249,711.4935949,700.5487249,515.5398049,591.5347549,457.2689649,413.2063649,207.99872
"PS(36:1) PS(16:1_20:0)",812.5412249,725.5091949,714.5643249,529.5554049,605.5503549,471.2845649,413.2063649,207.99872
"PS(36:2) PS(16:1_20:1)",810.5256249,723.4935949,712.5487249,527.5398049,603.5347549,469.2689649,413.2063649,207.99872
"PS(36:3) PS(16:1_20:2)",808.5099249,721.4778949,710.5330249,525.5241049,601.5190549,467.2532649,413.2063649,207.99872
"PS(36:4) PS(16:1_20:3)",806.4943249,719.4622949,708.5174249,523.5085049,599.5034549,465.2376649,413.2063649,207.99872
"PS(36:5) PS(16:1_20:4)",804.4786249,717.4465949,706.5017249,521.4928049,597.4877549,463.2219649,413.2063649,207.99872
"PS(36:6) PS(16:1_20:5)",802.4630249,715.4309949,704.4861249,519.4772049,595.4721549,461.2063649,413.2063649,207.99872
"PS(37:1) PS(16:1_21:0)",826.5569249,739.5248949,728.5800249,543.5711049,619.5660549,485.3002649,413.2063649,207.99872
"PS(38:1) PS(16:1_22:0)",840.5725249,753.5404949,742.5956249,557.5867049,633.5816549,499.3158649,413.2063649,207.99872
"PS(38:2) PS(16:1_22:1)",838.5569249,751.5248949,740.5800249,555.5711049,631.5660549,497.3002649,413.2063649,207.99872
"PS(38:3) PS(16:1_22:2)",836.5412249,749.5091949,738.5643249,553.5554049,629.5503549,495.2845649,413.2063649,207.99872
"PS(38:4) PS(16:1_22:3)",834.5256249,747.4935949,736.5487249,551.5398049,627.5347549,493.2689649,413.2063649,207.99872
"PS(38:5) PS(16:1_22:4)",832.5099249,745.4778949,734.5330249,549.5241049,625.5190549,491.2532649,413.2063649,207.99872
"PS(38:6) PS(16:1_22:5)",830.4943249,743.4622949,732.5174249,547.5085049,623.5034549,489.2376649,413.2063649,207.99872
"PS(38:7) PS(16:1_22:6)",828.4786249,741.4465949,730.5017249,545.4928049,621.4877549,487.2219649,413.2063649,207.99872
"PS(39:1) PS(16:1_23:0)",854.5882249,767.5561949,756.6113249,571.6024049,647.5973549,513.3315649,413.2063649,207.99872
"PS(40:1) PS(16:1_24:0)",868.6038249,781.5717949,770.6269249,585.6180049,661.6129549,527.3471649,413.2063649,207.99872
"PS(40:2) PS(16:1_24:1)",866.5882249,779.5561949,768.6113249,583.6024049,659.5973549,525.3315649,413.2063649,207.99872
"PS(41:1) PS(16:1_25:0)",882.6195249,795.5874949,784.6426249,599.6337049,675.6286549,541.3628649,413.2063649,207.99872
"PS(42:1) PS(16:1_26:0)",896.6351249,809.6030949,798.6582249,613.6493049,689.6442549,555.3784649,413.2063649,207.99872
"PS(34:0) PS(17:0_17:0)",786.5256249,699.4935949,688.5487249,503.5398049,579.5347549,429.2376649,429.2376649,207.99872
"PS(34:1) PS(17:0_17:1)",784.5099249,697.4778949,686.5330249,501.5241049,577.5190549,427.2219649,429.2376649,207.99872
"PS(34:2) PS(17:0_17:2)",782.4943249,695.4622949,684.5174249,499.5085049,575.5034549,425.2063649,429.2376649,207.99872
"PS(35:0) PS(17:0_18:0)",800.5412249,713.5091949,702.5643249,517.5554049,593.5503549,443.2532649,429.2376649,207.99872
"PS(35:1) PS(17:0_18:1)",798.5256249,711.4935949,700.5487249,515.5398049,591.5347549,441.2376649,429.2376649,207.99872
"PS(35:2) PS(17:0_18:2)",796.5099249,709.4778949,698.5330249,513.5241049,589.5190549,439.2219649,429.2376649,207.99872
"PS(35:3) PS(17:0_18:3)",794.4943249,707.4622949,696.5174249,511.5085049,587.5034549,437.2063649,429.2376649,207.99872
"PS(35:4) PS(17:0_18:4)",792.4786249,705.4465949,694.5017249,509.4928049,585.4877549,435.1906649,429.2376649,207.99872
"PS(36:0) PS(17:0_19:0)",814.5569249,727.5248949,716.5800249,531.5711049,607.5660549,457.2689649,429.2376649,207.99872
"PS(37:0) PS(17:0_20:0)",828.5725249,741.5404949,730.5956249,545.5867049,621.5816549,471.2845649,429.2376649,207.99872
"PS(37:1) PS(17:0_20:1)",826.5569249,739.5248949,728.5800249,543.5711049,619.5660549,469.2689649,429.2376649,207.99872
"PS(37:2) PS(17:0_20:2)",824.5412249,737.5091949,726.5643249,541.5554049,617.5503549,467.2532649,429.2376649,207.99872
"PS(37:3) PS(17:0_20:3)",822.5256249,735.4935949,724.5487249,539.5398049,615.5347549,465.2376649,429.2376649,207.99872
"PS(37:4) PS(17:0_20:4)",820.5099249,733.4778949,722.5330249,537.5241049,613.5190549,463.2219649,429.2376649,207.99872
"PS(37:5) PS(17:0_20:5)",818.4943249,731.4622949,720.5174249,535.5085049,611.5034549,461.2063649,429.2376649,207.99872
"PS(38:0) PS(17:0_21:0)",842.5882249,755.5561949,744.6113249,559.6024049,635.5973549,485.3002649,429.2376649,207.99872
"PS(39:0) PS(17:0_22:0)",856.6038249,769.5717949,758.6269249,573.6180049,649.6129549,499.3158649,429.2376649,207.99872
"PS(39:1) PS(17:0_22:1)",854.5882249,767.5561949,756.6113249,571.6024049,647.5973549,497.3002649,429.2376649,207.99872
"PS(39:2) PS(17:0_22:2)",852.5725249,765.5404949,754.5956249,569.5867049,645.5816549,495.2845649,429.2376649,207.99872
"PS(39:3) PS(17:0_22:3)",850.5569249,763.5248949,752.5800249,567.5711049,643.5660549,493.2689649,429.2376649,207.99872
"PS(39:4) PS(17:0_22:4)",848.5412249,761.5091949,750.5643249,565.5554049,641.5503549,491.2532649,429.2376649,207.99872
"PS(39:5) PS(17:0_22:5)",846.5256249,759.4935949,748.5487249,563.5398049,639.5347549,489.2376649,429.2376649,207.99872
"PS(39:6) PS(17:0_22:6)",844.5099249,757.4778949,746.5330249,561.5241049,637.5190549,487.2219649,429.2376649,207.99872
"PS(40:0) PS(17:0_23:0)",870.6195249,783.5874949,772.6426249,587.6337049,663.6286549,513.3315649,429.2376649,207.99872
"PS(41:0) PS(17:0_24:0)",884.6351249,797.6030949,786.6582249,601.6493049,677.6442549,527.3471649,429.2376649,207.99872
"PS(41:1) PS(17:0_24:1)",882.6195249,795.5874949,784.6426249,599.6337049,675.6286549,525.3315649,429.2376649,207.99872
"PS(42:0) PS(17:0_25:0)",898.6508249,811.6187949,800.6739249,615.6650049,691.6599549,541.3628649,429.2376649,207.99872
"PS(43:0) PS(17:0_26:0)",912.6664249,825.6343949,814.6895249,629.6806049,705.6755549,555.3784649,429.2376649,207.99872
"PS(34:2) PS(17:1_17:1)",782.4942249,695.4621949,684.5173249,499.5084049,575.5033549,427.2219649,427.2219649,207.99872
"PS(34:3) PS(17:1_17:2)",780.4786249,693.4465949,682.5017249,497.4928049,573.4877549,425.2063649,427.2219649,207.99872
"PS(35:1) PS(17:1_18:0)",798.5255249,711.4934949,700.5486249,515.5397049,591.5346549,443.2532649,427.2219649,207.99872
"PS(35:2) PS(17:1_18:1)",796.5099249,709.4778949,698.5330249,513.5241049,589.5190549,441.2376649,427.2219649,207.99872
"PS(35:3) PS(17:1_18:2)",794.4942249,707.4621949,696.5173249,511.5084049,587.5033549,439.2219649,427.2219649,207.99872
"PS(35:4) PS(17:1_18:3)",792.4786249,705.4465949,694.5017249,509.4928049,585.4877549,437.2063649,427.2219649,207.99872
"PS(35:5) PS(17:1_18:4)",790.4629249,703.4308949,692.4860249,507.4771049,583.4720549,435.1906649,427.2219649,207.99872
"PS(36:1) PS(17:1_19:0)",812.5412249,725.5091949,714.5643249,529.5554049,605.5503549,457.2689649,427.2219649,207.99872
"PS(37:1) PS(17:1_20:0)",826.5568249,739.5247949,728.5799249,543.5710049,619.5659549,471.2845649,427.2219649,207.99872
"PS(37:2) PS(17:1_20:1)",824.5412249,737.5091949,726.5643249,541.5554049,617.5503549,469.2689649,427.2219649,207.99872
"PS(37:3) PS(17:1_20:2)",822.5255249,735.4934949,724.5486249,539.5397049,615.5346549,467.2532649,427.2219649,207.99872
"PS(37:4) PS(17:1_20:3)",820.5099249,733.4778949,722.5330249,537.5241049,613.5190549,465.2376649,427.2219649,207.99872
"PS(37:5) PS(17:1_20:4)",818.4942249,731.4621949,720.5173249,535.5084049,611.5033549,463.2219649,427.2219649,207.99872
"PS(37:6) PS(17:1_20:5)",816.4786249,729.4465949,718.5017249,533.4928049,609.4877549,461.2063649,427.2219649,207.99872
"PS(38:1) PS(17:1_21:0)",840.5725249,753.5404949,742.5956249,557.5867049,633.5816549,485.3002649,427.2219649,207.99872
"PS(39:1) PS(17:1_22:0)",854.5881249,767.5560949,756.6112249,571.6023049,647.5972549,499.3158649,427.2219649,207.99872
"PS(39:2) PS(17:1_22:1)",852.5725249,765.5404949,754.5956249,569.5867049,645.5816549,497.3002649,427.2219649,207.99872
"PS(39:3) PS(17:1_22:2)",850.5568249,763.5247949,752.5799249,567.5710049,643.5659549,495.2845649,427.2219649,207.99872
"PS(39:4) PS(17:1_22:3)",848.5412249,761.5091949,750.5643249,565.5554049,641.5503549,493.2689649,427.2219649,207.99872
"PS(39:5) PS(17:1_22:4)",846.5255249,759.4934949,748.5486249,563.5397049,639.5346549,491.2532649,427.2219649,207.99872
"PS(39:6) PS(17:1_22:5)",844.5099249,757.4778949,746.5330249,561.5241049,637.5190549,489.2376649,427.2219649,207.99872
"PS(39:7) PS(17:1_22:6)",842.4942249,755.4621949,744.5173249,559.5084049,635.5033549,487.2219649,427.2219649,207.99872
"PS(40:1) PS(17:1_23:0)",868.6038249,781.5717949,770.6269249,585.6180049,661.6129549,513.3315649,427.2219649,207.99872
"PS(41:1) PS(17:1_24:0)",882.6194249,795.5873949,784.6425249,599.6336049,675.6285549,527.3471649,427.2219649,207.99872
"PS(41:2) PS(17:1_24:1)",880.6038249,793.5717949,782.6269249,597.6180049,673.6129549,525.3315649,427.2219649,207.99872
"PS(42:1) PS(17:1_25:0)",896.6351249,809.6030949,798.6582249,613.6493049,689.6442549,541.3628649,427.2219649,207.99872
"PS(43:1) PS(17:1_26:0)",910.6507249,823.6186949,812.6738249,627.6649049,703.6598549,555.3784649,427.2219649,207.99872
"PS(34:4) PS(17:2_17:2)",778.4630249,691.4309949,680.4861249,495.4772049,571.4721549,425.2063649,425.2063649,207.99872
"PS(35:2) PS(17:2_18:0)",796.5099249,709.4778949,698.5330249,513.5241049,589.5190549,443.2532649,425.2063649,207.99872
"PS(35:3) PS(17:2_18:1)",794.4943249,707.4622949,696.5174249,511.5085049,587.5034549,441.2376649,425.2063649,207.99872
"PS(35:4) PS(17:2_18:2)",792.4786249,705.4465949,694.5017249,509.4928049,585.4877549,439.2219649,425.2063649,207.99872
"PS(35:5) PS(17:2_18:3)",790.4630249,703.4309949,692.4861249,507.4772049,583.4721549,437.2063649,425.2063649,207.99872
"PS(35:6) PS(17:2_18:4)",788.4473249,701.4152949,690.4704249,505.4615049,581.4564549,435.1906649,425.2063649,207.99872
"PS(36:2) PS(17:2_19:0)",810.5256249,723.4935949,712.5487249,527.5398049,603.5347549,457.2689649,425.2063649,207.99872
"PS(37:2) PS(17:2_20:0)",824.5412249,737.5091949,726.5643249,541.5554049,617.5503549,471.2845649,425.2063649,207.99872
"PS(37:3) PS(17:2_20:1)",822.5256249,735.4935949,724.5487249,539.5398049,615.5347549,469.2689649,425.2063649,207.99872
"PS(37:4) PS(17:2_20:2)",820.5099249,733.4778949,722.5330249,537.5241049,613.5190549,467.2532649,425.2063649,207.99872
"PS(37:5) PS(17:2_20:3)",818.4943249,731.4622949,720.5174249,535.5085049,611.5034549,465.2376649,425.2063649,207.99872
"PS(37:6) PS(17:2_20:4)",816.4786249,729.4465949,718.5017249,533.4928049,609.4877549,463.2219649,425.2063649,207.99872
"PS(37:7) PS(17:2_20:5)",814.4630249,727.4309949,716.4861249,531.4772049,607.4721549,461.2063649,425.2063649,207.99872
"PS(38:2) PS(17:2_21:0)",838.5569249,751.5248949,740.5800249,555.5711049,631.5660549,485.3002649,425.2063649,207.99872
"PS(39:2) PS(17:2_22:0)",852.5725249,765.5404949,754.5956249,569.5867049,645.5816549,499.3158649,425.2063649,207.99872
"PS(39:3) PS(17:2_22:1)",850.5569249,763.5248949,752.5800249,567.5711049,643.5660549,497.3002649,425.2063649,207.99872
"PS(39:4) PS(17:2_22:2)",848.5412249,761.5091949,750.5643249,565.5554049,641.5503549,495.2845649,425.2063649,207.99872
"PS(39:5) PS(17:2_22:3)",846.5256249,759.4935949,748.5487249,563.5398049,639.5347549,493.2689649,425.2063649,207.99872
"PS(39:6) PS(17:2_22:4)",844.5099249,757.4778949,746.5330249,561.5241049,637.5190549,491.2532649,425.2063649,207.99872
"PS(39:7) PS(17:2_22:5)",842.4943249,755.4622949,744.5174249,559.5085049,635.5034549,489.2376649,425.2063649,207.99872
"PS(39:8) PS(17:2_22:6)",840.4786249,753.4465949,742.5017249,557.4928049,633.4877549,487.2219649,425.2063649,207.99872
"PS(40:2) PS(17:2_23:0)",866.5882249,779.5561949,768.6113249,583.6024049,659.5973549,513.3315649,425.2063649,207.99872
"PS(41:2) PS(17:2_24:0)",880.6038249,793.5717949,782.6269249,597.6180049,673.6129549,527.3471649,425.2063649,207.99872
"PS(41:3) PS(17:2_24:1)",878.5882249,791.5561949,780.6113249,595.6024049,671.5973549,525.3315649,425.2063649,207.99872
"PS(42:2) PS(17:2_25:0)",894.6195249,807.5874949,796.6426249,611.6337049,687.6286549,541.3628649,425.2063649,207.99872
"PS(43:2) PS(17:2_26:0)",908.6351249,821.6030949,810.6582249,625.6493049,701.6442549,555.3784649,425.2063649,207.99872
"PS(36:0) PS(18:0_18:0)",814.5568249,727.5247949,716.5799249,531.5710049,607.5659549,443.2532649,443.2532649,207.99872
"PS(36:1) PS(18:0_18:1)",812.5412249,725.5091949,714.5643249,529.5554049,605.5503549,441.2376649,443.2532649,207.99872
"PS(36:2) PS(18:0_18:2)",810.5255249,723.4934949,712.5486249,527.5397049,603.5346549,439.2219649,443.2532649,207.99872
"PS(36:3) PS(18:0_18:3)",808.5099249,721.4778949,710.5330249,525.5241049,601.5190549,437.2063649,443.2532649,207.99872
"PS(36:4) PS(18:0_18:4)",806.4942249,719.4621949,708.5173249,523.5084049,599.5033549,435.1906649,443.2532649,207.99872
"PS(37:0) PS(18:0_19:0)",828.5725249,741.5404949,730.5956249,545.5867049,621.5816549,457.2689649,443.2532649,207.99872
"PS(38:0) PS(18:0_20:0)",842.5881249,755.5560949,744.6112249,559.6023049,635.5972549,471.2845649,443.2532649,207.99872
"PS(38:1) PS(18:0_20:1)",840.5725249,753.5404949,742.5956249,557.5867049,633.5816549,469.2689649,443.2532649,207.99872
"PS(38:2) PS(18:0_20:2)",838.5568249,751.5247949,740.5799249,555.5710049,631.5659549,467.2532649,443.2532649,207.99872
"PS(38:3) PS(18:0_20:3)",836.5412249,749.5091949,738.5643249,553.5554049,629.5503549,465.2376649,443.2532649,207.99872
"PS(38:4) PS(18:0_20:4)",834.5255249,747.4934949,736.5486249,551.5397049,627.5346549,463.2219649,443.2532649,207.99872
"PS(38:5) PS(18:0_20:5)",832.5099249,745.4778949,734.5330249,549.5241049,625.5190549,461.2063649,443.2532649,207.99872
"PS(39:0) PS(18:0_21:0)",856.6038249,769.5717949,758.6269249,573.6180049,649.6129549,485.3002649,443.2532649,207.99872
"PS(40:0) PS(18:0_22:0)",870.6194249,783.5873949,772.6425249,587.6336049,663.6285549,499.3158649,443.2532649,207.99872
"PS(40:1) PS(18:0_22:1)",868.6038249,781.5717949,770.6269249,585.6180049,661.6129549,497.3002649,443.2532649,207.99872
"PS(40:2) PS(18:0_22:2)",866.5881249,779.5560949,768.6112249,583.6023049,659.5972549,495.2845649,443.2532649,207.99872
"PS(40:3) PS(18:0_22:3)",864.5725249,777.5404949,766.5956249,581.5867049,657.5816549,493.2689649,443.2532649,207.99872
"PS(40:4) PS(18:0_22:4)",862.5568249,775.5247949,764.5799249,579.5710049,655.5659549,491.2532649,443.2532649,207.99872
"PS(40:5) PS(18:0_22:5)",860.5412249,773.5091949,762.5643249,577.5554049,653.5503549,489.2376649,443.2532649,207.99872
"PS(40:6) PS(18:0_22:6)",858.5255249,771.4934949,760.5486249,575.5397049,651.5346549,487.2219649,443.2532649,207.99872
"PS(41:0) PS(18:0_23:0)",884.6351249,797.6030949,786.6582249,601.6493049,677.6442549,513.3315649,443.2532649,207.99872
"PS(42:0) PS(18:0_24:0)",898.6507249,811.6186949,800.6738249,615.6649049,691.6598549,527.3471649,443.2532649,207.99872
"PS(42:1) PS(18:0_24:1)",896.6351249,809.6030949,798.6582249,613.6493049,689.6442549,525.3315649,443.2532649,207.99872
"PS(43:0) PS(18:0_25:0)",912.6664249,825.6343949,814.6895249,629.6806049,705.6755549,541.3628649,443.2532649,207.99872
"PS(44:0) PS(18:0_26:0)",926.6820249,839.6499949,828.7051249,643.6962049,719.6911549,555.3784649,443.2532649,207.99872
"PS(36:2) PS(18:1_18:1)",810.5256249,723.4935949,712.5487249,527.5398049,603.5347549,441.2376649,441.2376649,207.99872
"PS(36:3) PS(18:1_18:2)",808.5099249,721.4778949,710.5330249,525.5241049,601.5190549,439.2219649,441.2376649,207.99872
"PS(36:4) PS(18:1_18:3)",806.4943249,719.4622949,708.5174249,523.5085049,599.5034549,437.2063649,441.2376649,207.99872
"PS(36:5) PS(18:1_18:4)",804.4786249,717.4465949,706.5017249,521.4928049,597.4877549,435.1906649,441.2376649,207.99872
"PS(37:1) PS(18:1_19:0)",826.5569249,739.5248949,728.5800249,543.5711049,619.5660549,457.2689649,441.2376649,207.99872
"PS(38:1) PS(18:1_20:0)",840.5725249,753.5404949,742.5956249,557.5867049,633.5816549,471.2845649,441.2376649,207.99872
"PS(38:2) PS(18:1_20:1)",838.5569249,751.5248949,740.5800249,555.5711049,631.5660549,469.2689649,441.2376649,207.99872
"PS(38:3) PS(18:1_20:2)",836.5412249,749.5091949,738.5643249,553.5554049,629.5503549,467.2532649,441.2376649,207.99872
"PS(38:4) PS(18:1_20:3)",834.5256249,747.4935949,736.5487249,551.5398049,627.5347549,465.2376649,441.2376649,207.99872
"PS(38:5) PS(18:1_20:4)",832.5099249,745.4778949,734.5330249,549.5241049,625.5190549,463.2219649,441.2376649,207.99872
"PS(38:6) PS(18:1_20:5)",830.4943249,743.4622949,732.5174249,547.5085049,623.5034549,461.2063649,441.2376649,207.99872
"PS(39:1) PS(18:1_21:0)",854.5882249,767.5561949,756.6113249,571.6024049,647.5973549,485.3002649,441.2376649,207.99872
"PS(40:1) PS(18:1_22:0)",868.6038249,781.5717949,770.6269249,585.6180049,661.6129549,499.3158649,441.2376649,207.99872
"PS(40:2) PS(18:1_22:1)",866.5882249,779.5561949,768.6113249,583.6024049,659.5973549,497.3002649,441.2376649,207.99872
"PS(40:3) PS(18:1_22:2)",864.5725249,777.5404949,766.5956249,581.5867049,657.5816549,495.2845649,441.2376649,207.99872
"PS(40:4) PS(18:1_22:3)",862.5569249,775.5248949,764.5800249,579.5711049,655.5660549,493.2689649,441.2376649,207.99872
"PS(40:5) PS(18:1_22:4)",860.5412249,773.5091949,762.5643249,577.5554049,653.5503549,491.2532649,441.2376649,207.99872
"PS(40:6) PS(18:1_22:5)",858.5256249,771.4935949,760.5487249,575.5398049,651.5347549,489.2376649,441.2376649,207.99872
"PS(40:7) PS(18:1_22:6)",856.5099249,769.4778949,758.5330249,573.5241049,649.5190549,487.2219649,441.2376649,207.99872
"PS(41:1) PS(18:1_23:0)",882.6195249,795.5874949,784.6426249,599.6337049,675.6286549,513.3315649,441.2376649,207.99872
"PS(42:1) PS(18:1_24:0)",896.6351249,809.6030949,798.6582249,613.6493049,689.6442549,527.3471649,441.2376649,207.99872
"PS(42:2) PS(18:1_24:1)",894.6195249,807.5874949,796.6426249,611.6337049,687.6286549,525.3315649,441.2376649,207.99872
"PS(43:1) PS(18:1_25:0)",910.6508249,823.6187949,812.6739249,627.6650049,703.6599549,541.3628649,441.2376649,207.99872
"PS(44:1) PS(18:1_26:0)",924.6664249,837.6343949,826.6895249,641.6806049,717.6755549,555.3784649,441.2376649,207.99872
"PS(36:4) PS(18:2_18:2)",806.4942249,719.4621949,708.5173249,523.5084049,599.5033549,439.2219649,439.2219649,207.99872
"PS(36:5) PS(18:2_18:3)",804.4786249,717.4465949,706.5017249,521.4928049,597.4877549,437.2063649,439.2219649,207.99872
"PS(36:6) PS(18:2_18:4)",802.4629249,715.4308949,704.4860249,519.4771049,595.4720549,435.1906649,439.2219649,207.99872
"PS(37:2) PS(18:2_19:0)",824.5412249,737.5091949,726.5643249,541.5554049,617.5503549,457.2689649,439.2219649,207.99872
"PS(38:2) PS(18:2_20:0)",838.5568249,751.5247949,740.5799249,555.5710049,631.5659549,471.2845649,439.2219649,207.99872
"PS(38:3) PS(18:2_20:1)",836.5412249,749.5091949,738.5643249,553.5554049,629.5503549,469.2689649,439.2219649,207.99872
"PS(38:4) PS(18:2_20:2)",834.5255249,747.4934949,736.5486249,551.5397049,627.5346549,467.2532649,439.2219649,207.99872
"PS(38:5) PS(18:2_20:3)",832.5099249,745.4778949,734.5330249,549.5241049,625.5190549,465.2376649,439.2219649,207.99872
"PS(38:6) PS(18:2_20:4)",830.4942249,743.4621949,732.5173249,547.5084049,623.5033549,463.2219649,439.2219649,207.99872
"PS(38:7) PS(18:2_20:5)",828.4786249,741.4465949,730.5017249,545.4928049,621.4877549,461.2063649,439.2219649,207.99872
"PS(39:2) PS(18:2_21:0)",852.5725249,765.5404949,754.5956249,569.5867049,645.5816549,485.3002649,439.2219649,207.99872
"PS(40:2) PS(18:2_22:0)",866.5881249,779.5560949,768.6112249,583.6023049,659.5972549,499.3158649,439.2219649,207.99872
"PS(40:3) PS(18:2_22:1)",864.5725249,777.5404949,766.5956249,581.5867049,657.5816549,497.3002649,439.2219649,207.99872
"PS(40:4) PS(18:2_22:2)",862.5568249,775.5247949,764.5799249,579.5710049,655.5659549,495.2845649,439.2219649,207.99872
"PS(40:5) PS(18:2_22:3)",860.5412249,773.5091949,762.5643249,577.5554049,653.5503549,493.2689649,439.2219649,207.99872
"PS(40:6) PS(18:2_22:4)",858.5255249,771.4934949,760.5486249,575.5397049,651.5346549,491.2532649,439.2219649,207.99872
"PS(40:7) PS(18:2_22:5)",856.5099249,769.4778949,758.5330249,573.5241049,649.5190549,489.2376649,439.2219649,207.99872
"PS(40:8) PS(18:2_22:6)",854.4942249,767.4621949,756.5173249,571.5084049,647.5033549,487.2219649,439.2219649,207.99872
"PS(41:2) PS(18:2_23:0)",880.6038249,793.5717949,782.6269249,597.6180049,673.6129549,513.3315649,439.2219649,207.99872
"PS(42:2) PS(18:2_24:0)",894.6194249,807.5873949,796.6425249,611.6336049,687.6285549,527.3471649,439.2219649,207.99872
"PS(42:3) PS(18:2_24:1)",892.6038249,805.5717949,794.6269249,609.6180049,685.6129549,525.3315649,439.2219649,207.99872
"PS(43:2) PS(18:2_25:0)",908.6351249,821.6030949,810.6582249,625.6493049,701.6442549,541.3628649,439.2219649,207.99872
"PS(44:2) PS(18:2_26:0)",922.6507249,835.6186949,824.6738249,639.6649049,715.6598549,555.3784649,439.2219649,207.99872
"PS(36:6) PS(18:3_18:3)",802.4630249,715.4309949,704.4861249,519.4772049,595.4721549,437.2063649,437.2063649,207.99872
"PS(36:7) PS(18:3_18:4)",800.4473249,713.4152949,702.4704249,517.4615049,593.4564549,435.1906649,437.2063649,207.99872
"PS(37:3) PS(18:3_19:0)",822.5256249,735.4935949,724.5487249,539.5398049,615.5347549,457.2689649,437.2063649,207.99872
"PS(38:3) PS(18:3_20:0)",836.5412249,749.5091949,738.5643249,553.5554049,629.5503549,471.2845649,437.2063649,207.99872
"PS(38:4) PS(18:3_20:1)",834.5256249,747.4935949,736.5487249,551.5398049,627.5347549,469.2689649,437.2063649,207.99872
"PS(38:5) PS(18:3_20:2)",832.5099249,745.4778949,734.5330249,549.5241049,625.5190549,467.2532649,437.2063649,207.99872
"PS(38:6) PS(18:3_20:3)",830.4943249,743.4622949,732.5174249,547.5085049,623.5034549,465.2376649,437.2063649,207.99872
"PS(38:7) PS(18:3_20:4)",828.4786249,741.4465949,730.5017249,545.4928049,621.4877549,463.2219649,437.2063649,207.99872
"PS(38:8) PS(18:3_20:5)",826.4630249,739.4309949,728.4861249,543.4772049,619.4721549,461.2063649,437.2063649,207.99872
"PS(39:3) PS(18:3_21:0)",850.5569249,763.5248949,752.5800249,567.5711049,643.5660549,485.3002649,437.2063649,207.99872
"PS(40:3) PS(18:3_22:0)",864.5725249,777.5404949,766.5956249,581.5867049,657.5816549,499.3158649,437.2063649,207.99872
"PS(40:4) PS(18:3_22:1)",862.5569249,775.5248949,764.5800249,579.5711049,655.5660549,497.3002649,437.2063649,207.99872
"PS(40:5) PS(18:3_22:2)",860.5412249,773.5091949,762.5643249,577.5554049,653.5503549,495.2845649,437.2063649,207.99872
"PS(40:6) PS(18:3_22:3)",858.5256249,771.4935949,760.5487249,575.5398049,651.5347549,493.2689649,437.2063649,207.99872
"PS(40:7) PS(18:3_22:4)",856.5099249,769.4778949,758.5330249,573.5241049,649.5190549,491.2532649,437.2063649,207.99872
"PS(40:8) PS(18:3_22:5)",854.4943249,767.4622949,756.5174249,571.5085049,647.5034549,489.2376649,437.2063649,207.99872
"PS(40:9) PS(18:3_22:6)",852.4786249,765.4465949,754.5017249,569.4928049,645.4877549,487.2219649,437.2063649,207.99872
"PS(41:3) PS(18:3_23:0)",878.5882249,791.5561949,780.6113249,595.6024049,671.5973549,513.3315649,437.2063649,207.99872
"PS(42:3) PS(18:3_24:0)",892.6038249,805.5717949,794.6269249,609.6180049,685.6129549,527.3471649,437.2063649,207.99872
"PS(42:4) PS(18:3_24:1)",890.5882249,803.5561949,792.6113249,607.6024049,683.5973549,525.3315649,437.2063649,207.99872
"PS(43:3) PS(18:3_25:0)",906.6195249,819.5874949,808.6426249,623.6337049,699.6286549,541.3628649,437.2063649,207.99872
"PS(44:3) PS(18:3_26:0)",920.6351249,833.6030949,822.6582249,637.6493049,713.6442549,555.3784649,437.2063649,207.99872
"PS(36:8) PS(18:4_18:4)",798.4316249,711.3995949,700.4547249,515.4458049,591.4407549,435.1906649,435.1906649,207.99872
"PS(37:4) PS(18:4_19:0)",820.5099249,733.4778949,722.5330249,537.5241049,613.5190549,457.2689649,435.1906649,207.99872
"PS(38:4) PS(18:4_20:0)",834.5255249,747.4934949,736.5486249,551.5397049,627.5346549,471.2845649,435.1906649,207.99872
"PS(38:5) PS(18:4_20:1)",832.5099249,745.4778949,734.5330249,549.5241049,625.5190549,469.2689649,435.1906649,207.99872
"PS(38:6) PS(18:4_20:2)",830.4942249,743.4621949,732.5173249,547.5084049,623.5033549,467.2532649,435.1906649,207.99872
"PS(38:7) PS(18:4_20:3)",828.4786249,741.4465949,730.5017249,545.4928049,621.4877549,465.2376649,435.1906649,207.99872
"PS(38:8) PS(18:4_20:4)",826.4629249,739.4308949,728.4860249,543.4771049,619.4720549,463.2219649,435.1906649,207.99872
"PS(38:9) PS(18:4_20:5)",824.4473249,737.4152949,726.4704249,541.4615049,617.4564549,461.2063649,435.1906649,207.99872
"PS(39:4) PS(18:4_21:0)",848.5412249,761.5091949,750.5643249,565.5554049,641.5503549,485.3002649,435.1906649,207.99872
"PS(40:4) PS(18:4_22:0)",862.5568249,775.5247949,764.5799249,579.5710049,655.5659549,499.3158649,435.1906649,207.99872
"PS(40:5) PS(18:4_22:1)",860.5412249,773.5091949,762.5643249,577.5554049,653.5503549,497.3002649,435.1906649,207.99872
"PS(40:6) PS(18:4_22:2)",858.5255249,771.4934949,760.5486249,575.5397049,651.5346549,495.2845649,435.1906649,207.99872
"PS(40:7) PS(18:4_22:3)",856.5099249,769.4778949,758.5330249,573.5241049,649.5190549,493.2689649,435.1906649,207.99872
"PS(40:8) PS(18:4_22:4)",854.4942249,767.4621949,756.5173249,571.5084049,647.5033549,491.2532649,435.1906649,207.99872
"PS(40:9) PS(18:4_22:5)",852.4786249,765.4465949,754.5017249,569.4928049,645.4877549,489.2376649,435.1906649,207.99872
"PS(40:10) PS(18:4_22:6)",850.4629249,763.4308949,752.4860249,567.4771049,643.4720549,487.2219649,435.1906649,207.99872
"PS(41:4) PS(18:4_23:0)",876.5725249,789.5404949,778.5956249,593.5867049,669.5816549,513.3315649,435.1906649,207.99872
"PS(42:4) PS(18:4_24:0)",890.5881249,803.5560949,792.6112249,607.6023049,683.5972549,527.3471649,435.1906649,207.99872
"PS(42:5) PS(18:4_24:1)",888.5725249,801.5404949,790.5956249,605.5867049,681.5816549,525.3315649,435.1906649,207.99872
"PS(43:4) PS(18:4_25:0)",904.6038249,817.5717949,806.6269249,621.6180049,697.6129549,541.3628649,435.1906649,207.99872
"PS(44:4) PS(18:4_26:0)",918.6194249,831.5873949,820.6425249,635.6336049,711.6285549,555.3784649,435.1906649,207.99872
"PS(38:0) PS(19:0_19:0)",842.5882249,755.5561949,744.6113249,559.6024049,635.5973549,457.2689649,457.2689649,207.99872
"PS(39:0) PS(19:0_20:0)",856.6038249,769.5717949,758.6269249,573.6180049,649.6129549,471.2845649,457.2689649,207.99872
"PS(39:1) PS(19:0_20:1)",854.5882249,767.5561949,756.6113249,571.6024049,647.5973549,469.2689649,457.2689649,207.99872
"PS(39:2) PS(19:0_20:2)",852.5725249,765.5404949,754.5956249,569.5867049,645.5816549,467.2532649,457.2689649,207.99872
"PS(39:3) PS(19:0_20:3)",850.5569249,763.5248949,752.5800249,567.5711049,643.5660549,465.2376649,457.2689649,207.99872
"PS(39:4) PS(19:0_20:4)",848.5412249,761.5091949,750.5643249,565.5554049,641.5503549,463.2219649,457.2689649,207.99872
"PS(39:5) PS(19:0_20:5)",846.5256249,759.4935949,748.5487249,563.5398049,639.5347549,461.2063649,457.2689649,207.99872
"PS(40:0) PS(19:0_21:0)",870.6195249,783.5874949,772.6426249,587.6337049,663.6286549,485.3002649,457.2689649,207.99872
"PS(41:0) PS(19:0_22:0)",884.6351249,797.6030949,786.6582249,601.6493049,677.6442549,499.3158649,457.2689649,207.99872
"PS(41:1) PS(19:0_22:1)",882.6195249,795.5874949,784.6426249,599.6337049,675.6286549,497.3002649,457.2689649,207.99872
"PS(41:2) PS(19:0_22:2)",880.6038249,793.5717949,782.6269249,597.6180049,673.6129549,495.2845649,457.2689649,207.99872
"PS(41:3) PS(19:0_22:3)",878.5882249,791.5561949,780.6113249,595.6024049,671.5973549,493.2689649,457.2689649,207.99872
"PS(41:4) PS(19:0_22:4)",876.5725249,789.5404949,778.5956249,593.5867049,669.5816549,491.2532649,457.2689649,207.99872
"PS(41:5) PS(19:0_22:5)",874.5569249,787.5248949,776.5800249,591.5711049,667.5660549,489.2376649,457.2689649,207.99872
"PS(41:6) PS(19:0_22:6)",872.5412249,785.5091949,774.5643249,589.5554049,665.5503549,487.2219649,457.2689649,207.99872
"PS(42:0) PS(19:0_23:0)",898.6508249,811.6187949,800.6739249,615.6650049,691.6599549,513.3315649,457.2689649,207.99872
"PS(43:0) PS(19:0_24:0)",912.6664249,825.6343949,814.6895249,629.6806049,705.6755549,527.3471649,457.2689649,207.99872
"PS(43:1) PS(19:0_24:1)",910.6508249,823.6187949,812.6739249,627.6650049,703.6599549,525.3315649,457.2689649,207.99872
"PS(44:0) PS(19:0_25:0)",926.6821249,839.6500949,828.7052249,643.6963049,719.6912549,541.3628649,457.2689649,207.99872
"PS(45:0) PS(19:0_26:0)",940.6977249,853.6656949,842.7208249,657.7119049,733.7068549,555.3784649,457.2689649,207.99872
"PS(40:0) PS(20:0_20:0)",870.6194249,783.5873949,772.6425249,587.6336049,663.6285549,471.2845649,471.2845649,207.99872
"PS(40:1) PS(20:0_20:1)",868.6038249,781.5717949,770.6269249,585.6180049,661.6129549,469.2689649,471.2845649,207.99872
"PS(40:2) PS(20:0_20:2)",866.5881249,779.5560949,768.6112249,583.6023049,659.5972549,467.2532649,471.2845649,207.99872
"PS(40:3) PS(20:0_20:3)",864.5725249,777.5404949,766.5956249,581.5867049,657.5816549,465.2376649,471.2845649,207.99872
"PS(40:4) PS(20:0_20:4)",862.5568249,775.5247949,764.5799249,579.5710049,655.5659549,463.2219649,471.2845649,207.99872
"PS(40:5) PS(20:0_20:5)",860.5412249,773.5091949,762.5643249,577.5554049,653.5503549,461.2063649,471.2845649,207.99872
"PS(41:0) PS(20:0_21:0)",884.6351249,797.6030949,786.6582249,601.6493049,677.6442549,485.3002649,471.2845649,207.99872
"PS(42:0) PS(20:0_22:0)",898.6507249,811.6186949,800.6738249,615.6649049,691.6598549,499.3158649,471.2845649,207.99872
"PS(42:1) PS(20:0_22:1)",896.6351249,809.6030949,798.6582249,613.6493049,689.6442549,497.3002649,471.2845649,207.99872
"PS(42:2) PS(20:0_22:2)",894.6194249,807.5873949,796.6425249,611.6336049,687.6285549,495.2845649,471.2845649,207.99872
"PS(42:3) PS(20:0_22:3)",892.6038249,805.5717949,794.6269249,609.6180049,685.6129549,493.2689649,471.2845649,207.99872
"PS(42:4) PS(20:0_22:4)",890.5881249,803.5560949,792.6112249,607.6023049,683.5972549,491.2532649,471.2845649,207.99872
"PS(42:5) PS(20:0_22:5)",888.5725249,801.5404949,790.5956249,605.5867049,681.5816549,489.2376649,471.2845649,207.99872
"PS(42:6) PS(20:0_22:6)",886.5568249,799.5247949,788.5799249,603.5710049,679.5659549,487.2219649,471.2845649,207.99872
"PS(43:0) PS(20:0_23:0)",912.6664249,825.6343949,814.6895249,629.6806049,705.6755549,513.3315649,471.2845649,207.99872
"PS(44:0) PS(20:0_24:0)",926.6820249,839.6499949,828.7051249,643.6962049,719.6911549,527.3471649,471.2845649,207.99872
"PS(44:1) PS(20:0_24:1)",924.6664249,837.6343949,826.6895249,641.6806049,717.6755549,525.3315649,471.2845649,207.99872
"PS(45:0) PS(20:0_25:0)",940.6977249,853.6656949,842.7208249,657.7119049,733.7068549,541.3628649,471.2845649,207.99872
"PS(46:0) PS(20:0_26:0)",954.7133249,867.6812949,856.7364249,671.7275049,747.7224549,555.3784649,471.2845649,207.99872
"PS(40:2) PS(20:1_20:1)",866.5882249,779.5561949,768.6113249,583.6024049,659.5973549,469.2689649,469.2689649,207.99872
"PS(40:3) PS(20:1_20:2)",864.5725249,777.5404949,766.5956249,581.5867049,657.5816549,467.2532649,469.2689649,207.99872
"PS(40:4) PS(20:1_20:3)",862.5569249,775.5248949,764.5800249,579.5711049,655.5660549,465.2376649,469.2689649,207.99872
"PS(40:5) PS(20:1_20:4)",860.5412249,773.5091949,762.5643249,577.5554049,653.5503549,463.2219649,469.2689649,207.99872
"PS(40:6) PS(20:1_20:5)",858.5256249,771.4935949,760.5487249,575.5398049,651.5347549,461.2063649,469.2689649,207.99872
"PS(41:1) PS(20:1_21:0)",882.6195249,795.5874949,784.6426249,599.6337049,675.6286549,485.3002649,469.2689649,207.99872
"PS(42:1) PS(20:1_22:0)",896.6351249,809.6030949,798.6582249,613.6493049,689.6442549,499.3158649,469.2689649,207.99872
"PS(42:2) PS(20:1_22:1)",894.6195249,807.5874949,796.6426249,611.6337049,687.6286549,497.3002649,469.2689649,207.99872
"PS(42:3) PS(20:1_22:2)",892.6038249,805.5717949,794.6269249,609.6180049,685.6129549,495.2845649,469.2689649,207.99872
"PS(42:4) PS(20:1_22:3)",890.5882249,803.5561949,792.6113249,607.6024049,683.5973549,493.2689649,469.2689649,207.99872
"PS(42:5) PS(20:1_22:4)",888.5725249,801.5404949,790.5956249,605.5867049,681.5816549,491.2532649,469.2689649,207.99872
"PS(42:6) PS(20:1_22:5)",886.5569249,799.5248949,788.5800249,603.5711049,679.5660549,489.2376649,469.2689649,207.99872
"PS(42:7) PS(20:1_22:6)",884.5412249,797.5091949,786.5643249,601.5554049,677.5503549,487.2219649,469.2689649,207.99872
"PS(43:1) PS(20:1_23:0)",910.6508249,823.6187949,812.6739249,627.6650049,703.6599549,513.3315649,469.2689649,207.99872
"PS(44:1) PS(20:1_24:0)",924.6664249,837.6343949,826.6895249,641.6806049,717.6755549,527.3471649,469.2689649,207.99872
"PS(44:2) PS(20:1_24:1)",922.6508249,835.6187949,824.6739249,639.6650049,715.6599549,525.3315649,469.2689649,207.99872
"PS(45:1) PS(20:1_25:0)",938.6821249,851.6500949,840.7052249,655.6963049,731.6912549,541.3628649,469.2689649,207.99872
"PS(46:1) PS(20:1_26:0)",952.6977249,865.6656949,854.7208249,669.7119049,745.7068549,555.3784649,469.2689649,207.99872
"PS(40:4) PS(20:2_20:2)",862.5568249,775.5247949,764.5799249,579.5710049,655.5659549,467.2532649,467.2532649,207.99872
"PS(40:5) PS(20:2_20:3)",860.5412249,773.5091949,762.5643249,577.5554049,653.5503549,465.2376649,467.2532649,207.99872
"PS(40:6) PS(20:2_20:4)",858.5255249,771.4934949,760.5486249,575.5397049,651.5346549,463.2219649,467.2532649,207.99872
"PS(40:7) PS(20:2_20:5)",856.5099249,769.4778949,758.5330249,573.5241049,649.5190549,461.2063649,467.2532649,207.99872
"PS(41:2) PS(20:2_21:0)",880.6038249,793.5717949,782.6269249,597.6180049,673.6129549,485.3002649,467.2532649,207.99872
"PS(42:2) PS(20:2_22:0)",894.6194249,807.5873949,796.6425249,611.6336049,687.6285549,499.3158649,467.2532649,207.99872
"PS(42:3) PS(20:2_22:1)",892.6038249,805.5717949,794.6269249,609.6180049,685.6129549,497.3002649,467.2532649,207.99872
"PS(42:4) PS(20:2_22:2)",890.5881249,803.5560949,792.6112249,607.6023049,683.5972549,495.2845649,467.2532649,207.99872
"PS(42:5) PS(20:2_22:3)",888.5725249,801.5404949,790.5956249,605.5867049,681.5816549,493.2689649,467.2532649,207.99872
"PS(42:6) PS(20:2_22:4)",886.5568249,799.5247949,788.5799249,603.5710049,679.5659549,491.2532649,467.2532649,207.99872
"PS(42:7) PS(20:2_22:5)",884.5412249,797.5091949,786.5643249,601.5554049,677.5503549,489.2376649,467.2532649,207.99872
"PS(42:8) PS(20:2_22:6)",882.5255249,795.4934949,784.5486249,599.5397049,675.5346549,487.2219649,467.2532649,207.99872
"PS(43:2) PS(20:2_23:0)",908.6351249,821.6030949,810.6582249,625.6493049,701.6442549,513.3315649,467.2532649,207.99872
"PS(44:2) PS(20:2_24:0)",922.6507249,835.6186949,824.6738249,639.6649049,715.6598549,527.3471649,467.2532649,207.99872
"PS(44:3) PS(20:2_24:1)",920.6351249,833.6030949,822.6582249,637.6493049,713.6442549,525.3315649,467.2532649,207.99872
"PS(45:2) PS(20:2_25:0)",936.6664249,849.6343949,838.6895249,653.6806049,729.6755549,541.3628649,467.2532649,207.99872
"PS(46:2) PS(20:2_26:0)",950.6820249,863.6499949,852.7051249,667.6962049,743.6911549,555.3784649,467.2532649,207.99872
"PS(40:6) PS(20:3_20:3)",858.5256249,771.4935949,760.5487249,575.5398049,651.5347549,465.2376649,465.2376649,207.99872
"PS(40:7) PS(20:3_20:4)",856.5099249,769.4778949,758.5330249,573.5241049,649.5190549,463.2219649,465.2376649,207.99872
"PS(40:8) PS(20:3_20:5)",854.4943249,767.4622949,756.5174249,571.5085049,647.5034549,461.2063649,465.2376649,207.99872
"PS(41:3) PS(20:3_21:0)",878.5882249,791.5561949,780.6113249,595.6024049,671.5973549,485.3002649,465.2376649,207.99872
"PS(42:3) PS(20:3_22:0)",892.6038249,805.5717949,794.6269249,609.6180049,685.6129549,499.3158649,465.2376649,207.99872
"PS(42:4) PS(20:3_22:1)",890.5882249,803.5561949,792.6113249,607.6024049,683.5973549,497.3002649,465.2376649,207.99872
"PS(42:5) PS(20:3_22:2)",888.5725249,801.5404949,790.5956249,605.5867049,681.5816549,495.2845649,465.2376649,207.99872
"PS(42:6) PS(20:3_22:3)",886.5569249,799.5248949,788.5800249,603.5711049,679.5660549,493.2689649,465.2376649,207.99872
"PS(42:7) PS(20:3_22:4)",884.5412249,797.5091949,786.5643249,601.5554049,677.5503549,491.2532649,465.2376649,207.99872
"PS(42:8) PS(20:3_22:5)",882.5256249,795.4935949,784.5487249,599.5398049,675.5347549,489.2376649,465.2376649,207.99872
"PS(42:9) PS(20:3_22:6)",880.5099249,793.4778949,782.5330249,597.5241049,673.5190549,487.2219649,465.2376649,207.99872
"PS(43:3) PS(20:3_23:0)",906.6195249,819.5874949,808.6426249,623.6337049,699.6286549,513.3315649,465.2376649,207.99872
"PS(44:3) PS(20:3_24:0)",920.6351249,833.6030949,822.6582249,637.6493049,713.6442549,527.3471649,465.2376649,207.99872
"PS(44:4) PS(20:3_24:1)",918.6195249,831.5874949,820.6426249,635.6337049,711.6286549,525.3315649,465.2376649,207.99872
"PS(45:3) PS(20:3_25:0)",934.6508249,847.6187949,836.6739249,651.6650049,727.6599549,541.3628649,465.2376649,207.99872
"PS(46:3) PS(20:3_26:0)",948.6664249,861.6343949,850.6895249,665.6806049,741.6755549,555.3784649,465.2376649,207.99872
"PS(40:8) PS(20:4_20:4)",854.4942249,767.4621949,756.5173249,571.5084049,647.5033549,463.2219649,463.2219649,207.99872
"PS(40:9) PS(20:4_20:5)",852.4786249,765.4465949,754.5017249,569.4928049,645.4877549,461.2063649,463.2219649,207.99872
"PS(41:4) PS(20:4_21:0)",876.5725249,789.5404949,778.5956249,593.5867049,669.5816549,485.3002649,463.2219649,207.99872
"PS(42:4) PS(20:4_22:0)",890.5881249,803.5560949,792.6112249,607.6023049,683.5972549,499.3158649,463.2219649,207.99872
"PS(42:5) PS(20:4_22:1)",888.5725249,801.5404949,790.5956249,605.5867049,681.5816549,497.3002649,463.2219649,207.99872
"PS(42:6) PS(20:4_22:2)",886.5568249,799.5247949,788.5799249,603.5710049,679.5659549,495.2845649,463.2219649,207.99872
"PS(42:7) PS(20:4_22:3)",884.5412249,797.5091949,786.5643249,601.5554049,677.5503549,493.2689649,463.2219649,207.99872
"PS(42:8) PS(20:4_22:4)",882.5255249,795.4934949,784.5486249,599.5397049,675.5346549,491.2532649,463.2219649,207.99872
"PS(42:9) PS(20:4_22:5)",880.5099249,793.4778949,782.5330249,597.5241049,673.5190549,489.2376649,463.2219649,207.99872
"PS(42:10) PS(20:4_22:6)",878.4942249,791.4621949,780.5173249,595.5084049,671.5033549,487.2219649,463.2219649,207.99872
"PS(43:4) PS(20:4_23:0)",904.6038249,817.5717949,806.6269249,621.6180049,697.6129549,513.3315649,463.2219649,207.99872
"PS(44:4) PS(20:4_24:0)",918.6194249,831.5873949,820.6425249,635.6336049,711.6285549,527.3471649,463.2219649,207.99872
"PS(44:5) PS(20:4_24:1)",916.6038249,829.5717949,818.6269249,633.6180049,709.6129549,525.3315649,463.2219649,207.99872
"PS(45:4) PS(20:4_25:0)",932.6351249,845.6030949,834.6582249,649.6493049,725.6442549,541.3628649,463.2219649,207.99872
"PS(46:4) PS(20:4_26:0)",946.6507249,859.6186949,848.6738249,663.6649049,739.6598549,555.3784649,463.2219649,207.99872
"PS(40:10) PS(20:5_20:5)",850.4630249,763.4309949,752.4861249,567.4772049,643.4721549,461.2063649,461.2063649,207.99872
"PS(41:5) PS(20:5_21:0)",874.5569249,787.5248949,776.5800249,591.5711049,667.5660549,485.3002649,461.2063649,207.99872
"PS(42:5) PS(20:5_22:0)",888.5725249,801.5404949,790.5956249,605.5867049,681.5816549,499.3158649,461.2063649,207.99872
"PS(42:6) PS(20:5_22:1)",886.5569249,799.5248949,788.5800249,603.5711049,679.5660549,497.3002649,461.2063649,207.99872
"PS(42:7) PS(20:5_22:2)",884.5412249,797.5091949,786.5643249,601.5554049,677.5503549,495.2845649,461.2063649,207.99872
"PS(42:8) PS(20:5_22:3)",882.5256249,795.4935949,784.5487249,599.5398049,675.5347549,493.2689649,461.2063649,207.99872
"PS(42:9) PS(20:5_22:4)",880.5099249,793.4778949,782.5330249,597.5241049,673.5190549,491.2532649,461.2063649,207.99872
"PS(42:10) PS(20:5_22:5)",878.4943249,791.4622949,780.5174249,595.5085049,671.5034549,489.2376649,461.2063649,207.99872
"PS(42:11) PS(20:5_22:6)",876.4786249,789.4465949,778.5017249,593.4928049,669.4877549,487.2219649,461.2063649,207.99872
"PS(43:5) PS(20:5_23:0)",902.5882249,815.5561949,804.6113249,619.6024049,695.5973549,513.3315649,461.2063649,207.99872
"PS(44:5) PS(20:5_24:0)",916.6038249,829.5717949,818.6269249,633.6180049,709.6129549,527.3471649,461.2063649,207.99872
"PS(44:6) PS(20:5_24:1)",914.5882249,827.5561949,816.6113249,631.6024049,707.5973549,525.3315649,461.2063649,207.99872
"PS(45:5) PS(20:5_25:0)",930.6195249,843.5874949,832.6426249,647.6337049,723.6286549,541.3628649,461.2063649,207.99872
"PS(46:5) PS(20:5_26:0)",944.6351249,857.6030949,846.6582249,661.6493049,737.6442549,555.3784649,461.2063649,207.99872
"PS(42:0) PS(21:0_21:0)",898.6508249,811.6187949,800.6739249,615.6650049,691.6599549,485.3002649,485.3002649,207.99872
"PS(43:0) PS(21:0_22:0)",912.6664249,825.6343949,814.6895249,629.6806049,705.6755549,499.3158649,485.3002649,207.99872
"PS(43:1) PS(21:0_22:1)",910.6508249,823.6187949,812.6739249,627.6650049,703.6599549,497.3002649,485.3002649,207.99872
"PS(43:2) PS(21:0_22:2)",908.6351249,821.6030949,810.6582249,625.6493049,701.6442549,495.2845649,485.3002649,207.99872
"PS(43:3) PS(21:0_22:3)",906.6195249,819.5874949,808.6426249,623.6337049,699.6286549,493.2689649,485.3002649,207.99872
"PS(43:4) PS(21:0_22:4)",904.6038249,817.5717949,806.6269249,621.6180049,697.6129549,491.2532649,485.3002649,207.99872
"PS(43:5) PS(21:0_22:5)",902.5882249,815.5561949,804.6113249,619.6024049,695.5973549,489.2376649,485.3002649,207.99872
"PS(43:6) PS(21:0_22:6)",900.5725249,813.5404949,802.5956249,617.5867049,693.5816549,487.2219649,485.3002649,207.99872
"PS(44:0) PS(21:0_23:0)",926.6821249,839.6500949,828.7052249,643.6963049,719.6912549,513.3315649,485.3002649,207.99872
"PS(45:0) PS(21:0_24:0)",940.6977249,853.6656949,842.7208249,657.7119049,733.7068549,527.3471649,485.3002649,207.99872
"PS(45:1) PS(21:0_24:1)",938.6821249,851.6500949,840.7052249,655.6963049,731.6912549,525.3315649,485.3002649,207.99872
"PS(46:0) PS(21:0_25:0)",954.7134249,867.6813949,856.7365249,671.7276049,747.7225549,541.3628649,485.3002649,207.99872
"PS(47:0) PS(21:0_26:0)",968.7290249,881.6969949,870.7521249,685.7432049,761.7381549,555.3784649,485.3002649,207.99872
"PS(44:0) PS(22:0_22:0)",926.6820249,839.6499949,828.7051249,643.6962049,719.6911549,499.3158649,499.3158649,207.99872
"PS(44:1) PS(22:0_22:1)",924.6664249,837.6343949,826.6895249,641.6806049,717.6755549,497.3002649,499.3158649,207.99872
"PS(44:2) PS(22:0_22:2)",922.6507249,835.6186949,824.6738249,639.6649049,715.6598549,495.2845649,499.3158649,207.99872
"PS(44:3) PS(22:0_22:3)",920.6351249,833.6030949,822.6582249,637.6493049,713.6442549,493.2689649,499.3158649,207.99872
"PS(44:4) PS(22:0_22:4)",918.6194249,831.5873949,820.6425249,635.6336049,711.6285549,491.2532649,499.3158649,207.99872
"PS(44:5) PS(22:0_22:5)",916.6038249,829.5717949,818.6269249,633.6180049,709.6129549,489.2376649,499.3158649,207.99872
"PS(44:6) PS(22:0_22:6)",914.5881249,827.5560949,816.6112249,631.6023049,707.5972549,487.2219649,499.3158649,207.99872
"PS(45:0) PS(22:0_23:0)",940.6977249,853.6656949,842.7208249,657.7119049,733.7068549,513.3315649,499.3158649,207.99872
"PS(46:0) PS(22:0_24:0)",954.7133249,867.6812949,856.7364249,671.7275049,747.7224549,527.3471649,499.3158649,207.99872
"PS(46:1) PS(22:0_24:1)",952.6977249,865.6656949,854.7208249,669.7119049,745.7068549,525.3315649,499.3158649,207.99872
"PS(47:0) PS(22:0_25:0)",968.7290249,881.6969949,870.7521249,685.7432049,761.7381549,541.3628649,499.3158649,207.99872
"PS(48:0) PS(22:0_26:0)",982.7446249,895.7125949,884.7677249,699.7588049,775.7537549,555.3784649,499.3158649,207.99872
"PS(44:2) PS(22:1_22:1)",922.6508249,835.6187949,824.6739249,639.6650049,715.6599549,497.3002649,497.3002649,207.99872
"PS(44:3) PS(22:1_22:2)",920.6351249,833.6030949,822.6582249,637.6493049,713.6442549,495.2845649,497.3002649,207.99872
"PS(44:4) PS(22:1_22:3)",918.6195249,831.5874949,820.6426249,635.6337049,711.6286549,493.2689649,497.3002649,207.99872
"PS(44:5) PS(22:1_22:4)",916.6038249,829.5717949,818.6269249,633.6180049,709.6129549,491.2532649,497.3002649,207.99872
"PS(44:6) PS(22:1_22:5)",914.5882249,827.5561949,816.6113249,631.6024049,707.5973549,489.2376649,497.3002649,207.99872
"PS(44:7) PS(22:1_22:6)",912.5725249,825.5404949,814.5956249,629.5867049,705.5816549,487.2219649,497.3002649,207.99872
"PS(45:1) PS(22:1_23:0)",938.6821249,851.6500949,840.7052249,655.6963049,731.6912549,513.3315649,497.3002649,207.99872
"PS(46:1) PS(22:1_24:0)",952.6977249,865.6656949,854.7208249,669.7119049,745.7068549,527.3471649,497.3002649,207.99872
"PS(46:2) PS(22:1_24:1)",950.6821249,863.6500949,852.7052249,667.6963049,743.6912549,525.3315649,497.3002649,207.99872
"PS(47:1) PS(22:1_25:0)",966.7134249,879.6813949,868.7365249,683.7276049,759.7225549,541.3628649,497.3002649,207.99872
"PS(48:1) PS(22:1_26:0)",980.7290249,893.6969949,882.7521249,697.7432049,773.7381549,555.3784649,497.3002649,207.99872
"PS(44:4) PS(22:2_22:2)",918.6194249,831.5873949,820.6425249,635.6336049,711.6285549,495.2845649,495.2845649,207.99872
"PS(44:5) PS(22:2_22:3)",916.6038249,829.5717949,818.6269249,633.6180049,709.6129549,493.2689649,495.2845649,207.99872
"PS(44:6) PS(22:2_22:4)",914.5881249,827.5560949,816.6112249,631.6023049,707.5972549,491.2532649,495.2845649,207.99872
"PS(44:7) PS(22:2_22:5)",912.5725249,825.5404949,814.5956249,629.5867049,705.5816549,489.2376649,495.2845649,207.99872
"PS(44:8) PS(22:2_22:6)",910.5568249,823.5247949,812.5799249,627.5710049,703.5659549,487.2219649,495.2845649,207.99872
"PS(45:2) PS(22:2_23:0)",936.6664249,849.6343949,838.6895249,653.6806049,729.6755549,513.3315649,495.2845649,207.99872
"PS(46:2) PS(22:2_24:0)",950.6820249,863.6499949,852.7051249,667.6962049,743.6911549,527.3471649,495.2845649,207.99872
"PS(46:3) PS(22:2_24:1)",948.6664249,861.6343949,850.6895249,665.6806049,741.6755549,525.3315649,495.2845649,207.99872
"PS(47:2) PS(22:2_25:0)",964.6977249,877.6656949,866.7208249,681.7119049,757.7068549,541.3628649,495.2845649,207.99872
"PS(48:2) PS(22:2_26:0)",978.7133249,891.6812949,880.7364249,695.7275049,771.7224549,555.3784649,495.2845649,207.99872
"PS(44:6) PS(22:3_22:3)",914.5882249,827.5561949,816.6113249,631.6024049,707.5973549,493.2689649,493.2689649,207.99872
"PS(44:7) PS(22:3_22:4)",912.5725249,825.5404949,814.5956249,629.5867049,705.5816549,491.2532649,493.2689649,207.99872
"PS(44:8) PS(22:3_22:5)",910.5569249,823.5248949,812.5800249,627.5711049,703.5660549,489.2376649,493.2689649,207.99872
"PS(44:9) PS(22:3_22:6)",908.5412249,821.5091949,810.5643249,625.5554049,701.5503549,487.2219649,493.2689649,207.99872
"PS(45:3) PS(22:3_23:0)",934.6508249,847.6187949,836.6739249,651.6650049,727.6599549,513.3315649,493.2689649,207.99872
"PS(46:3) PS(22:3_24:0)",948.6664249,861.6343949,850.6895249,665.6806049,741.6755549,527.3471649,493.2689649,207.99872
"PS(46:4) PS(22:3_24:1)",946.6508249,859.6187949,848.6739249,663.6650049,739.6599549,525.3315649,493.2689649,207.99872
"PS(47:3) PS(22:3_25:0)",962.6821249,875.6500949,864.7052249,679.6963049,755.6912549,541.3628649,493.2689649,207.99872
"PS(48:3) PS(22:3_26:0)",976.6977249,889.6656949,878.7208249,693.7119049,769.7068549,555.3784649,493.2689649,207.99872
"PS(44:8) PS(22:4_22:4)",910.5568249,823.5247949,812.5799249,627.5710049,703.5659549,491.2532649,491.2532649,207.99872
"PS(44:9) PS(22:4_22:5)",908.5412249,821.5091949,810.5643249,625.5554049,701.5503549,489.2376649,491.2532649,207.99872
"PS(44:10) PS(22:4_22:6)",906.5255249,819.4934949,808.5486249,623.5397049,699.5346549,487.2219649,491.2532649,207.99872
"PS(45:4) PS(22:4_23:0)",932.6351249,845.6030949,834.6582249,649.6493049,725.6442549,513.3315649,491.2532649,207.99872
"PS(46:4) PS(22:4_24:0)",946.6507249,859.6186949,848.6738249,663.6649049,739.6598549,527.3471649,491.2532649,207.99872
"PS(46:5) PS(22:4_24:1)",944.6351249,857.6030949,846.6582249,661.6493049,737.6442549,525.3315649,491.2532649,207.99872
"PS(47:4) PS(22:4_25:0)",960.6664249,873.6343949,862.6895249,677.6806049,753.6755549,541.3628649,491.2532649,207.99872
"PS(48:4) PS(22:4_26:0)",974.6820249,887.6499949,876.7051249,691.6962049,767.6911549,555.3784649,491.2532649,207.99872
"PS(44:10) PS(22:5_22:5)",906.5256249,819.4935949,808.5487249,623.5398049,699.5347549,489.2376649,489.2376649,207.99872
"PS(44:11) PS(22:5_22:6)",904.5099249,817.4778949,806.5330249,621.5241049,697.5190549,487.2219649,489.2376649,207.99872
"PS(45:5) PS(22:5_23:0)",930.6195249,843.5874949,832.6426249,647.6337049,723.6286549,513.3315649,489.2376649,207.99872
"PS(46:5) PS(22:5_24:0)",944.6351249,857.6030949,846.6582249,661.6493049,737.6442549,527.3471649,489.2376649,207.99872
"PS(46:6) PS(22:5_24:1)",942.6195249,855.5874949,844.6426249,659.6337049,735.6286549,525.3315649,489.2376649,207.99872
"PS(47:5) PS(22:5_25:0)",958.6508249,871.6187949,860.6739249,675.6650049,751.6599549,541.3628649,489.2376649,207.99872
"PS(48:5) PS(22:5_26:0)",972.6664249,885.6343949,874.6895249,689.6806049,765.6755549,555.3784649,489.2376649,207.99872
"PS(44:12) PS(22:6_22:6)",902.4942249,815.4621949,804.5173249,619.5084049,695.5033549,487.2219649,487.2219649,207.99872
"PS(45:6) PS(22:6_23:0)",928.6038249,841.5717949,830.6269249,645.6180049,721.6129549,513.3315649,487.2219649,207.99872
"PS(46:6) PS(22:6_24:0)",942.6194249,855.5873949,844.6425249,659.6336049,735.6285549,527.3471649,487.2219649,207.99872
"PS(46:7) PS(22:6_24:1)",940.6038249,853.5717949,842.6269249,657.6180049,733.6129549,525.3315649,487.2219649,207.99872
"PS(47:6) PS(22:6_25:0)",956.6351249,869.6030949,858.6582249,673.6493049,749.6442549,541.3628649,487.2219649,207.99872
"PS(48:6) PS(22:6_26:0)",970.6507249,883.6186949,872.6738249,687.6649049,763.6598549,555.3784649,487.2219649,207.99872
"PS(46:0) PS(23:0_23:0)",954.7134249,867.6813949,856.7365249,671.7276049,747.7225549,513.3315649,513.3315649,207.99872
"PS(47:0) PS(23:0_24:0)",968.7290249,881.6969949,870.7521249,685.7432049,761.7381549,527.3471649,513.3315649,207.99872
"PS(47:1) PS(23:0_24:1)",966.7134249,879.6813949,868.7365249,683.7276049,759.7225549,525.3315649,513.3315649,207.99872
"PS(48:0) PS(23:0_25:0)",982.7447249,895.7126949,884.7678249,699.7589049,775.7538549,541.3628649,513.3315649,207.99872
"PS(49:0) PS(23:0_26:0)",996.7603249,909.7282949,898.7834249,713.7745049,789.7694549,555.3784649,513.3315649,207.99872
"PS(48:0) PS(24:0_24:0)",982.7446249,895.7125949,884.7677249,699.7588049,775.7537549,527.3471649,527.3471649,207.99872
"PS(48:1) PS(24:0_24:1)",980.7290249,893.6969949,882.7521249,697.7432049,773.7381549,525.3315649,527.3471649,207.99872
"PS(49:0) PS(24:0_25:0)",996.7603249,909.7282949,898.7834249,713.7745049,789.7694549,541.3628649,527.3471649,207.99872
"PS(50:0) PS(24:0_26:0)",1010.775925,923.7438949,912.7990249,727.7901049,803.7850549,555.3784649,527.3471649,207.99872
"PS(48:2) PS(24:1_24:1)",978.7134249,891.6813949,880.7365249,695.7276049,771.7225549,525.3315649,525.3315649,207.99872
"PS(49:1) PS(24:1_25:0)",994.7447249,907.7126949,896.7678249,711.7589049,787.7538549,541.3628649,525.3315649,207.99872
"PS(50:1) PS(24:1_26:0)",1008.760325,921.7282949,910.7834249,725.7745049,801.7694549,555.3784649,525.3315649,207.99872
"PS(50:0) PS(25:0_25:0)",1010.776025,923.7439949,912.7991249,727.7902049,803.7851549,541.3628649,541.3628649,207.99872
"PS(51:0) PS(25:0_26:0)",1024.791625,937.7595949,926.8147249,741.8058049,817.8007549,555.3784649,541.3628649,207.99872
"PS(52:0) PS(26:0_26:0)",1038.807225,951.7751949,940.8303249,755.8214049,831.8163549,555.3784649,555.3784649,207.99872
"scores",0.02,0.02,0.02,0.02,0.02,0.3,0.3,0.3
